photo_id,image_path,label,catalogue_item,item_id,catalogue_status,source_url,source_type,user_generated,sku_confidence,split,model_key,colour,brand,article_type,base_colour,equivalent_ids,n_equivalent,item_in_current_index,catalogue_url,conditions,label_note,screen_note,commons_title,commons_category,author,date,license,license_url,original_source,description,download_url,width,height,sha256
rw0001,images/catalogue/36617750_rw0001.jpg,air_force_1:black,Nike Air Force 1 '07 LX Women's Shoes,36617750,catalogue,https://commons.wikimedia.org/wiki/File%3ANIKE_AIR_WITH_BOX.jpg,wikimedia_commons_user_upload,yes,style_match,test,air_force_1,black,Nike,Casual Shoes,Black,36617750|36759648|21252102|13762910|44102367|29872455|30738900|33473135,8,True,https://www.myntra.com/Casual-Shoes/Nike/Nike-Air-Force-1-07-LX-Womens-Shoes/36617750/buy,cluttered_background,"black suede, shaggy carpet",black suede Air Force 1 on shaggy carpet with box,File:NIKE_AIR_WITH_BOX.jpg,Nike Air Force,Mahamuda kamal,30 June 2025,CC BY 4.0,https://creativecommons.org/licenses/by/4.0,Own work,"English: Box shoe, nike air",https://upload.wikimedia.org/wikipedia/commons/b/b7/NIKE_AIR_WITH_BOX.jpg,514,713,4fb7b2de255342fb639f1597b2bf1d87c858a881753664855a29f2ea02281bfd
rw0002,images/catalogue/36617758_rw0002.jpg,air_force_1:khaki,Nike Air Force 1 '07 Women's Shoes,36617758,catalogue,https://commons.wikimedia.org/wiki/File%3ANike_Air_Force_1_Low_Flax_2019.jpg,wikimedia_commons_user_upload,yes,style_match,test,air_force_1,khaki,Nike,Casual Shoes,Brown,36617758|38159168|38750810|38750819|40939393|40940218|30738876,7,True,https://www.myntra.com/Casual-Shoes/Nike/Nike-Air-Force-1-07-Womens-Shoes/36617758/buy,,Flax colourway,wheat Air Force 1 on wooden table,File:Nike_Air_Force_1_Low_Flax_2019.jpg,Nike Air Force,Mfagoaguna1,"2 February 2022, 07:52:00",CC BY-SA 4.0,https://creativecommons.org/licenses/by-sa/4.0,Own work,Euskara: 2019 urtean atera ziren Nike Air Force 1 Low Flax,https://upload.wikimedia.org/wikipedia/commons/thumb/8/81/Nike_Air_Force_1_Low_Flax_2019.jpg/1280px-Nike_Air_Force_1_Low_Flax_2019.jpg,1280,960,2ed25c1c3b860a31e2176c0a05749a56fde3d68a266094b76b533ea49850488c
rw0003,images/catalogue/34462810_rw0003.jpg,air_force_1:white,Nike Air Force 1 '07 Men's Shoes,34462810,catalogue,https://commons.wikimedia.org/wiki/File%3AAir_Force_1.JPG,wikimedia_commons_user_upload,yes,exact,test,air_force_1,white,Nike,Casual Shoes,White,13327736|36617792|38159177|38159555|38159154|38361202|40939421|40939395|40940203|40940211|40940209|41276138|41276154|23442184|13762880|43092196|43092250|43092204|43702300|43702265|25052700|26825010|30061783|34462810,24,False,https://www.myntra.com/Casual-Shoes/Nike/Nike-Air-Force-1-07-Mens-Shoes/34462810/buy,,on shoebox,white Air Force 1 on shoebox,File:Air_Force_1.JPG,Nike Air Force,Xanor,21 April 2011,CC0,http://creativecommons.org/publicdomain/zero/1.0/deed.en,Own work,"English: Classic basketball shoe ""Air Force 1"" by Nike. Svenska: Den klassiska basketskon ""Air Force 1"" från Nike.",https://upload.wikimedia.org/wikipedia/commons/thumb/5/5c/Air_Force_1.JPG/1280px-Air_Force_1.JPG,1280,960,08bdf2b7eb21458dee945c9b94e5c17a4f6a87a53830a3e087ef7618957f71e7
rw0004,images/catalogue/34462810_rw0004.jpg,air_force_1:white,Nike Air Force 1 '07 Men's Shoes,34462810,catalogue,https://commons.wikimedia.org/wiki/File%3ADessus_et_dessous_de_l%27AF1.jpg,wikimedia_commons_user_upload,yes,exact,test,air_force_1,white,Nike,Casual Shoes,White,13327736|36617792|38159177|38159555|38159154|38361202|40939421|40939395|40940203|40940211|40940209|41276138|41276154|23442184|13762880|43092196|43092250|43092204|43702300|43702265|25052700|26825010|30061783|34462810,24,False,https://www.myntra.com/Casual-Shoes/Nike/Nike-Air-Force-1-07-Mens-Shoes/34462810/buy,low_light,,"white Air Force 1 top and sole, dark surface",File:Dessus_et_dessous_de_l'AF1.jpg,Nike Air Force,HI 622,16 August 2019,CC BY-SA 4.0,https://creativecommons.org/licenses/by-sa/4.0,Own work,Français : Dessus et dessous de la Nike Air Force One.,https://upload.wikimedia.org/wikipedia/commons/thumb/9/9d/Dessus_et_dessous_de_l%27AF1.jpg/1280px-Dessus_et_dessous_de_l%27AF1.jpg,1280,960,9bdab8bf3d9ca6b6e733b212b0257d8316a2e1ab6b04af4a974294b885fc9d04
rw0005,images/catalogue/34462810_rw0005.jpg,air_force_1:white,Nike Air Force 1 '07 Men's Shoes,34462810,catalogue,https://commons.wikimedia.org/wiki/File%3ANikeAirForceOne07.jpg,wikimedia_commons_user_upload,yes,exact,test,air_force_1,white,Nike,Casual Shoes,White,13327736|36617792|38159177|38159555|38159154|38361202|40939421|40939395|40940203|40940211|40940209|41276138|41276154|23442184|13762880|43092196|43092250|43092204|43702300|43702265|25052700|26825010|30061783|34462810,24,False,https://www.myntra.com/Casual-Shoes/Nike/Nike-Air-Force-1-07-Mens-Shoes/34462810/buy,low_light,,"white Air Force 1 on grey box, dark",File:NikeAirForceOne07.jpg,Nike Air Force,Juicyfroot,4 June 2007,GFDL; CC BY-SA 3.0; CC BY-SA 2.5,http://www.gnu.org/copyleft/fdl.html,Own work,Nike Air Force 1 white low,https://upload.wikimedia.org/wikipedia/commons/8/8c/NikeAirForceOne07.jpg,800,600,ed962c5d10cbda426c7fd1dbc09de4a4a8573a69ddc64c18ee5f812a6d10a0f1
rw0006,images/catalogue/34462810_rw0006.jpg,air_force_1:white,Nike Air Force 1 '07 Men's Shoes,34462810,catalogue,https://commons.wikimedia.org/wiki/File%3ANike_AF1.JPG,wikimedia_commons_user_upload,yes,exact,test,air_force_1,white,Nike,Casual Shoes,White,13327736|36617792|38159177|38159555|38159154|38361202|40939421|40939395|40940203|40940211|40940209|41276138|41276154|23442184|13762880|43092196|43092250|43092204|43702300|43702265|25052700|26825010|30061783|34462810,24,False,https://www.myntra.com/Casual-Shoes/Nike/Nike-Air-Force-1-07-Mens-Shoes/34462810/buy,,,white Air Force 1 on grey box,File:Nike_AF1.JPG,Nike Air Force,The original uploader was Todoism at English Wikipedia .. Later version(s) were uploaded by Poison the Well at en.wikipedia .,8 December 2006 (first version); 2007-08-01 (last version),Public domain,,Transferred from en.wikipedia to Commons.,English: no original description,https://upload.wikimedia.org/wikipedia/commons/thumb/d/df/Nike_AF1.JPG/1280px-Nike_AF1.JPG,1280,720,a4c97b81b6915e273bed2a64bc2442f33d4ebc3ee374d5add0d00e1cefbca63a
rw0007,images/catalogue/34462810_rw0007.jpg,air_force_1:white,Nike Air Force 1 '07 Men's Shoes,34462810,catalogue,https://commons.wikimedia.org/wiki/File%3ANike_Air_Force_1%27s.jpg,wikimedia_commons_user_upload,yes,exact,test,air_force_1,white,Nike,Casual Shoes,White,13327736|36617792|38159177|38159555|38159154|38361202|40939421|40939395|40940203|40940211|40940209|41276138|41276154|23442184|13762880|43092196|43092250|43092204|43702300|43702265|25052700|26825010|30061783|34462810,24,False,https://www.myntra.com/Casual-Shoes/Nike/Nike-Air-Force-1-07-Mens-Shoes/34462810/buy,low_light,,"white Air Force 1 on cardboard box, dim room",File:Nike_Air_Force_1's.jpg,Nike Air Force,Fallout86453,9 March 2021,CC BY-SA 4.0,https://creativecommons.org/licenses/by-sa/4.0,Own work,English: Nike Air Force 1's,https://upload.wikimedia.org/wikipedia/commons/thumb/c/cb/Nike_Air_Force_1%27s.jpg/1280px-Nike_Air_Force_1%27s.jpg,1280,960,d1caec1c4dc38355f053f7ffce8968f828447923ed9d6e14be7eb9b66c63cbdb
rw0008,images/catalogue/34462810_rw0008.jpg,air_force_1:white,Nike Air Force 1 '07 Men's Shoes,34462810,catalogue,https://commons.wikimedia.org/wiki/File%3ANike_Air_Force_1.jpg,wikimedia_commons_user_upload,yes,exact,test,air_force_1,white,Nike,Casual Shoes,White,13327736|36617792|38159177|38159555|38159154|38361202|40939421|40939395|40940203|40940211|40940209|41276138|41276154|23442184|13762880|43092196|43092250|43092204|43702300|43702265|25052700|26825010|30061783|34462810,24,False,https://www.myntra.com/Casual-Shoes/Nike/Nike-Air-Force-1-07-Mens-Shoes/34462810/buy,hand_or_foot_in_frame|low_light,"off-white, worn","off-white Air Force 1 worn, low light",File:Nike_Air_Force_1.jpg,Nike Air Force,Timo Karipuu,29.8.2008 klo 01:53,Public domain,,Otin kuvan itse kotonani,Suomi: Description Nike Air Force 1.jpg,https://upload.wikimedia.org/wikipedia/commons/thumb/a/ab/Nike_Air_Force_1.jpg/1280px-Nike_Air_Force_1.jpg,1280,960,53e7f92cfd7d4ae13d0212dfd9dcc8c7fc4faabbfe19d672defb449655d2ec31
rw0009,images/catalogue/34462810_rw0009.png,air_force_1:white,Nike Air Force 1 '07 Men's Shoes,34462810,catalogue,https://commons.wikimedia.org/wiki/File%3ANike_Air_Force_1_%2707_LV8_%2853783096186%29.png,wikimedia_commons_user_upload,yes,exact,test,air_force_1,white,Nike,Casual Shoes,White,13327736|36617792|38159177|38159555|38159154|38361202|40939421|40939395|40940203|40940211|40940209|41276138|41276154|23442184|13762880|43092196|43092250|43092204|43702300|43702265|25052700|26825010|30061783|34462810,24,False,https://www.myntra.com/Casual-Shoes/Nike/Nike-Air-Force-1-07-Mens-Shoes/34462810/buy,low_light,,"white Air Force 1 on black box, dim",File:Nike_Air_Force_1_'07_LV8_(53783096186).png,Nike Air Force,38142119@N00,10 June 2024,CC BY 2.0,https://creativecommons.org/licenses/by/2.0,Nike Air Force 1 '07 LV8,"Originally designed in 1982 for basketball, this newer version of the shoe has golf-inspired details.",https://upload.wikimedia.org/wikipedia/commons/thumb/1/1e/Nike_Air_Force_1_%2707_LV8_%2853783096186%29.png/1280px-Nike_Air_Force_1_%2707_LV8_%2853783096186%29.png,1280,960,50bf82796490fa0cc56cbeb1bf7e6005d6fb8da12c44ada906ffdf7ed84dd92b
rw0010,images/catalogue/34462810_rw0010.jpg,air_force_1:white,Nike Air Force 1 '07 Men's Shoes,34462810,catalogue,https://commons.wikimedia.org/wiki/File%3ANike_air_Force_1_white_on_white.jpg,wikimedia_commons_user_upload,yes,exact,test,air_force_1,white,Nike,Casual Shoes,White,13327736|36617792|38159177|38159555|38159154|38361202|40939421|40939395|40940203|40940211|40940209|41276138|41276154|23442184|13762880|43092196|43092250|43092204|43702300|43702265|25052700|26825010|30061783|34462810,24,False,https://www.myntra.com/Casual-Shoes/Nike/Nike-Air-Force-1-07-Mens-Shoes/34462810/buy,cluttered_background,asphalt,"white Air Force 1 on asphalt, outdoor",File:Nike_air_Force_1_white_on_white.jpg,Nike Air Force,HI 622,17 August 2019,CC BY-SA 4.0,https://creativecommons.org/licenses/by-sa/4.0,Own work,Français : Nike air Force 1 white on white est la modèle le plus vendu.,https://upload.wikimedia.org/wikipedia/commons/thumb/7/7e/Nike_air_Force_1_white_on_white.jpg/1280px-Nike_air_Force_1_white_on_white.jpg,1280,960,d5e817bdd88c854a6e5d20e72494d0cb3c7dc1faa2590a0b52bb4e5e352d61f8
rw0011,images/catalogue/34462810_rw0011.jpg,air_force_1:white,Nike Air Force 1 '07 Men's Shoes,34462810,catalogue,https://commons.wikimedia.org/wiki/File%3AWhite_sneakers.jpg,wikimedia_commons_user_upload,yes,exact,test,air_force_1,white,Nike,Casual Shoes,White,13327736|36617792|38159177|38159555|38159154|38361202|40939421|40939395|40940203|40940211|40940209|41276138|41276154|23442184|13762880|43092196|43092250|43092204|43702300|43702265|25052700|26825010|30061783|34462810,24,False,https://www.myntra.com/Casual-Shoes/Nike/Nike-Air-Force-1-07-Mens-Shoes/34462810/buy,hand_or_foot_in_frame|off_angle,POV on grass,"white Air Force 1 worn, POV on grass",File:White_sneakers.jpg,Nike trainers,Maksim Sokolov and Melania Sokolova (Toronto),"30 April 2022, 14:05:07",CC BY-SA 4.0,https://creativecommons.org/licenses/by-sa/4.0,Own work,English: White sneakers,https://upload.wikimedia.org/wikipedia/commons/thumb/1/17/White_sneakers.jpg/1280px-White_sneakers.jpg,1280,853,e91f3ea21c6e0a9f568370968f59b21de0b3680405473793e00944f537df94bc
rw0012,images/catalogue/31177605_rw0012.jpg,air_max_1:multi,Nike Men Solid Air Max 1 Essential Men's Shoes,31177605,catalogue,https://commons.wikimedia.org/wiki/File%3AAir_Max_One_%C2%AB_Big_Bubble_%C2%BB.jpg,wikimedia_commons_user_upload,yes,style_match,test,air_max_1,multi,Nike,Casual Shoes,Black,31177605|31177625,2,False,https://www.myntra.com/Casual-Shoes/Nike/Nike-Men-Solid-Air-Max-1-Essential-Mens-Shoes/31177605/buy,,"red/white Air Max 1 on box; listed colourways are black, brown/sail",red/white Air Max 1 pair on box (Air Max 1 absent from catalogue),File:Air_Max_One_«_Big_Bubble_».jpg,Nike Air Max,HI 622,3 April 2023,CC BY-SA 4.0,https://creativecommons.org/licenses/by-sa/4.0,Own work,Français : Air Max One « Big Bubble »(DQ3989-100). Réédition de 2023. Le coussin d’air apparent permet de voir 4 unités d’air.,https://upload.wikimedia.org/wikipedia/commons/thumb/4/4d/Air_Max_One_%C2%AB_Big_Bubble_%C2%BB.jpg/1280px-Air_Max_One_%C2%AB_Big_Bubble_%C2%BB.jpg,1280,825,d44c9ee88cc860ee1fe90488be5db4b0d077465a19ec6a133430e9fc29a18390
rw0013,images/catalogue/31177605_rw0013.jpg,air_max_1:multi,Nike Men Solid Air Max 1 Essential Men's Shoes,31177605,catalogue,https://commons.wikimedia.org/wiki/File%3AMy_new_trainers_are_better_than_sex_%28424170770%29.jpg,wikimedia_commons_user_upload,yes,style_match,test,air_max_1,multi,Nike,Casual Shoes,Black,31177605|31177625,2,False,https://www.myntra.com/Casual-Shoes/Nike/Nike-Men-Solid-Air-Max-1-Essential-Mens-Shoes/31177605/buy,,teal/white Air Max 1; colourway not listed,teal/white Air Max 1 on yellow table (Air Max 1 absent from catalogue),File:My_new_trainers_are_better_than_sex_(424170770).jpg,Nike trainers,"tams from Brighton, UK","17 March 2007, 16:06",CC BY 2.0,https://creativecommons.org/licenses/by/2.0,My new trainers are better than sex,My new trainers are better than sex,https://upload.wikimedia.org/wikipedia/commons/thumb/f/fa/My_new_trainers_are_better_than_sex_%28424170770%29.jpg/1280px-My_new_trainers_are_better_than_sex_%28424170770%29.jpg,1280,960,903ee00771cff3dfa280ab49c053769c61ff9e75e58e823f351614413a2905d9
rw0014,images/catalogue/31177605_rw0014.png,air_max_1:multi,Nike Men Solid Air Max 1 Essential Men's Shoes,31177605,catalogue,https://commons.wikimedia.org/wiki/File%3ANike_Air_Max_1.png,wikimedia_commons_user_upload,yes,style_match,test,air_max_1,multi,Nike,Casual Shoes,Black,31177605|31177625,2,False,https://www.myntra.com/Casual-Shoes/Nike/Nike-Men-Solid-Air-Max-1-Essential-Mens-Shoes/31177605/buy,cluttered_background,red/white Air Max 1 outdoors; colourway not listed,"Air Max 1 red, outdoor ledge",File:Nike_Air_Max_1.png,Nike Air Max,Footshop,8 April 2015,CC BY-SA 4.0,https://creativecommons.org/licenses/by-sa/4.0,Own work,Slovenčina: Nike Air Max '87 známe ako Nike Air Max 1,https://upload.wikimedia.org/wikipedia/commons/3/36/Nike_Air_Max_1.png,478,332,430e02742a72b3c35539f9499b7e0b3c99847af961fe57cbcf3d4c0ad512d0f6
rw0015,images/catalogue/10715844_rw0015.png,air_max_270:black,Nike Men Black Air Max 270 Sneakers,10715844,catalogue,https://commons.wikimedia.org/wiki/File%3ANIKE_AIR_MAX_C27.png,wikimedia_commons_user_upload,yes,style_match,test,air_max_270,black,Nike,Casual Shoes,Black,10715844|36851784|2375666|26727570|34948150,5,True,https://www.myntra.com/Casual-Shoes/Nike/Nike-Men-Black-Air-Max-270-Sneakers/10715844/buy,hand_or_foot_in_frame,black/blue,"black/blue Air Max 270 worn, feet up",File:NIKE_AIR_MAX_C27.png,Nike Air Max 270,Luther King School Photos,17 March 2023,CC BY-SA 4.0,https://creativecommons.org/licenses/by-sa/4.0,Own work,English: Shoes,https://upload.wikimedia.org/wikipedia/commons/thumb/e/e8/NIKE_AIR_MAX_C27.png/1280px-NIKE_AIR_MAX_C27.png,1280,960,475b11a6585032d95cae9de5ff0e2679532f7dd9aef434c5507554de0d187f16
rw0016,images/catalogue/10715844_rw0016.jpg,air_max_270:black,Nike Men Black Air Max 270 Sneakers,10715844,catalogue,https://commons.wikimedia.org/wiki/File%3ANike_Air_270.jpg,wikimedia_commons_user_upload,yes,style_match,test,air_max_270,black,Nike,Casual Shoes,Black,10715844|36851784|2375666|26727570|34948150,5,True,https://www.myntra.com/Casual-Shoes/Nike/Nike-Men-Black-Air-Max-270-Sneakers/10715844/buy,,,black Air Max 270 on wooden table,File:Nike_Air_270.jpg,Nike Air Max 270,Mfagoaguna1,"2 February 2022, 07:52:44",CC BY-SA 4.0,https://creativecommons.org/licenses/by-sa/4.0,Own work,Euskara: Nike Air Max 270 beltz kolorean,https://upload.wikimedia.org/wikipedia/commons/thumb/0/0b/Nike_Air_270.jpg/1280px-Nike_Air_270.jpg,1280,960,ac603f6fdb21ed13c1aa1e7b0e76061074266667b2b85799463440d8905f9785
rw0017,images/catalogue/10715844_rw0017.jpg,air_max_270:blue,Nike Men Black Air Max 270 Sneakers,10715844,catalogue,https://commons.wikimedia.org/wiki/File%3ANike_Air_Max_270_BV2517-400.jpg,wikimedia_commons_user_upload,yes,style_match,test,air_max_270,blue,Nike,Casual Shoes,Black,10715844|36851784|2375666|26727570|34948150|34951357,6,True,https://www.myntra.com/Casual-Shoes/Nike/Nike-Men-Black-Air-Max-270-Sneakers/10715844/buy,cluttered_background,,blue Air Max 270 on outdoor bench,File:Nike_Air_Max_270_BV2517-400.jpg,Nike Air Max 270,HI 622,28 October 2018,CC BY-SA 4.0,https://creativecommons.org/licenses/by-sa/4.0,Own work,"Français : Nike Air Max 270 (BV2517-400 en 2018), aux couleurs des Warriors de Golden State.",https://upload.wikimedia.org/wikipedia/commons/thumb/c/c9/Nike_Air_Max_270_BV2517-400.jpg/1280px-Nike_Air_Max_270_BV2517-400.jpg,1280,960,23f4268fcad85b68cc1e1b233939ca4de76e91e17aa2658a983b264f744faa5a
rw0018,images/catalogue/10715844_rw0018.jpg,air_max_270:multi,Nike Men Black Air Max 270 Sneakers,10715844,catalogue,https://commons.wikimedia.org/wiki/File%3AAir_Max_270_Sail_Lilac_on_feet.jpg,wikimedia_commons_user_upload,yes,style_match,test,air_max_270,multi,Nike,Casual Shoes,Black,10715844|36851784|2375666|26727570|34948150|34951357,6,True,https://www.myntra.com/Casual-Shoes/Nike/Nike-Men-Black-Air-Max-270-Sneakers/10715844/buy,hand_or_foot_in_frame,sail/lilac,white/purple Air Max 270 worn on pavement,File:Air_Max_270_Sail_Lilac_on_feet.jpg,Nike Air Max 270,Techn1ciaN-A1-,26 May 2019,CC BY-SA 4.0,https://creativecommons.org/licenses/by-sa/4.0,Own work,"English: A pair of Nike Air Max 270 shoes in the ""Sail Lilac"" colorway are shown being worn.",https://upload.wikimedia.org/wikipedia/commons/thumb/3/38/Air_Max_270_Sail_Lilac_on_feet.jpg/1280px-Air_Max_270_Sail_Lilac_on_feet.jpg,1280,673,87566940e0983bc72cc51cf54744eae46f7b59b30760f5dcc3603b01c2358d49
rw0019,images/catalogue/10715844_rw0019.jpg,air_max_270:multi,Nike Men Black Air Max 270 Sneakers,10715844,catalogue,https://commons.wikimedia.org/wiki/File%3AAir_Max_270_dusty_cactus.jpg,wikimedia_commons_user_upload,yes,style_match,test,air_max_270,multi,Nike,Casual Shoes,Black,10715844|36851784|2375666|26727570|34948150|34951357,6,True,https://www.myntra.com/Casual-Shoes/Nike/Nike-Men-Black-Air-Max-270-Sneakers/10715844/buy,cluttered_background,white/teal,"white/teal Air Max 270 on rock, park",File:Air_Max_270_dusty_cactus.jpg,Nike Air Max 270,HI 622,15 December 2018,CC BY-SA 4.0,https://creativecommons.org/licenses/by-sa/4.0,Own work,"Français : Air Max 270 dusty cactus (AH8050-001). Ce modèle, l'un des premiers, fut choisi pour la campagne promotionnelle en mars 2018.",https://upload.wikimedia.org/wikipedia/commons/thumb/b/be/Air_Max_270_dusty_cactus.jpg/1280px-Air_Max_270_dusty_cactus.jpg,1280,960,81af82b236afb16f9295b3a50e715d7689bd22e2622078f1c38b248580740e1e
rw0020,images/catalogue/11979920_rw0020.jpg,air_max_90:black,Nike   Men Air Max 90 Running Shoes,11979920,catalogue,https://commons.wikimedia.org/wiki/File%3ANike_Air_Max_90.jpg,wikimedia_commons_user_upload,yes,style_match,dev,air_max_90,black,Nike,Sports Shoes,Black,11979920|36791614|24109728|44102382|44102391|45710092|16274206|34999758,8,True,https://www.myntra.com/Sports-Shoes/Nike/Nike---Men-Air-Max-90-Running-Shoes/11979920/buy,,wooden table,black Air Max 90 on wooden table,File:Nike_Air_Max_90.jpg,Nike Air Max,Mfagoaguna1,"2 February 2022, 07:52:19",CC BY-SA 4.0,https://creativecommons.org/licenses/by-sa/4.0,Own work,Euskara: Nike Air Max 90 beltz kolorean,https://upload.wikimedia.org/wikipedia/commons/thumb/b/b3/Nike_Air_Max_90.jpg/1280px-Nike_Air_Max_90.jpg,1280,960,ccc874434c56af28d6092e4414f3f439df207a3c853b7bbb3877dc5444ef9ae7
rw0021,images/catalogue/12738510_rw0021.jpg,air_max_90:multi,Nike Men White AIR MAX 90 Sneakers,12738510,catalogue,https://commons.wikimedia.org/wiki/File%3ACopper_%2B_Fluorescent_Green_%283327047072%29.jpg,wikimedia_commons_user_upload,yes,style_match,test,air_max_90,multi,Nike,Casual Shoes,White,11979920|12738510|36555028|36791614|37074913|38159519|38433800|40939405|40939402|40939417|40940215|41276145|24109728|43092190|44102382|44102391|45710092|45710093|16274206|33475135|34033791|34948187|34951290|34999758,24,True,https://www.myntra.com/Casual-Shoes/Nike/Nike-Men-White-AIR-MAX-90-Sneakers/12738510/buy,hand_or_foot_in_frame|partial_occlusion,"bronze/volt, held in hand",bronze/volt Air Max 90 held with phone (hand occlusion),File:Copper_+_Fluorescent_Green_(3327047072).jpg,Nike Air Max,Incase,"3 March 2009, 02:26",CC BY 2.0,https://creativecommons.org/licenses/by/2.0,Copper + Fluorescent Green,Gotta match the kicks!,https://upload.wikimedia.org/wikipedia/commons/thumb/3/3d/Copper_%2B_Fluorescent_Green_%283327047072%29.jpg/1280px-Copper_%2B_Fluorescent_Green_%283327047072%29.jpg,1280,960,5a3ac1c92b7d40c83cbc11b9eb4ec7f19a3b8d0f5d29e9b554add9fc079b6735
rw0022,images/catalogue/38433800_rw0022.jpg,air_max_90:pink,Nike Air Max 90 Women's Shoes,38433800,catalogue,https://commons.wikimedia.org/wiki/File%3AShoe_Reference_-51_%2851996289034%29.jpg,wikimedia_commons_user_upload,yes,exact,dev,air_max_90,pink,Nike,Casual Shoes,Pink,38433800|40940215,2,False,https://www.myntra.com/Casual-Shoes/Nike/Nike-Air-Max-90-Womens-Shoes/38433800/buy,hand_or_foot_in_frame|cluttered_background,dirt and straw,pink Air Max 90 worn on dirt with straw,File:Shoe_Reference_-51_(51996289034).jpg,Nike trainers,"Art Prof from Salt Lake City, UT","9 April 2022, 18:11",CC BY 2.0,https://creativecommons.org/licenses/by/2.0,Shoe Reference #51,Shoe Reference #51,https://upload.wikimedia.org/wikipedia/commons/thumb/d/dc/Shoe_Reference_-51_%2851996289034%29.jpg/1280px-Shoe_Reference_-51_%2851996289034%29.jpg,1280,970,b3a2c73d58006518d7a9211d143bc2a478413df3d0fc58103d77a78fbab3c5b5
rw0023,images/catalogue/12738510_rw0023.jpg,air_max_90:red,Nike Men White AIR MAX 90 Sneakers,12738510,catalogue,https://commons.wikimedia.org/wiki/File%3APaar_Nike_sneakers%2C_type_Nike_Air_Max%2C_kleuren_wit%2C_rood_en_roze%2C_maat_40%2C5%2C_objectnr_86986-4.A-B.JPG,wikimedia_commons_user_upload,yes,style_match,test,air_max_90,red,Nike,Casual Shoes,White,11979920|12738510|36555028|36791614|37074913|38159519|38433800|40939405|40939402|40939417|40940215|41276145|24109728|43092190|44102382|44102391|45710092|45710093|16274206|33475135|34033791|34948187|34951290|34999758,24,True,https://www.myntra.com/Casual-Shoes/Nike/Nike-Men-White-AIR-MAX-90-Sneakers/12738510/buy,,red/white; listed red is Futura,"red/white Air Max 90 pair, grey backdrop","File:Paar_Nike_sneakers,_type_Nike_Air_Max,_kleuren_wit,_rood_en_roze,_maat_40,5,_objectnr_86986-4.A-B.JPG",Nike Air Max,Nike,2008,CC BY-SA 3.0,https://creativecommons.org/licenses/by-sa/3.0,https://museumrotterdam.nl/collectie/item/86986-4.A-B,"Nederlands: Objectgegevens Titel: Paar Nike sneakers, type Nike Air Max, kleuren wit, rood en roze, maat 40,5 Beschrijving: Paar Nike sneakers, type Nike Air Max. Kleuren wit, rood en roze. Maat 40,5. Aan de binnenkant van beide schoenen is op de zool een afbeelding van een vrouw te zien. De schoene",https://upload.wikimedia.org/wikipedia/commons/thumb/3/3c/Paar_Nike_sneakers%2C_type_Nike_Air_Max%2C_kleuren_wit%2C_rood_en_roze%2C_maat_40%2C5%2C_objectnr_86986-4.A-B.JPG/1280px-Paar_Nike_sneakers%2C_type_Nike_Air_Max%2C_kleuren_wit%2C_rood_en_roze%2C_maat_40%2C5%2C_objectnr_86986-4.A-B.JPG,1280,857,b7b6516a7a5aa6f8b68b9af0972144586cafd4432615fd02cb7142f8d41d4a72
rw0024,images/catalogue/12738510_rw0024.png,air_max_90:white,Nike Men White AIR MAX 90 Sneakers,12738510,catalogue,https://commons.wikimedia.org/wiki/File%3AAir_Max_90.png,wikimedia_commons_user_upload,yes,style_match,test,air_max_90,white,Nike,Casual Shoes,White,12738510|38159519|40939405|40939402|40939417|43092190|33475135|34948187|34951290,9,True,https://www.myntra.com/Casual-Shoes/Nike/Nike-Men-White-AIR-MAX-90-Sneakers/12738510/buy,,white/black/red,"white/black/red Air Max 90, grey backdrop indoor",File:Air_Max_90.png,Nike Air Max,Footshop,8 April 2015,CC BY-SA 4.0,https://creativecommons.org/licenses/by-sa/4.0,Own work,Slovenčina: Nike Air Max '90 alebo Nike Air Max III,https://upload.wikimedia.org/wikipedia/commons/e/e2/Air_Max_90.png,472,349,c68fb052bdd46b8875794e5dc3b7fbdb54a0486afa1836811e284c0e3f3a3a5e
rw0025,images/catalogue/12738510_rw0025.jpg,air_max_90:white,Nike Men White AIR MAX 90 Sneakers,12738510,catalogue,https://commons.wikimedia.org/wiki/File%3AAir_max_90.JPG,wikimedia_commons_user_upload,yes,style_match,test,air_max_90,white,Nike,Casual Shoes,White,12738510|38159519|40939405|40939402|40939417|43092190|33475135|34948187|34951290,9,True,https://www.myntra.com/Casual-Shoes/Nike/Nike-Men-White-AIR-MAX-90-Sneakers/12738510/buy,,,"white Air Max 90 on floor, indoor",File:Air_max_90.JPG,Nike Air Max,Mr._Carter4 ( talk ) ( Uploads ),6 January 2009,Public domain,,Own work,English: my new air max,https://upload.wikimedia.org/wikipedia/commons/a/ae/Air_max_90.JPG,1600,1200,fb4d0ee6877acd6cce2c51feb922f350e8b3b9715871e5640219308be528475a
rw0026,images/catalogue/12738510_rw0026.jpg,air_max_90:white,Nike Men White AIR MAX 90 Sneakers,12738510,catalogue,https://commons.wikimedia.org/wiki/File%3ANike_Air_Max_90_Infrared_%284805905007%29.jpg,wikimedia_commons_user_upload,yes,style_match,test,air_max_90,white,Nike,Casual Shoes,White,12738510|38159519|40939405|40939402|40939417|43092190|33475135|34948187|34951290,9,True,https://www.myntra.com/Casual-Shoes/Nike/Nike-Men-White-AIR-MAX-90-Sneakers/12738510/buy,partial_occlusion,Infrared OG colourway,Air Max 90 Infrared in shoebox,File:Nike_Air_Max_90_Infrared_(4805905007).jpg,Nike Air Max,Christian H.,"18 July 2010, 02:20",CC BY 2.0,https://creativecommons.org/licenses/by/2.0,Nike Air Max 90 Infrared,"Since I didnt get the chance to grab a pair last time these were ""retro-ed"" I am happy to have a pair now to add to my current collection :-).",https://upload.wikimedia.org/wikipedia/commons/thumb/b/b0/Nike_Air_Max_90_Infrared_%284805905007%29.jpg/1280px-Nike_Air_Max_90_Infrared_%284805905007%29.jpg,1280,960,87af23d59ca812faff1d9262b57d412fc0141a9bb9df62a104c9058bb7070e92
rw0027,images/catalogue/12738510_rw0027.jpg,air_max_90:white,Nike Men White AIR MAX 90 Sneakers,12738510,catalogue,https://commons.wikimedia.org/wiki/File%3ANike_Air_Max_90_women_-_white.jpg,wikimedia_commons_user_upload,yes,exact,test,air_max_90,white,Nike,Casual Shoes,White,12738510|38159519|40939405|40939402|40939417|43092190|33475135|34948187|34951290,9,True,https://www.myntra.com/Casual-Shoes/Nike/Nike-Men-White-AIR-MAX-90-Sneakers/12738510/buy,low_light,,white Air Max 90 pair on black,File:Nike_Air_Max_90_women_-_white.jpg,Nike Air Max,Ssu,"30 May 2022, 08:03:10",CC BY-SA 4.0,https://creativecommons.org/licenses/by-sa/4.0,Own work,Norsk bokmål: Nike Air Max 90 women - white,https://upload.wikimedia.org/wikipedia/commons/thumb/f/fa/Nike_Air_Max_90_women_-_white.jpg/1280px-Nike_Air_Max_90_women_-_white.jpg,1280,960,28fa85098c9fde9d53cec9209820fc0a3fccba15e5bdae3ce8cd29009ddbac9d
rw0028,images/catalogue/12738510_rw0028.jpg,air_max_90:white,Nike Men White AIR MAX 90 Sneakers,12738510,catalogue,https://commons.wikimedia.org/wiki/File%3ANike_Air_Max_III_1990.jpg,wikimedia_commons_user_upload,yes,style_match,test,air_max_90,white,Nike,Casual Shoes,White,12738510|38159519|40939405|40939402|40939417|43092190|33475135|34948187|34951290,9,True,https://www.myntra.com/Casual-Shoes/Nike/Nike-Men-White-AIR-MAX-90-Sneakers/12738510/buy,,Infrared OG colourway,white/red Air Max 90 on red shoebox,File:Nike_Air_Max_III_1990.jpg,Nike Air Max,Warinhari,"4 June 2021, 14:53:51",CC BY-SA 4.0,https://creativecommons.org/licenses/by-sa/4.0,Own work,English: The 1990 Nike Air Max III cross-training shoe.,https://upload.wikimedia.org/wikipedia/commons/thumb/2/2d/Nike_Air_Max_III_1990.jpg/1280px-Nike_Air_Max_III_1990.jpg,1280,681,637f73f9f04ee1a72e1968c91149c33b2cb2908f96b967abbde8ef38774baf7f
rw0029,images/catalogue/34951298_rw0029.jpg,air_max_ltd:black,Nike Air Max LTD 3 Men Shoes,34951298,catalogue,https://commons.wikimedia.org/wiki/File%3AAir_Max_ltd_2.jpg,wikimedia_commons_user_upload,yes,style_match,test,air_max_ltd,black,Nike,Casual Shoes,Black,34951298,1,False,https://www.myntra.com/Casual-Shoes/Nike/Nike-Air-Max-LTD-3-Men-Shoes/34951298/buy,,LTD 2; catalogue lists LTD 3,"grey/black Air Max LTD on floor, window light",File:Air_Max_ltd_2.jpg,Nike Air Max,Mr._Carter4 ( talk ) ( Uploads ),6 January 2009,Public domain,,Own work,muaath's new air max,https://upload.wikimedia.org/wikipedia/commons/4/4f/Air_Max_ltd_2.jpg,1600,1200,3b87435d82f2c24b7c80c8e7264ec1237c9a6bdb9cfe665f8f202f0f3cc589ff
rw0030,images/catalogue/11648052_rw0030.jpg,birkenstock_boston:brown,Birkenstock Boston Natural Leather Dark Brown Round Toe Clogs,11648052,catalogue,https://commons.wikimedia.org/wiki/File%3ABirkenstocks.jpg,wikimedia_commons_user_upload,yes,exact,test,birkenstock_boston,brown,Birkenstock,Casual Shoes,Brown,11661978|11648052|24583970,3,True,https://www.myntra.com/Casual-Shoes/Birkenstock/Birkenstock-Boston-Natural-Leather-Dark-Brown-Round-Toe-Clogs/11648052/buy,worn_dirty,dark brown leather,"dark brown leather Birkenstock Boston, old and worn",File:Birkenstocks.jpg,Birkenstock shoes,"Kris from Seattle, USA","24 April 2005, 17:46:52",CC BY 2.0,https://creativecommons.org/licenses/by/2.0,Flickr,Deutsch: Birkenstockschuhe. Español: Zapatos Birkenstock. Birkenstocks,https://upload.wikimedia.org/wikipedia/commons/a/ad/Birkenstocks.jpg,640,480,531fc690de36622b30f88b79e10c1bd110935c0593c0af5c28b2f4d3a24c7b9b
rw0031,images/catalogue/11648052_rw0031.jpg,birkenstock_boston:khaki,Birkenstock Boston Natural Leather Dark Brown Round Toe Clogs,11648052,catalogue,https://commons.wikimedia.org/wiki/File%3ABirkenstock_Sandals_CNE_01.jpg,wikimedia_commons_user_upload,yes,style_match,test,birkenstock_boston,khaki,Birkenstock,Casual Shoes,Brown,11661978|11648052|24583970|24584082,4,True,https://www.myntra.com/Casual-Shoes/Birkenstock/Birkenstock-Boston-Natural-Leather-Dark-Brown-Round-Toe-Clogs/11648052/buy,hand_or_foot_in_frame|partial_occlusion,taupe suede held in hand,"taupe suede Birkenstock Boston held in hand, insole view",File:Birkenstock_Sandals_CNE_01.jpg,Birkenstock shoes,CNEcija12345,25 March 2025,CC BY-SA 4.0,https://creativecommons.org/licenses/by-sa/4.0,Own work,English: Birkenstock Sandals,https://upload.wikimedia.org/wikipedia/commons/thumb/a/a2/Birkenstock_Sandals_CNE_01.jpg/1280px-Birkenstock_Sandals_CNE_01.jpg,1280,2545,17733643141a2f39704bf69772254c9747a81c8712e38157c8cdb8adba681f69
rw0032,images/catalogue/34951346_rw0032.jpg,blazer_mid:navy,Nike SB Zoom Blazer Mid Skate Shoes,34951346,catalogue,https://commons.wikimedia.org/wiki/File%3A2012_Nike_Blazers.JPG,wikimedia_commons_user_upload,yes,style_match,test,blazer_mid,navy,Nike,Casual Shoes,Black,34951346|34951351,2,False,https://www.myntra.com/Casual-Shoes/Nike/Nike-SB-Zoom-Blazer-Mid-Skate-Shoes/34951346/buy,,navy suede; catalogue lists black SB Blazer Mid,navy suede Blazer Mid on Nike box,File:2012_Nike_Blazers.JPG,Nike trainers,Corvettec6r,26 May 2011,CC0,http://creativecommons.org/publicdomain/zero/1.0/deed.en,Own work,English: Nike Blazers italian version,https://upload.wikimedia.org/wikipedia/commons/thumb/7/74/2012_Nike_Blazers.JPG/1280px-2012_Nike_Blazers.JPG,1280,1123,93b55d8f9e3ec6f30ba1bfe67a3576a3ec4dd5ccf2b32e0dec2584f426b651af
rw0033,images/catalogue/23059422_rw0033.jpg,chuck_hi:black,Converse Unisex Chuck Taylor All Star High Top Sneakers,23059422,catalogue,https://commons.wikimedia.org/wiki/File%3AA_classic_Black_pair_of_Converse_All_Stars_resting_on_the_Black_%26_White_Ed._Shoebox_%281998-2002%29.JPG,wikimedia_commons_user_upload,yes,style_match,test,chuck_hi,black,Converse,Casual Shoes,Black,39088765|23059430|23059422|43104111|43104118|43104103|43104147|43104074|43104189|44122500|25850022|28010318|28010306|30979715,14,False,https://www.myntra.com/Casual-Shoes/Converse/Converse-Unisex-Chuck-Taylor-All-Star-Hi-Top-Sneakers/23059422/buy,,"file says black, looks navy: colour ambiguous","navy hi-top on shoebox, indoor",File:A_classic_Black_pair_of_Converse_All_Stars_resting_on_the_Black_&_White_Ed._Shoebox_(1998-2002).JPG,Chuck Taylor All-Stars (high-top),Hadley1978 at English Wikipedia,18 November 2006 (original upload date),Public domain,,Transferred from en.wikipedia to Commons.,A classic dark blue pair of Converse All-Stars resting on the Black & White Ed. Shoebox (1998-2002),https://upload.wikimedia.org/wikipedia/commons/a/a8/A_classic_Black_pair_of_Converse_All_Stars_resting_on_the_Black_%26_White_Ed._Shoebox_%281998-2002%29.JPG,480,640,790852f7abba6900060ad86014a4abf75900ded9bf00564820c7f6673460127b
rw0034,images/catalogue/23059422_rw0034.jpg,chuck_hi:black,Converse Unisex Chuck Taylor All Star High Top Sneakers,23059422,catalogue,https://commons.wikimedia.org/wiki/File%3ABlack_Chuck_Taylors.jpg,wikimedia_commons_user_upload,yes,exact,test,chuck_hi,black,Converse,Casual Shoes,Black,39088765|23059430|23059422|43104111|43104118|43104103|43104147|43104074|43104189|44122500|25850022|28010318|28010306|30979715,14,False,https://www.myntra.com/Casual-Shoes/Converse/Converse-Unisex-Chuck-Taylor-All-Star-Hi-Top-Sneakers/23059422/buy,cropped_item,close indoor,"black hi-top close, indoor",File:Black_Chuck_Taylors.jpg,Chuck Taylor All-Stars (high-top),"Jon Oakley from Eaglescliffe, England","7 December 2007, 01:54",CC BY 2.0,https://creativecommons.org/licenses/by/2.0,my new converse,"For some reason whenever I buy new converse, I have to take photos. They are shoes of such beauty, I can't wear them until they are totally documented!!!",https://upload.wikimedia.org/wikipedia/commons/thumb/e/ea/Black_Chuck_Taylors.jpg/1280px-Black_Chuck_Taylors.jpg,1280,855,db3ce9c6460cfc70090f2041292869fdb9ff14bda46b1dc5ee159e72102e823a
rw0035,images/catalogue/23059422_rw0035.jpg,chuck_hi:black,Converse Unisex Chuck Taylor All Star High Top Sneakers,23059422,catalogue,https://commons.wikimedia.org/wiki/File%3AConverseFields%28byIlhamRahmansyah%29.jpg,wikimedia_commons_user_upload,yes,exact,test,chuck_hi,black,Converse,Casual Shoes,Black,39088765|23059430|23059422|43104111|43104118|43104103|43104147|43104074|43104189|44122500|25850022|28010318|28010306|30979715,14,False,https://www.myntra.com/Casual-Shoes/Converse/Converse-Unisex-Chuck-Taylor-All-Star-Hi-Top-Sneakers/23059422/buy,hand_or_foot_in_frame|off_angle,POV park field,"black hi-top worn POV, dry park field",File:ConverseFields(byIlhamRahmansyah).jpg,People with Chuck Taylor All-Stars,Ilham Rahmansyah,1 March 2012,CC0,http://creativecommons.org/publicdomain/zero/1.0/deed.en,"Alternative: Unsplash , ilhamrahmansyah http://unsplash.com/post/60731079986/download-by-ilham-rahmansyah http://unsplash.s3.amazonaws.com/batch%2011/converse-fields.jpg",Esperanto: Vido al urba parko kun aŭtune seka gazono kaj senfoliaj arboj kie homoj ludas diste preter la ŝuoj de la kuŝanta fotinto.,https://upload.wikimedia.org/wikipedia/commons/thumb/6/60/ConverseFields%28byIlhamRahmansyah%29.jpg/1280px-ConverseFields%28byIlhamRahmansyah%29.jpg,1280,956,cbf37acf628f0ceec75d4c663dbfd5ba2d2a40a429f71ea55bf30ff5a34530fd
rw0036,images/catalogue/23059422_rw0036.jpg,chuck_hi:black,Converse Unisex Chuck Taylor All Star High Top Sneakers,23059422,catalogue,https://commons.wikimedia.org/wiki/File%3AConverse_All_Star_Black_Patent_High_%284649853842%29.jpg,wikimedia_commons_user_upload,yes,style_match,test,chuck_hi,black,Converse,Casual Shoes,Black,39088765|23059430|23059422|43104111|43104118|43104103|43104147|43104074|43104189|44122500|25850022|28010318|28010306|30979715,14,False,https://www.myntra.com/Casual-Shoes/Converse/Converse-Unisex-Chuck-Taylor-All-Star-Hi-Top-Sneakers/23059422/buy,off_angle|specular_reflection,"patent-leather edition, not listed","black hi-top pair, top-down, wood floor (series A)",File:Converse_All_Star_Black_Patent_High_(4649853842).jpg,Chuck Taylor All-Stars (high-top),"Magnus D from London, United Kingdom","29 May 2010, 10:32",CC BY 2.0,https://creativecommons.org/licenses/by/2.0,Converse All Star Black Patent High,Converse All Star Black Patent High,https://upload.wikimedia.org/wikipedia/commons/thumb/d/dc/Converse_All_Star_Black_Patent_High_%284649853842%29.jpg/1280px-Converse_All_Star_Black_Patent_High_%284649853842%29.jpg,1280,1280,e6db3484dc98dff6273936270f230d44785ab62f6e6fa0a55e9f6cc08cdeb503
rw0037,images/catalogue/23059422_rw0037.jpg,chuck_hi:black,Converse Unisex Chuck Taylor All Star High Top Sneakers,23059422,catalogue,https://commons.wikimedia.org/wiki/File%3AConverseheel2.JPG,wikimedia_commons_user_upload,yes,exact,test,chuck_hi,black,Converse,Casual Shoes,Black,39088765|23059430|23059422|43104111|43104118|43104103|43104147|43104074|43104189|44122500|25850022|28010318|28010306|30979715,14,False,https://www.myntra.com/Casual-Shoes/Converse/Converse-Unisex-Chuck-Taylor-All-Star-Hi-Top-Sneakers/23059422/buy,,grey carpet,"black hi-top on grey carpet, indoor",File:Converseheel2.JPG,Chuck Taylor All-Stars (high-top),Tinton5,18 December 2011,CC BY-SA 3.0; GFDL,https://creativecommons.org/licenses/by-sa/3.0,Own work,English: Pair of Converse Chuck Taylor shoes,https://upload.wikimedia.org/wikipedia/commons/2/27/Converseheel2.JPG,1600,1200,c24f9d8eb6b1196374b92eba5fd8cc016a0d458bc47041109a8e5854628d50ca
rw0038,images/catalogue/23059422_rw0038.jpg,chuck_hi:black,Converse Unisex Chuck Taylor All Star High Top Sneakers,23059422,catalogue,https://commons.wikimedia.org/wiki/File%3AConverseshoes3.JPG,wikimedia_commons_user_upload,yes,exact,test,chuck_hi,black,Converse,Casual Shoes,Black,39088765|23059430|23059422|43104111|43104118|43104103|43104147|43104074|43104189|44122500|25850022|28010318|28010306|30979715,14,False,https://www.myntra.com/Casual-Shoes/Converse/Converse-Unisex-Chuck-Taylor-All-Star-Hi-Top-Sneakers/23059422/buy,worn_dirty|off_angle,top-down,"black hi-top pair, worn, carpet, top-down",File:Converseshoes3.JPG,Chuck Taylor All-Stars,Tinton5,18 December 2011,CC BY-SA 3.0; GFDL,https://creativecommons.org/licenses/by-sa/3.0,Own work,English: Converse Chuck Taylor shoes,https://upload.wikimedia.org/wikipedia/commons/f/f7/Converseshoes3.JPG,1600,1200,049414c5e82da2e3da79cfedfcee4db3cef37ae3db0d2132ab081076fe207512
rw0039,images/catalogue/23059422_rw0039.jpg,chuck_hi:black,Converse Unisex Chuck Taylor All Star High Top Sneakers,23059422,catalogue,https://commons.wikimedia.org/wiki/File%3AFeet_dangling_from_a_building_%28Unsplash%29.jpg,wikimedia_commons_user_upload,yes,exact,test,chuck_hi,black,Converse,Casual Shoes,Black,39088765|23059430|23059422|43104111|43104118|43104103|43104147|43104074|43104189|44122500|25850022|28010318|28010306|30979715,14,False,https://www.myntra.com/Casual-Shoes/Converse/Converse-Unisex-Chuck-Taylor-All-Star-Hi-Top-Sneakers/23059422/buy,hand_or_foot_in_frame|cluttered_background,POV over street,"black hi-top worn, POV over city street from height",File:Feet_dangling_from_a_building_(Unsplash).jpg,People with Chuck Taylor All-Stars,Jake Ingle ingle_jake,14 April 2016,CC0,http://creativecommons.org/publicdomain/zero/1.0/deed.en,https://unsplash.com/photos/s-t1oJXKYI4 Image at the Wayback Machine Gallery at the Wayback Machine,English: Jake Ingle 2016-04-14,https://upload.wikimedia.org/wikipedia/commons/thumb/4/40/Feet_dangling_from_a_building_%28Unsplash%29.jpg/1280px-Feet_dangling_from_a_building_%28Unsplash%29.jpg,1280,853,a94200c9d5aac0df08185e67ecb73d98fbd75f505769f773e705c61068e2e488
rw0040,images/catalogue/23059422_rw0040.jpg,chuck_hi:black,Converse Unisex Chuck Taylor All Star High Top Sneakers,23059422,catalogue,https://commons.wikimedia.org/wiki/File%3AMt._Fuji_cycling_memories_%28cropped%3B_blue_jeans_and_a_pair_of_Chucks%29.jpg,wikimedia_commons_user_upload,yes,exact,test,chuck_hi,black,Converse,Casual Shoes,Black,39088765|23059430|23059422|43104111|43104118|43104103|43104147|43104074|43104189|44122500|25850022|28010318|28010306|30979715,14,False,https://www.myntra.com/Casual-Shoes/Converse/Converse-Unisex-Chuck-Taylor-All-Star-Hi-Top-Sneakers/23059422/buy,hand_or_foot_in_frame|small_in_frame,"worn, lakeshore","black hi-top worn, lakeshore",File:Mt._Fuji_cycling_memories_(cropped;_blue_jeans_and_a_pair_of_Chucks).jpg,Chuck Taylor All-Stars,sergejf,"31 October 2024, 04:54:25",CC BY 2.0,https://creativecommons.org/licenses/by/2.0,https://www.flickr.com/photos/7942389@N04/54315640503/,English: Journey to Japan,https://upload.wikimedia.org/wikipedia/commons/thumb/d/d9/Mt._Fuji_cycling_memories_%28cropped%3B_blue_jeans_and_a_pair_of_Chucks%29.jpg/1280px-Mt._Fuji_cycling_memories_%28cropped%3B_blue_jeans_and_a_pair_of_Chucks%29.jpg,1280,1922,ac254614bd2ce70be46e44ef5744562226dbc2adebc64b89fef5b32111a80534
rw0041,images/catalogue/23059422_rw0041.jpg,chuck_hi:black,Converse Unisex Chuck Taylor All Star High Top Sneakers,23059422,catalogue,https://commons.wikimedia.org/wiki/File%3ANZChucks.jpg,wikimedia_commons_user_upload,yes,exact,test,chuck_hi,black,Converse,Casual Shoes,Black,39088765|23059430|23059422|43104111|43104118|43104103|43104147|43104074|43104189|44122500|25850022|28010318|28010306|30979715,14,False,https://www.myntra.com/Casual-Shoes/Converse/Converse-Unisex-Chuck-Taylor-All-Star-Hi-Top-Sneakers/23059422/buy,hand_or_foot_in_frame|off_angle,top-down,"black hi-top worn, top-down",File:NZChucks.jpg,Chuck Taylor All-Stars (high-top),Anszu,17 April 2012,CC BY-SA 3.0,https://creativecommons.org/licenses/by-sa/3.0,Own work,English: Chucks,https://upload.wikimedia.org/wikipedia/commons/8/89/NZChucks.jpg,612,612,84bc581eff0aa10fad52e01f42373de27720e79bf61511ce047aa71ec991b10d
rw0042,images/catalogue/39086881_rw0042.jpg,chuck_hi:green,Converse Unisex Chuck Taylor All Star High Top Sneaker,39086881,catalogue,https://commons.wikimedia.org/wiki/File%3AChucks.jpg,wikimedia_commons_user_upload,yes,style_match,dev,chuck_hi,green,Converse,Casual Shoes,Green,39086881|40352588|23092072|43104146|43104070|43104061|43104127,7,False,https://www.myntra.com/Casual-Shoes/Converse/Converse-Unisex-High-Top-Sneakers/39086881/buy,worn_dirty,,"green hi-top, worn/dirty, indoor",File:Chucks.jpg,Chuck Taylor All-Stars (high-top),,,CC BY-SA 2.0 de,https://creativecommons.org/licenses/by-sa/2.0/de/deed.en,,,https://upload.wikimedia.org/wikipedia/commons/f/f6/Chucks.jpg,400,266,228399201f659f3f18a1b61e0920394ce54c9ad81e73cf88a8fb509bf2ac8fa8
rw0043,images/catalogue/39086880_rw0043.jpg,chuck_hi:khaki,Converse Unisex Chuck Taylor All Star High Top Sneaker,39086880,catalogue,https://commons.wikimedia.org/wiki/File%3AMy_shoes.jpg,wikimedia_commons_user_upload,yes,style_match,dev,chuck_hi,khaki,Converse,Casual Shoes,Brown,39086880|43104084|43104060|43104090|43104088|28599752|35236020,7,False,https://www.myntra.com/Casual-Shoes/Converse/Converse-Unisex-High-Top-Sneakers/39086880/buy,harsh_flash,khaki canvas; colour family only,"khaki/brown hi-top on orange floor, hard shadow",File:My_shoes.jpg,Chuck Taylor All-Stars (high-top),"Dave Morris from Edinburgh, UK","3 February 2005, 09:53:11",CC BY 2.0,https://creativecommons.org/licenses/by/2.0,Flickr,Svenska: Converse. Converseskor av Manchester. My shoes,https://upload.wikimedia.org/wikipedia/commons/f/f1/My_shoes.jpg,960,1280,ae75a0ae62fed4b3694b0d306a052e966b7b0df57668f13fad15589da4d205dd
rw0044,images/catalogue/24071800_rw0044.jpg,chuck_hi:maroon,Converse Unisex Chuck Taylor All Star Canvas High Top Sneakers,24071800,catalogue,https://commons.wikimedia.org/wiki/File%3AOld_red_shoe_-_Flickr_-_ani.jpg,wikimedia_commons_user_upload,yes,exact,test,chuck_hi,maroon,Converse,Casual Shoes,Maroon,24071800,1,False,https://www.myntra.com/Casual-Shoes/Converse/Converse-Unisex-Chuck-Taylor-All-Star-Canvas-Hi-Top-Sneakers/24071800/buy,hand_or_foot_in_frame|worn_dirty,,"maroon hi-top worn, grass",File:Old_red_shoe_-_Flickr_-_ani.jpg,Chuck Taylor All-Stars (high-top),anika,"Taken on 31 May 2004, 16:10",CC0,http://creativecommons.org/publicdomain/zero/1.0/deed.en,old red shoe,old red shoe,https://upload.wikimedia.org/wikipedia/commons/6/63/Old_red_shoe_-_Flickr_-_ani.jpg,1600,1200,15a64228eedf7377da3ec8dd503834f7d72138fbd9bdbf7f2dab3890fcc1744d
rw0045,images/catalogue/22907298_rw0045.jpg,chuck_hi:navy,Converse Unisex Chuck Taylor All Star High Top Sneakers,22907298,catalogue,https://commons.wikimedia.org/wiki/File%3ABlueConverseChuckTaylors.jpg,wikimedia_commons_user_upload,yes,exact,test,chuck_hi,navy,Converse,Casual Shoes,Navy Blue,39088758|22907298,2,False,https://www.myntra.com/Casual-Shoes/Converse/Converse-Unisex-Chuck-Taylor-All-Star-Hi-Top-Sneakers/22907298/buy,hand_or_foot_in_frame|off_angle,top-down,"navy hi-top worn, top-down",File:BlueConverseChuckTaylors.jpg,People with Chuck Taylor All-Stars (high-top),"brandi sims from madison, alabama, usa","25 March 2008, 14:45",CC BY 2.0,https://creativecommons.org/licenses/by/2.0,blue converse,alex's blue converse :),https://upload.wikimedia.org/wikipedia/commons/thumb/e/e5/BlueConverseChuckTaylors.jpg/1280px-BlueConverseChuckTaylors.jpg,1280,857,fb4197b58eaca8ec87afc319230028574f79516fc76f035ba4a0c8d3689769d0
rw0046,images/catalogue/22907298_rw0046.jpg,chuck_hi:navy,Converse Unisex Chuck Taylor All Star High Top Sneakers,22907298,catalogue,https://commons.wikimedia.org/wiki/File%3AConverse_All_Star_Blue_High_%284649851894%29.jpg,wikimedia_commons_user_upload,yes,exact,test,chuck_hi,navy,Converse,Casual Shoes,Navy Blue,39088758|22907298,2,False,https://www.myntra.com/Casual-Shoes/Converse/Converse-Unisex-Chuck-Taylor-All-Star-Hi-Top-Sneakers/22907298/buy,off_angle,top-down,"navy/grey hi-top pair, top-down (series A)",File:Converse_All_Star_Blue_High_(4649851894).jpg,Chuck Taylor All-Stars (high-top),"Magnus D from London, United Kingdom","29 May 2010, 10:29",CC BY 2.0,https://creativecommons.org/licenses/by/2.0,Converse All Star Blue High,Converse All Star Blue High,https://upload.wikimedia.org/wikipedia/commons/thumb/e/e3/Converse_All_Star_Blue_High_%284649851894%29.jpg/1280px-Converse_All_Star_Blue_High_%284649851894%29.jpg,1280,1280,56242d28472cdaa300bd940c3e23751477d0dce0f89e90caca8002be9f462516
rw0047,images/catalogue/22907298_rw0047.jpg,chuck_hi:navy,Converse Unisex Chuck Taylor All Star High Top Sneakers,22907298,catalogue,https://commons.wikimedia.org/wiki/File%3ADownload_Thousands_Of_Free_Stunning_Stock_Photos._%2824327044045%29.jpg,wikimedia_commons_user_upload,yes,exact,test,chuck_hi,navy,Converse,Casual Shoes,Navy Blue,39088758|22907298,2,False,https://www.myntra.com/Casual-Shoes/Converse/Converse-Unisex-Chuck-Taylor-All-Star-Hi-Top-Sneakers/22907298/buy,hand_or_foot_in_frame|motion_blur,walking on steps,navy hi-top worn walking on painted steps,File:Download_Thousands_Of_Free_Stunning_Stock_Photos._(24327044045).jpg,Chuck Taylor All-Stars (high-top),www.Pixel.la Free Stock Photos,"11 January 2016, 18:35",CC0,http://creativecommons.org/publicdomain/zero/1.0/deed.en,Download Thousands Of Free Stunning Stock Photos.,www.Pixel.la - Download Thousands Of Free Stunning Stock Photos.,https://upload.wikimedia.org/wikipedia/commons/thumb/8/83/Download_Thousands_Of_Free_Stunning_Stock_Photos._%2824327044045%29.jpg/1280px-Download_Thousands_Of_Free_Stunning_Stock_Photos._%2824327044045%29.jpg,1280,1920,fb1bbfe5156a7946821b55f1f28c40f9c00d2731bc962954fd0b69f748fb835a
rw0048,images/catalogue/22907298_rw0048.jpg,chuck_hi:navy,Converse Unisex Chuck Taylor All Star High Top Sneakers,22907298,catalogue,https://commons.wikimedia.org/wiki/File%3AFestival_shoes_-_Flickr_-_mickeysucks.jpg,wikimedia_commons_user_upload,yes,exact,test,chuck_hi,navy,Converse,Casual Shoes,Navy Blue,39088758|22907298,2,False,https://www.myntra.com/Casual-Shoes/Converse/Converse-Unisex-Chuck-Taylor-All-Star-Hi-Top-Sneakers/22907298/buy,hand_or_foot_in_frame,worn,"navy hi-top worn, grass",File:Festival_shoes_-_Flickr_-_mickeysucks.jpg,Chuck Taylor All-Stars,Chris Bögle,"Taken on 18 August 2004, 22:48",CC BY 2.0,https://creativecommons.org/licenses/by/2.0,festival shoes,chucks [highfield festival august 05],https://upload.wikimedia.org/wikipedia/commons/thumb/6/6f/Festival_shoes_-_Flickr_-_mickeysucks.jpg/1280px-Festival_shoes_-_Flickr_-_mickeysucks.jpg,1280,960,f7c591c389d7ddb88696669e1a6b0fbab08990cc0108b0215cb11771871056ab
rw0049,images/catalogue/22907298_rw0049.jpg,chuck_hi:navy,Converse Unisex Chuck Taylor All Star High Top Sneakers,22907298,catalogue,https://commons.wikimedia.org/wiki/File%3AGrimmen_schuhe_10.07.2011_08-15-18.jpg,wikimedia_commons_user_upload,yes,exact,test,chuck_hi,navy,Converse,Casual Shoes,Navy Blue,39088758|22907298,2,False,https://www.myntra.com/Casual-Shoes/Converse/Converse-Unisex-Chuck-Taylor-All-Star-Hi-Top-Sneakers/22907298/buy,worn_dirty,,"navy hi-top dirty, indoor floor",File:Grimmen_schuhe_10.07.2011_08-15-18.jpg,Chuck Taylor All-Stars (high-top),Dirk Ingo Franke,10 July 2011,CC BY-SA 3.0,https://creativecommons.org/licenses/by-sa/3.0,Own work,"English: Shoes (Converse All Stars) the day after rainy Tractor pulling in Grimmen, Mecklenburg-Vorpommern",https://upload.wikimedia.org/wikipedia/commons/b/bc/Grimmen_schuhe_10.07.2011_08-15-18.jpg,1280,850,0efd26554031b1a160118428f636025a931a72b57af68b847a10058221c5851f
rw0050,images/catalogue/22907298_rw0050.jpg,chuck_hi:navy,Converse Unisex Chuck Taylor All Star High Top Sneakers,22907298,catalogue,https://commons.wikimedia.org/wiki/File%3ALegs_and_Feet_%288718964428%29.jpg,wikimedia_commons_user_upload,yes,exact,test,chuck_hi,navy,Converse,Casual Shoes,Navy Blue,39088758|22907298,2,False,https://www.myntra.com/Casual-Shoes/Converse/Converse-Unisex-Chuck-Taylor-All-Star-Hi-Top-Sneakers/22907298/buy,hand_or_foot_in_frame|off_angle,festival field POV,"navy hi-top worn, festival field POV",File:Legs_and_Feet_(8718964428).jpg,Chuck Taylor All-Stars (low-top),oatsy40,"5 May 2013, 14:45",CC BY 2.0,https://creativecommons.org/licenses/by/2.0,Legs and Feet,A persons (mine) feet,https://upload.wikimedia.org/wikipedia/commons/thumb/8/8b/Legs_and_Feet_%288718964428%29.jpg/1280px-Legs_and_Feet_%288718964428%29.jpg,1280,960,b2ea62a9054591c355d5a0a1ca74681101ac81fe0439f138eead3de150a25d39
rw0051,images/catalogue/22907298_rw0051.jpg,chuck_hi:navy,Converse Unisex Chuck Taylor All Star High Top Sneakers,22907298,catalogue,https://commons.wikimedia.org/wiki/File%3ARedd_Angelo_2015-03-17_%28Unsplash%29.jpg,wikimedia_commons_user_upload,yes,exact,test,chuck_hi,navy,Converse,Casual Shoes,Navy Blue,39088758|22907298,2,False,https://www.myntra.com/Casual-Shoes/Converse/Converse-Unisex-Chuck-Taylor-All-Star-Hi-Top-Sneakers/22907298/buy,hand_or_foot_in_frame|cluttered_background,yellow railing,navy hi-top dangling over yellow railing,File:Redd_Angelo_2015-03-17_(Unsplash).jpg,People with Chuck Taylor All-Stars (low-top),Redd Angelo reddangelo16,17 March 2015,CC0,http://creativecommons.org/publicdomain/zero/1.0/deed.en,https://unsplash.com/photos/I1IWBCgKoZc Image at the Wayback Machine Gallery at the Wayback Machine,English: Redd Angelo 2015-03-17,https://upload.wikimedia.org/wikipedia/commons/thumb/c/ce/Redd_Angelo_2015-03-17_%28Unsplash%29.jpg/1280px-Redd_Angelo_2015-03-17_%28Unsplash%29.jpg,1280,854,cb88c470147e05478b7a5475d296bdb52b2a8b34dc0c951083e8cc4937143839
rw0052,images/catalogue/40352564_rw0052.jpg,chuck_hi:pink,Converse Unisex Chuck Taylor All Star High Top Sneakers,40352564,catalogue,https://commons.wikimedia.org/wiki/File%3APink_Converse_high-top_sneakers%2C_damaged%2C_2019.jpg,wikimedia_commons_user_upload,yes,exact,test,chuck_hi,pink,Converse,Casual Shoes,Pink,40352564,1,False,https://www.myntra.com/Casual-Shoes/Converse/Converse-Unisex-Chuck-Taylor-All-Star-High-Top-Sneakers/40352564/buy,hand_or_foot_in_frame|low_light|worn_dirty,damaged,"pink hi-top worn, dark stage","File:Pink_Converse_high-top_sneakers,_damaged,_2019.jpg",People with Chuck Taylor All-Stars (high-top),Ilkka Jukarainen,"9 October 2019, 18:51:49",CC BY-SA 2.0,https://creativecommons.org/licenses/by-sa/2.0,https://www.flickr.com/photos/130333033@N08/48878534937/,"English: Chuck Taylor All-Stars, high-top",https://upload.wikimedia.org/wikipedia/commons/thumb/6/61/Pink_Converse_high-top_sneakers%2C_damaged%2C_2019.jpg/1280px-Pink_Converse_high-top_sneakers%2C_damaged%2C_2019.jpg,1280,897,098617e13b1f6afc75d77ff84ea0dc241b040af76e2ba24dad81676afbc7bade
rw0053,images/catalogue/40352564_rw0053.jpg,chuck_hi:pink,Converse Unisex Chuck Taylor All Star High Top Sneakers,40352564,catalogue,https://commons.wikimedia.org/wiki/File%3ASandra_Chile_2017_%28Unsplash%29.jpg,wikimedia_commons_user_upload,yes,exact,test,chuck_hi,pink,Converse,Casual Shoes,Pink,40352564,1,False,https://www.myntra.com/Casual-Shoes/Converse/Converse-Unisex-Chuck-Taylor-All-Star-High-Top-Sneakers/40352564/buy,hand_or_foot_in_frame|off_angle,POV on rock,pink hi-top worn POV on lichen rock,File:Sandra_Chile_2017_(Unsplash).jpg,Chuck Taylor All-Stars (low-top),Sandra Chile sandrachile,16 May 2017,CC0,http://creativecommons.org/publicdomain/zero/1.0/deed.en,https://unsplash.com/photos/66kMCb3CdrE Image at the Wayback Machine Gallery at the Wayback Machine,English: Sandra Chile 2017,https://upload.wikimedia.org/wikipedia/commons/thumb/4/49/Sandra_Chile_2017_%28Unsplash%29.jpg/1280px-Sandra_Chile_2017_%28Unsplash%29.jpg,1280,854,c6e8b20c95cf939cb4971607a46cd3dbde78b4f3d367785c4d7be36bd22ab81f
rw0054,images/catalogue/40352564_rw0054.jpg,chuck_hi:pink,Converse Unisex Chuck Taylor All Star High Top Sneakers,40352564,catalogue,https://commons.wikimedia.org/wiki/File%3AZapatilla_rosa.JPG,wikimedia_commons_user_upload,yes,exact,test,chuck_hi,pink,Converse,Casual Shoes,Pink,40352564,1,False,https://www.myntra.com/Casual-Shoes/Converse/Converse-Unisex-Chuck-Taylor-All-Star-High-Top-Sneakers/40352564/buy,hand_or_foot_in_frame|low_light,,"pink hi-top worn, dim light",File:Zapatilla_rosa.JPG,People with Chuck Taylor All-Stars,Kordas,2 May 2008,CC BY-SA 3.0,https://creativecommons.org/licenses/by-sa/3.0,Own work,"Español: Zapatilla rosa, propiedad de hermosa damisela pucelana en el exilio.",https://upload.wikimedia.org/wikipedia/commons/thumb/0/0e/Zapatilla_rosa.JPG/1280px-Zapatilla_rosa.JPG,1280,960,e10f06bfadf4fe28b5a73f7b61d8963eb9b2612219f2ca7f6f99da5b9eeb12ad
rw0055,images/catalogue/22907272_rw0055.jpg,chuck_hi:red,Converse Unisex Chuck Taylor All Star High Top Sneakers,22907272,catalogue,https://commons.wikimedia.org/wiki/File%3ABologna-Raccordo_tra_canale_di_Reno_e_canale_delle_Moline.jpg,wikimedia_commons_user_upload,yes,exact,test,chuck_hi,red,Converse,Casual Shoes,Red,22907272,1,False,https://www.myntra.com/Casual-Shoes/Converse/Converse-Unisex-Chuck-Taylor-All-Star-Hi-Top-Sneakers/22907272/buy,hand_or_foot_in_frame|low_light,dangling feet,"red hi-tops worn, dangling feet, warm light",File:Bologna-Raccordo_tra_canale_di_Reno_e_canale_delle_Moline.jpg,Chuck Taylor All-Stars (high-top),MarkPagl,"14 October 2018, 09:49:18",CC BY-SA 4.0,https://creativecommons.org/licenses/by-sa/4.0,Own work,Italiano: scorci di Bologna,https://upload.wikimedia.org/wikipedia/commons/thumb/6/6c/Bologna-Raccordo_tra_canale_di_Reno_e_canale_delle_Moline.jpg/1280px-Bologna-Raccordo_tra_canale_di_Reno_e_canale_delle_Moline.jpg,1280,1707,95d3760ec594c33004c22d65363301568287e477f6ddebbc76a0fb4963a0d578
rw0056,images/catalogue/22907272_rw0056.jpg,chuck_hi:red,Converse Unisex Chuck Taylor All Star High Top Sneakers,22907272,catalogue,https://commons.wikimedia.org/wiki/File%3AChampiones.jpg,wikimedia_commons_user_upload,yes,exact,test,chuck_hi,red,Converse,Casual Shoes,Red,22907272,1,False,https://www.myntra.com/Casual-Shoes/Converse/Converse-Unisex-Chuck-Taylor-All-Star-Hi-Top-Sneakers/22907272/buy,cluttered_background,,red hi-top on table with miniature keychain,File:Championes.jpg,Chuck Taylor All-Stars,Petecabis,"18 August 2014, 09:34:34",CC BY-SA 4.0,https://creativecommons.org/licenses/by-sa/4.0,Own work,Español: Llavero y champión.,https://upload.wikimedia.org/wikipedia/commons/thumb/8/81/Championes.jpg/1280px-Championes.jpg,1280,848,e049d0048d50e7bacb556a81401abb37643223b75af54549336b6a7d843fc1ca
rw0057,images/catalogue/22907272_rw0057.jpg,chuck_hi:red,Converse Unisex Chuck Taylor All Star High Top Sneakers,22907272,catalogue,https://commons.wikimedia.org/wiki/File%3AChucks._%282656893949%29.jpg,wikimedia_commons_user_upload,yes,exact,test,chuck_hi,red,Converse,Casual Shoes,Red,22907272,1,False,https://www.myntra.com/Casual-Shoes/Converse/Converse-Unisex-Chuck-Taylor-All-Star-Hi-Top-Sneakers/22907272/buy,hand_or_foot_in_frame|off_angle,low angle street,"red hi-top worn, low angle street",File:Chucks._(2656893949).jpg,People with Chuck Taylor All-Stars (high-top),"John Lustig from Southern Minnesota, USA","10 July 2008, 15:13",CC BY 2.0,https://creativecommons.org/licenses/by/2.0,chucks.,chucks.,https://upload.wikimedia.org/wikipedia/commons/thumb/3/3c/Chucks._%282656893949%29.jpg/1280px-Chucks._%282656893949%29.jpg,1280,1912,0951d7c3385c8cd206112802d92ee519fbf14790f96eb5fac7365338ccf3368c
rw0058,images/catalogue/22907272_rw0058.jpg,chuck_hi:red,Converse Unisex Chuck Taylor All Star High Top Sneakers,22907272,catalogue,https://commons.wikimedia.org/wiki/File%3AConverse_All_Star_%283742970727%29.jpg,wikimedia_commons_user_upload,yes,exact,test,chuck_hi,red,Converse,Casual Shoes,Red,22907272,1,False,https://www.myntra.com/Casual-Shoes/Converse/Converse-Unisex-Chuck-Taylor-All-Star-Hi-Top-Sneakers/22907272/buy,cluttered_background,"kids size, harbour wall","red kids hi-top on harbour wall, outdoor",File:Converse_All_Star_(3742970727).jpg,Chuck Taylor All-Stars (high-top),"Stephanie Kroos from Glattfelden, CH","8 July 2009, 11:33",CC BY-SA 2.0,https://creativecommons.org/licenses/by-sa/2.0,converse All Star,converse All Star,https://upload.wikimedia.org/wikipedia/commons/thumb/e/e0/Converse_All_Star_%283742970727%29.jpg/1280px-Converse_All_Star_%283742970727%29.jpg,1280,877,738d97f78b5894ad1c276ce4a79de15367cec54737c07b540c9597891d35e24b
rw0059,images/catalogue/22907272_rw0059.jpg,chuck_hi:red,Converse Unisex Chuck Taylor All Star High Top Sneakers,22907272,catalogue,https://commons.wikimedia.org/wiki/File%3AConverse_All_Stars.jpg,wikimedia_commons_user_upload,yes,exact,test,chuck_hi,red,Converse,Casual Shoes,Red,22907272,1,False,https://www.myntra.com/Casual-Shoes/Converse/Converse-Unisex-Chuck-Taylor-All-Star-Hi-Top-Sneakers/22907272/buy,cropped_item,outsole visible,"red hi-top close, outsole visible",File:Converse_All_Stars.jpg,People with Chuck Taylor All-Stars (high-top),"Paul Downey from Berkhamsted, UK","28 August 2007, 16:25",CC BY 2.0,https://creativecommons.org/licenses/by/2.0,Converse All Stars,English: I had a pair of these when I were a lad.,https://upload.wikimedia.org/wikipedia/commons/thumb/c/ce/Converse_All_Stars.jpg/1280px-Converse_All_Stars.jpg,1280,775,37f9b4baa7182d650a8789bb28bfb19dffafc9a1a96553fac39eef21fadd1f8b
rw0060,images/catalogue/22907272_rw0060.jpg,chuck_hi:red,Converse Unisex Chuck Taylor All Star High Top Sneakers,22907272,catalogue,https://commons.wikimedia.org/wiki/File%3AConverse_red.JPG,wikimedia_commons_user_upload,yes,exact,test,chuck_hi,red,Converse,Casual Shoes,Red,22907272,1,False,https://www.myntra.com/Casual-Shoes/Converse/Converse-Unisex-Chuck-Taylor-All-Star-Hi-Top-Sneakers/22907272/buy,cluttered_background,on grass,red hi-top pair on grass,File:Converse_red.JPG,Chuck Taylor All-Stars (high-top),Lesekreis,"17 May 2009, 18:50:23",CC0,http://creativecommons.org/publicdomain/zero/1.0/deed.en,Own work,Deutsch: Converse English: Converse,https://upload.wikimedia.org/wikipedia/commons/thumb/f/f2/Converse_red.JPG/1280px-Converse_red.JPG,1280,928,1f17f4a40269156155424fe92e3af1128a5d468d38bff9cfad65689c457de538
rw0061,images/catalogue/22907272_rw0061.jpg,chuck_hi:red,Converse Unisex Chuck Taylor All Star High Top Sneakers,22907272,catalogue,https://commons.wikimedia.org/wiki/File%3AHer_Flying_Red_Shoes_..._%287320686864%29.jpg,wikimedia_commons_user_upload,yes,exact,test,chuck_hi,red,Converse,Casual Shoes,Red,22907272,1,False,https://www.myntra.com/Casual-Shoes/Converse/Converse-Unisex-Chuck-Taylor-All-Star-Hi-Top-Sneakers/22907272/buy,hand_or_foot_in_frame|motion_blur,"worn, mid-air","red hi-top, worn, mid-air next to red car",File:Her_Flying_Red_Shoes_..._(7320686864).jpg,Chuck Taylor All-Stars,"Faisal Akram from Dhaka, Bangladesh","2 June 2012, 16:29",CC BY-SA 2.0,https://creativecommons.org/licenses/by-sa/2.0,Her Flying Red Shoes ...,Her Flying Red Shoes ...,https://upload.wikimedia.org/wikipedia/commons/thumb/f/f0/Her_Flying_Red_Shoes_..._%287320686864%29.jpg/1280px-Her_Flying_Red_Shoes_..._%287320686864%29.jpg,1280,853,17a8bbb52d7def4c7ea1943392e330a7dd42113132b87b0d7c91557fe3f8eedc
rw0062,images/catalogue/22907272_rw0062.jpg,chuck_hi:red,Converse Unisex Chuck Taylor All Star High Top Sneakers,22907272,catalogue,https://commons.wikimedia.org/wiki/File%3ATennis_shoes.jpg,wikimedia_commons_user_upload,yes,exact,test,chuck_hi,red,Converse,Casual Shoes,Red,22907272,1,False,https://www.myntra.com/Casual-Shoes/Converse/Converse-Unisex-Chuck-Taylor-All-Star-Hi-Top-Sneakers/22907272/buy,hand_or_foot_in_frame|cropped_item,,"red hi-top worn close, concrete",File:Tennis_shoes.jpg,People with Chuck Taylor All-Stars (high-top),Alfonso Romero,,Copyrighted free use,,http://www.sxc.hu/photo/188377,Tennis shoes,https://upload.wikimedia.org/wikipedia/commons/thumb/4/42/Tennis_shoes.jpg/1280px-Tennis_shoes.jpg,1280,960,a8fabf4044b640e04d0d63c78d85724a9cfd974e94fcb8997a53d39480bd1dc2
rw0063,images/catalogue/23059424_rw0063.png,chuck_hi:white,Converse Unisex Chuck Taylor All Star High Top Sneakers,23059424,catalogue,https://commons.wikimedia.org/wiki/File%3AChucks_%2854105924799%29.png,wikimedia_commons_user_upload,yes,exact,test,chuck_hi,white,Converse,Casual Shoes,White,37374590|40161192|23059424|43104168|43104148|28010606|35226459,7,False,https://www.myntra.com/Casual-Shoes/Converse/Converse-Unisex-Chuck-Taylor-All-Star-Hi-Top-Sneakers/23059424/buy,cluttered_background,bench outdoors,white hi-top on wooden bench outdoors,File:Chucks_(54105924799).png,Chuck Taylor All-Stars (high-top),The Marmot,"24 October 2024, 11:09",CC BY 2.0,https://creativecommons.org/licenses/by/2.0,Chucks,Chucks,https://upload.wikimedia.org/wikipedia/commons/thumb/7/7c/Chucks_%2854105924799%29.png/1280px-Chucks_%2854105924799%29.png,1280,960,1681e7e5138e8a06dd97ad00de118e4e7b75cfea8c87534107e6da6dc3ab1f14
rw0064,images/catalogue/23059424_rw0064.jpg,chuck_hi:white,Converse Unisex Chuck Taylor All Star High Top Sneakers,23059424,catalogue,https://commons.wikimedia.org/wiki/File%3AConverse_All_Star_High_White_%284649858686%29.jpg,wikimedia_commons_user_upload,yes,exact,test,chuck_hi,white,Converse,Casual Shoes,White,37374590|40161192|23059424|43104168|43104148|28010606|35226459,7,False,https://www.myntra.com/Casual-Shoes/Converse/Converse-Unisex-Chuck-Taylor-All-Star-Hi-Top-Sneakers/23059424/buy,off_angle,top-down,"white hi-top pair, top-down (series A)",File:Converse_All_Star_High_White_(4649858686).jpg,Chuck Taylor All-Stars (high-top),"Magnus D from London, United Kingdom","29 May 2010, 10:40",CC BY 2.0,https://creativecommons.org/licenses/by/2.0,Converse All Star High White,Converse All Star High White,https://upload.wikimedia.org/wikipedia/commons/thumb/0/0d/Converse_All_Star_High_White_%284649858686%29.jpg/1280px-Converse_All_Star_High_White_%284649858686%29.jpg,1280,1280,e0f33a5b4381c3b128432e2583ba71966ac595358d51f1a3dfad23171d4fa8a7
rw0065,images/catalogue/23059424_rw0065.jpg,chuck_hi:white,Converse Unisex Chuck Taylor All Star High Top Sneakers,23059424,catalogue,https://commons.wikimedia.org/wiki/File%3AHammersmithchucks.jpg,wikimedia_commons_user_upload,yes,exact,test,chuck_hi,white,Converse,Casual Shoes,White,37374590|40161192|23059424|43104168|43104148|28010606|35226459,7,False,https://www.myntra.com/Casual-Shoes/Converse/Converse-Unisex-Chuck-Taylor-All-Star-Hi-Top-Sneakers/23059424/buy,hand_or_foot_in_frame,paving,white hi-top worn on paving,File:Hammersmithchucks.jpg,People with Chuck Taylor All-Stars (high-top),Annie Mole,17 July 2008,CC BY 2.0,https://creativecommons.org/licenses/by/2.0,https://www.flickr.com/photos/anniemole/2678712914/,English: Girl wearing Converse Chuck Taylor shoes,https://upload.wikimedia.org/wikipedia/commons/f/f3/Hammersmithchucks.jpg,1200,1404,b6f6cb78ad7e86cb91d611e2fc931f09aeb53b2fccbaf5f7e33222377b0dac3b
rw0066,images/catalogue/23059424_rw0066.jpg,chuck_hi:white,Converse Unisex Chuck Taylor All Star High Top Sneakers,23059424,catalogue,https://commons.wikimedia.org/wiki/File%3AShoe_Reference_-24_%2851826281875%29.jpg,wikimedia_commons_user_upload,yes,exact,test,chuck_hi,white,Converse,Casual Shoes,White,37374590|40161192|23059424|43104168|43104148|28010606|35226459,7,False,https://www.myntra.com/Casual-Shoes/Converse/Converse-Unisex-Chuck-Taylor-All-Star-Hi-Top-Sneakers/23059424/buy,hand_or_foot_in_frame|cropped_item,,"white hi-top worn, close, jeans",File:Shoe_Reference_-24_(51826281875).jpg,People with Chuck Taylor All-Stars,"Art Prof from Salt Lake City, UT","16 January 2022, 19:06",CC BY 2.0,https://creativecommons.org/licenses/by/2.0,Shoe Reference #24,Shoe Reference #24,https://upload.wikimedia.org/wikipedia/commons/thumb/e/e4/Shoe_Reference_-24_%2851826281875%29.jpg/1280px-Shoe_Reference_-24_%2851826281875%29.jpg,1280,689,09c3afaec862a70bad571c84d85aa346f77b879ce4812820ad6d01a7432a2be4
rw0067,images/catalogue/23059424_rw0067.jpg,chuck_hi:white,Converse Unisex Chuck Taylor All Star High Top Sneakers,23059424,catalogue,https://commons.wikimedia.org/wiki/File%3AShoes_in_a_car_window.jpg,wikimedia_commons_user_upload,yes,exact,test,chuck_hi,white,Converse,Casual Shoes,White,37374590|40161192|23059424|43104168|43104148|28010606|35226459,7,False,https://www.myntra.com/Casual-Shoes/Converse/Converse-Unisex-Chuck-Taylor-All-Star-Hi-Top-Sneakers/23059424/buy,hand_or_foot_in_frame|specular_reflection,feet on car window,"white hi-top, feet up on vehicle window",File:Shoes_in_a_car_window.jpg,People with Chuck Taylor All-Stars (high-top),Tasrockstar,12 January 2021,CC BY-SA 4.0,https://creativecommons.org/licenses/by-sa/4.0,Own work,English: A photo of converse sneakers out the door of a car window with the clouds in the backdrop.,https://upload.wikimedia.org/wikipedia/commons/3/3d/Shoes_in_a_car_window.jpg,682,1024,891ddee23d6e5ae5d83a72a2ce66562d98f21a8ff4b43bfa325ae6f02491901c
rw0068,images/catalogue/23059432_rw0068.jpg,chuck_lo:black,Converse Unisex Chuck Taylor All Star Low Top Sneakers,23059432,catalogue,https://commons.wikimedia.org/wiki/File%3ABlue_Suede_Shoes_or_not_%289492020841%29.jpg,wikimedia_commons_user_upload,yes,exact,test,chuck_lo,black,Converse,Casual Shoes,Black,39088766|40352593|23059426|23059432|43104106|43104164|43104203|25850026|28010344|30979708,10,False,https://www.myntra.com/Casual-Shoes/Converse/Converse-Unisex-Chuck-Taylor-All-Star-Sneakers/23059432/buy,hand_or_foot_in_frame|low_light,dark outdoors,"black low-top worn, dark outdoor, low light",File:Blue_Suede_Shoes_or_not_(9492020841).jpg,Chuck Taylor All-Stars (low-top),"Aymeric B. from Maisons-Alfort, France","4 August 2013, 00:57",CC BY-SA 2.0,https://creativecommons.org/licenses/by-sa/2.0,Blue Suede Shoes or not,"I try to find other angles to make photos, and during evening I had the opportunity to be in a point of unexpected view...",https://upload.wikimedia.org/wikipedia/commons/thumb/d/d1/Blue_Suede_Shoes_or_not_%289492020841%29.jpg/1280px-Blue_Suede_Shoes_or_not_%289492020841%29.jpg,1280,848,5f0a105bf3b0f9e73cd47c1d637d242b0b4b5380ddcac545449188eaaa9a304b
rw0069,images/catalogue/23059432_rw0069.jpg,chuck_lo:black,Converse Unisex Chuck Taylor All Star Low Top Sneakers,23059432,catalogue,https://commons.wikimedia.org/wiki/File%3ACat%2C_Lead_and_Converse_Shoes_%288208704568%29.jpg,wikimedia_commons_user_upload,yes,exact,test,chuck_lo,black,Converse,Casual Shoes,Black,39088766|40352593|23059426|23059432|43104106|43104164|43104203|25850026|28010344|30979708,10,False,https://www.myntra.com/Casual-Shoes/Converse/Converse-Unisex-Chuck-Taylor-All-Star-Sneakers/23059432/buy,partial_occlusion|cluttered_background,cat in front,black low-top occluded by cat on grass,"File:Cat,_Lead_and_Converse_Shoes_(8208704568).jpg",Chuck Taylor All-Stars (low-top),Marianna Saska,"26 May 2012, 16:04",CC BY 2.0,https://creativecommons.org/licenses/by/2.0,"Cat, Lead and Converse Shoes","White cat on a leash in a meadow, canvas shoes with pink shoe laces matching the lead in the background.",https://upload.wikimedia.org/wikipedia/commons/thumb/8/85/Cat%2C_Lead_and_Converse_Shoes_%288208704568%29.jpg/1280px-Cat%2C_Lead_and_Converse_Shoes_%288208704568%29.jpg,1280,954,6eea6b3845b4f20c097d2b57acdef79d93ed13a64029f85a99c6deb313316abd
rw0070,images/catalogue/23059432_rw0070.jpg,chuck_lo:black,Converse Unisex Chuck Taylor All Star Low Top Sneakers,23059432,catalogue,https://commons.wikimedia.org/wiki/File%3ASneakers_.jpg,wikimedia_commons_user_upload,yes,exact,test,chuck_lo,black,Converse,Casual Shoes,Black,39088766|40352593|23059426|23059432|43104106|43104164|43104203|25850026|28010344|30979708,10,False,https://www.myntra.com/Casual-Shoes/Converse/Converse-Unisex-Chuck-Taylor-All-Star-Sneakers/23059432/buy,partial_occlusion,inside plastic bag,black low-top partly inside plastic bag (occlusion),File:Sneakers_.jpg,Chuck Taylor All-Stars (high-top),Kid Keen 47,"3 March 2020, 19:09:11",CC BY-SA 4.0,https://creativecommons.org/licenses/by-sa/4.0,Own work,English: A pair of Converse Sneakers,https://upload.wikimedia.org/wikipedia/commons/thumb/f/ff/Sneakers_.jpg/1280px-Sneakers_.jpg,1280,960,64b01b0860fcfb9f81fe45b8b770d9a231d0856cd2c5d68bbcd0d632a87472f9
rw0071,images/catalogue/43104121_rw0071.jpg,chuck_lo:grey,Converse Unisex Chuck Taylor All Star Canvas Low Top Sneaker,43104121,catalogue,https://commons.wikimedia.org/wiki/File%3AConverse_shoes_%282103034120%29.jpg,wikimedia_commons_user_upload,yes,exact,test,chuck_lo,grey,Converse,Casual Shoes,Grey,43104121|43104186|43104155,3,False,https://www.myntra.com/Casual-Shoes/Converse/Converse-Unisex-Sneakers/43104121/buy,,carpet,grey low-top on carpet,File:Converse_shoes_(2103034120).jpg,Chuck Taylor All-Stars (low-top),-l.i.l.l.i.a.n-,"2 December 2007, 17:48",CC BY-SA 2.0,https://creativecommons.org/licenses/by-sa/2.0,Converse shoes,Converse shoes,https://upload.wikimedia.org/wikipedia/commons/thumb/8/87/Converse_shoes_%282103034120%29.jpg/1280px-Converse_shoes_%282103034120%29.jpg,1280,960,5b4f2181fbda0dc35bfeb16c57818cf85b58782b075a55dfb02da790df979fd1
rw0072,images/catalogue/43104121_rw0072.jpg,chuck_lo:grey,Converse Unisex Chuck Taylor All Star Canvas Low Top Sneaker,43104121,catalogue,https://commons.wikimedia.org/wiki/File%3ALevi%27s_Chuck_Taylor_All-Stars.jpg,wikimedia_commons_user_upload,yes,exact,test,chuck_lo,grey,Converse,Casual Shoes,Grey,43104121|43104186|43104155,3,False,https://www.myntra.com/Casual-Shoes/Converse/Converse-Unisex-Sneakers/43104121/buy,partial_occlusion,in box with tissue,grey low-top in shoebox with tissue (occlusion),File:Levi's_Chuck_Taylor_All-Stars.jpg,Chuck Taylor All-Stars (low-top),Sherwin,"6 November 2018, 15:08:59",CC BY-SA 4.0,https://creativecommons.org/licenses/by-sa/4.0,Own work,English: A pair of Levi's Chuck Taylor All-Stars casual shoes,https://upload.wikimedia.org/wikipedia/commons/thumb/1/13/Levi%27s_Chuck_Taylor_All-Stars.jpg/1280px-Levi%27s_Chuck_Taylor_All-Stars.jpg,1280,960,2d338489834583efd6a701cd3c900604f8b8ffbe1d7ed19d317bd7c4dd8bdbe5
rw0073,images/catalogue/43104121_rw0073.jpg,chuck_lo:grey,Converse Unisex Chuck Taylor All Star Canvas Low Top Sneaker,43104121,catalogue,https://commons.wikimedia.org/wiki/File%3AShoe_Allstar_Converse_Wood_%28123712785%29.jpeg,wikimedia_commons_user_upload,yes,exact,test,chuck_lo,grey,Converse,Casual Shoes,Grey,43104121|43104186|43104155,3,False,https://www.myntra.com/Casual-Shoes/Converse/Converse-Unisex-Sneakers/43104121/buy,hand_or_foot_in_frame|off_angle,top-down,"grey low-top worn, wooden floor, top-down",File:Shoe_Allstar_Converse_Wood_(123712785).jpeg,Chuck Taylor All-Stars,Aryabod Siharyvani,"before 2 October 2015, 08:01:54 (UTC)",CC BY-SA 3.0,https://creativecommons.org/licenses/by-sa/3.0,Imported from 500px ( archived version ) by the Archive Team . ( detail page ),"500px provided description: via Instagram ift.tt/1cExlcn [#Instagram ,#IFTTT]",https://upload.wikimedia.org/wikipedia/commons/2/2b/Shoe_Allstar_Converse_Wood_%28123712785%29.jpeg,1080,1080,95980f1d858defea1bfac3331e94d35cce960efcda28fb886992fceaa33add14
rw0074,images/catalogue/43104121_rw0074.jpg,chuck_lo:grey,Converse Unisex Chuck Taylor All Star Canvas Low Top Sneaker,43104121,catalogue,https://commons.wikimedia.org/wiki/File%3ATired_%2859853166%29.jpeg,wikimedia_commons_user_upload,yes,exact,test,chuck_lo,grey,Converse,Casual Shoes,Grey,43104121|43104186|43104155,3,False,https://www.myntra.com/Casual-Shoes/Converse/Converse-Unisex-Sneakers/43104121/buy,hand_or_foot_in_frame|off_angle,POV gravel,"grey low-top worn, gravel, top-down POV",File:Tired_(59853166).jpeg,Chuck Taylor All-Stars,Asif16,"14 January 2014, 18:56:59 (UTC)",CC0,http://creativecommons.org/publicdomain/zero/1.0/deed.en,Imported from 500px ( archived version ) by the Archive Team . ( detail page ),"500px provided description: Tired [#walk ,#shoes ,#pedestrian]",https://upload.wikimedia.org/wikipedia/commons/thumb/8/8a/Tired_%2859853166%29.jpeg/1280px-Tired_%2859853166%29.jpeg,1280,960,b8b0ae0b1db0e442dc7ace287bee94abbd2ce4e240cb4d66b4a57be699e5b765
rw0075,images/catalogue/23059428_rw0075.jpg,chuck_lo:maroon,Converse Unisex Chuck Taylor All Star Canvas Low Top Sneakers,23059428,catalogue,https://commons.wikimedia.org/wiki/File%3AMyConverse.jpg,wikimedia_commons_user_upload,yes,exact,test,chuck_lo,maroon,Converse,Casual Shoes,Maroon,23059428,1,False,https://www.myntra.com/Casual-Shoes/Converse/Converse-Unisex-Chuck-Taylor-All-Star-Canvas-Sneakers/23059428/buy,,orange laces,maroon low-top with orange laces on leather chair,File:MyConverse.jpg,Chuck Taylor All-Stars (low-top),Dark Drakula,"2 December 2012, 13:45:29",CC BY-SA 3.0,https://creativecommons.org/licenses/by-sa/3.0,Own work,English: Mis tenis favoritos,https://upload.wikimedia.org/wikipedia/commons/7/7b/MyConverse.jpg,1600,1200,d58e19dd3d3a19464e9a604f7152005b8e989d3192a9b77ae19dc1cf7b6f6417
rw0076,images/catalogue/39086905_rw0076.jpg,chuck_lo:mint,Converse Unisex Chuck Taylor All Star Low Top Sneaker,39086905,catalogue,https://commons.wikimedia.org/wiki/File%3APhoenix%2C_United_States_%28Unsplash_-dY3GOe-2ac%29.jpg,wikimedia_commons_user_upload,yes,style_match,dev,chuck_lo,mint,Converse,Casual Shoes,Green,39086905|40161199|40352566|43104078|43104126,5,False,https://www.myntra.com/Casual-Shoes/Converse/Converse-Unisex-Sneakers/39086905/buy,hand_or_foot_in_frame|low_light,mint; nearest listed is sea/lime green,"mint low-top worn, dark floor","File:Phoenix,_United_States_(Unsplash_-dY3GOe-2ac).jpg",People with Chuck Taylor All-Stars (low-top),Alysa Bajenaru alysa,8 June 2016,CC0,http://creativecommons.org/publicdomain/zero/1.0/deed.en,https://unsplash.com/photos/-dY3GOe-2ac Image at the Wayback Machine Gallery at the Wayback Machine,"English: Phoenix, United States",https://upload.wikimedia.org/wikipedia/commons/thumb/0/07/Phoenix%2C_United_States_%28Unsplash_-dY3GOe-2ac%29.jpg/1280px-Phoenix%2C_United_States_%28Unsplash_-dY3GOe-2ac%29.jpg,1280,853,2e7a154841a212c665c4f1be6a82b342da194aca08debe17d263392015f2cbdc
rw0077,images/catalogue/22907304_rw0077.jpg,chuck_lo:navy,Converse Unisex Chuck Taylor All Star Low Top Sneakers,22907304,catalogue,https://commons.wikimedia.org/wiki/File%3ABlack_Converse_sneakers.JPG,wikimedia_commons_user_upload,yes,exact,test,chuck_lo,navy,Converse,Casual Shoes,Navy Blue,40161179|22907304|40352603,3,False,https://www.myntra.com/Casual-Shoes/Converse/Converse-Unisex-Chuck-Taylor-All-Star-Sneakers/22907304/buy,,,"navy low-top pair, indoor",File:Black_Converse_sneakers.JPG,Chuck Taylor All-Stars (low-top),Brooke Fishwick,"Janurary 20, 2010",CC BY-SA 3.0; GFDL,https://creativecommons.org/licenses/by-sa/3.0,English: I Brooke Fishwick created this work entirely by myself.,English: A pair of black Converse sneakers,https://upload.wikimedia.org/wikipedia/commons/thumb/a/a5/Black_Converse_sneakers.JPG/1280px-Black_Converse_sneakers.JPG,1280,857,004992b265317f5c44a2abe3ad869d2617e488be4ac566964a78ac8987e49b92
rw0078,images/catalogue/22907304_rw0078.jpg,chuck_lo:navy,Converse Unisex Chuck Taylor All Star Low Top Sneakers,22907304,catalogue,https://commons.wikimedia.org/wiki/File%3AConverse_All_Star_de_couro_-.jpg,wikimedia_commons_user_upload,yes,style_match,test,chuck_lo,navy,Converse,Casual Shoes,Navy Blue,40161179|22907304|40352603,3,False,https://www.myntra.com/Casual-Shoes/Converse/Converse-Unisex-Chuck-Taylor-All-Star-Sneakers/22907304/buy,hand_or_foot_in_frame|off_angle,"leather edition, colour not listed","navy low-top worn, top-down on tiles",File:Converse_All_Star_de_couro_-.jpg,People with Chuck Taylor All-Stars,LuanCampSouza93,"27 August 2020, 15:00:31",CC BY-SA 4.0,https://creativecommons.org/licenses/by-sa/4.0,Own work,Português: Foto tirada usando meu All Star de couro preto,https://upload.wikimedia.org/wikipedia/commons/a/a7/Converse_All_Star_de_couro_-.jpg,585,605,aeafc351c633f21f227778fdeda541b6d9b5d65218d0ae396b4733b1fed1afef
rw0079,images/catalogue/22907304_rw0079.jpg,chuck_lo:navy,Converse Unisex Chuck Taylor All Star Low Top Sneakers,22907304,catalogue,https://commons.wikimedia.org/wiki/File%3AEmo_beat_up_chuck_taylor_all_star_converse.jpg,wikimedia_commons_user_upload,yes,exact,test,chuck_lo,navy,Converse,Casual Shoes,Navy Blue,40161179|22907304|40352603,3,False,https://www.myntra.com/Casual-Shoes/Converse/Converse-Unisex-Chuck-Taylor-All-Star-Sneakers/22907304/buy,worn_dirty,torn,"navy low-top torn/worn, carpet",File:Emo_beat_up_chuck_taylor_all_star_converse.jpg,Chuck Taylor All-Stars (low-top),The original uploader was Steevven1 at English Wikipedia .,27 January 2007 (original upload date),CC BY 2.5,https://creativecommons.org/licenses/by/2.5,Transferred from en.wikipedia to Commons.,A photo of Chuck Taylor All Star low-top Converse shoes. Author: Myself ( en:User:Steevven1 ) URL: http://www.steevven1.com/pictures.php,https://upload.wikimedia.org/wikipedia/commons/thumb/b/bd/Emo_beat_up_chuck_taylor_all_star_converse.jpg/1280px-Emo_beat_up_chuck_taylor_all_star_converse.jpg,1280,832,8f2e3c72c4daec36c411fa72ff137a2332302f0f1acb2b84d662a697d2e25d4e
rw0080,images/catalogue/22907306_rw0080.jpg,chuck_lo:red,Converse Unisex Chuck Taylor All Star Low Top Sneakers,22907306,catalogue,https://commons.wikimedia.org/wiki/File%3AChuck_Taylors.jpg,wikimedia_commons_user_upload,yes,exact,test,chuck_lo,red,Converse,Casual Shoes,Red,39088494|22907306|40352583,3,False,https://www.myntra.com/Casual-Shoes/Converse/Converse-Unisex-Chuck-Taylor-All-Star-Sneakers/22907306/buy,worn_dirty,,red low-top dirty on bedsheet,File:Chuck_Taylors.jpg,Chuck Taylor All-Stars (low-top),"Kris from Seattle, USA","24 April 2005, 17:42:54",CC BY 2.0,https://creativecommons.org/licenses/by/2.0,Flickr,Boarisch: Leinenschuah mit Gummitei. Deutsch: Leinenschuhe mit Gummivorderkappe und Gummisohle. Chuck Taylors,https://upload.wikimedia.org/wikipedia/commons/4/43/Chuck_Taylors.jpg,640,521,9afeb49dbaf56ce6c83dd09d7a1eddcb95481f84558b56dec9f957b18c3b780d
rw0081,images/catalogue/22907306_rw0081.jpg,chuck_lo:red,Converse Unisex Chuck Taylor All Star Low Top Sneakers,22907306,catalogue,https://commons.wikimedia.org/wiki/File%3AConverse_All_Star_low_top_red.jpg,wikimedia_commons_user_upload,yes,exact,test,chuck_lo,red,Converse,Casual Shoes,Red,39088494|22907306|40352583,3,False,https://www.myntra.com/Casual-Shoes/Converse/Converse-Unisex-Chuck-Taylor-All-Star-Sneakers/22907306/buy,,on shoebox,"red low-top on shoebox, tiled floor",File:Converse_All_Star_low_top_red.jpg,Chuck Taylor All-Stars (low-top),Rachmaninoff,"5 December 2016, 18:11:39",CC BY-SA 4.0,https://creativecommons.org/licenses/by-sa/4.0,Own work,"English: A pair of Converse All Star sneakers, low top, red, over the original box.",https://upload.wikimedia.org/wikipedia/commons/thumb/c/c1/Converse_All_Star_low_top_red.jpg/1280px-Converse_All_Star_low_top_red.jpg,1280,720,fd2ab517f205868aa71a440c6d1f4b01e9c0fde47cda041e1895faad97038ec6
rw0082,images/catalogue/23059420_rw0082.jpg,chuck_lo:white,Converse Unisex Chuck Taylor All Star Low Top Sneakers,23059420,catalogue,https://commons.wikimedia.org/wiki/File%3AChillin_%287449809950%29.jpg,wikimedia_commons_user_upload,yes,exact,test,chuck_lo,white,Converse,Casual Shoes,White,23059420|41231679|43104144|25850006|27452160|34447373,6,False,https://www.myntra.com/Casual-Shoes/Converse/Converse-Unisex-Chuck-Taylor-All-Star-Sneakers/23059420/buy,hand_or_foot_in_frame|off_angle,POV,"white low-top worn, top-down POV",File:Chillin_(7449809950).jpg,Chuck Taylor All-Stars (low-top),"Lisa from Columbus, USA","26 June 2012, 15:42",CC BY 2.0,https://creativecommons.org/licenses/by/2.0,chillin,chillin,https://upload.wikimedia.org/wikipedia/commons/8/88/Chillin_%287449809950%29.jpg,612,612,6bb765ccdfb231127855d7efafc1374c720ffe9a20c2bfe9c463282b48ed266e
rw0083,images/catalogue/23059420_rw0083.jpg,chuck_lo:white,Converse Unisex Chuck Taylor All Star Low Top Sneakers,23059420,catalogue,https://commons.wikimedia.org/wiki/File%3AConverseWhiteChucks.jpg,wikimedia_commons_user_upload,yes,exact,test,chuck_lo,white,Converse,Casual Shoes,White,23059420|41231679|43104144|25850006|27452160|34447373,6,False,https://www.myntra.com/Casual-Shoes/Converse/Converse-Unisex-Chuck-Taylor-All-Star-Sneakers/23059420/buy,worn_dirty|cluttered_background,patterned blanket,white low-top dirty on patterned blanket,File:ConverseWhiteChucks.jpg,Chuck Taylor All-Stars (low-top),Alx 91,12/07/08,GFDL; CC BY-SA 2.5,http://www.gnu.org/copyleft/fdl.html,Own work,English: White Converse Chuck Taylors. Español: Zapatillas Converse Blancas.,https://upload.wikimedia.org/wikipedia/commons/1/1f/ConverseWhiteChucks.jpg,1280,960,ec81b74bc70b827f172aef22200b9686646f7292bb3f37a01b8e8cf8efd5b947
rw0084,images/catalogue/23059420_rw0084.jpg,chuck_lo:white,Converse Unisex Chuck Taylor All Star Low Top Sneakers,23059420,catalogue,https://commons.wikimedia.org/wiki/File%3AConverse_side_view.JPG,wikimedia_commons_user_upload,yes,exact,test,chuck_lo,white,Converse,Casual Shoes,White,23059420|41231679|43104144|25850006|27452160|34447373,6,False,https://www.myntra.com/Casual-Shoes/Converse/Converse-Unisex-Chuck-Taylor-All-Star-Sneakers/23059420/buy,low_light,dark background,"white low-top, dark background indoor",File:Converse_side_view.JPG,Chuck Taylor All-Stars (low-top),Thewildone85,7 December 2014,CC BY-SA 3.0; GFDL,https://creativecommons.org/licenses/by-sa/3.0,Own work,English: A side view of white Converse All Star low top shoes.,https://upload.wikimedia.org/wikipedia/commons/a/a3/Converse_side_view.JPG,1600,1200,1eafc68969da2129f64b1cd5399d52940f857d208523e2a6fb4d644eb742197f
rw0085,images/catalogue/23059420_rw0085.jpg,chuck_lo:white,Converse Unisex Chuck Taylor All Star Low Top Sneakers,23059420,catalogue,https://commons.wikimedia.org/wiki/File%3AWhite_converse_front.JPG,wikimedia_commons_user_upload,yes,exact,test,chuck_lo,white,Converse,Casual Shoes,White,23059420|41231679|43104144|25850006|27452160|34447373,6,False,https://www.myntra.com/Casual-Shoes/Converse/Converse-Unisex-Chuck-Taylor-All-Star-Sneakers/23059420/buy,low_light,,"white low-top pair, dark background",File:White_converse_front.JPG,Chuck Taylor All-Stars (low-top),Thewildone85,7 December 2014,CC BY-SA 3.0; GFDL,https://creativecommons.org/licenses/by-sa/3.0,Own work,English: A pair of white Converse All Star shoes.,https://upload.wikimedia.org/wikipedia/commons/b/be/White_converse_front.JPG,1600,1200,6cd58f6122a8675eb093108b9f5efa4d9c0aa1023bc2635da8d0a22fc9294bff
rw0086,images/catalogue/43104109_rw0086.jpg,chuck_lo:yellow,Converse Unisex Chuck Taylor All Star Canvas Low Top Sneaker,43104109,catalogue,https://commons.wikimedia.org/wiki/File%3AConverse_Shoes.jpg,wikimedia_commons_user_upload,yes,style_match,dev,chuck_lo,yellow,Converse,Casual Shoes,Yellow,40161180|43104109,2,False,https://www.myntra.com/Casual-Shoes/Converse/Converse-Unisex-Sneakers/43104109/buy,hand_or_foot_in_frame|off_angle,,"yellow low-top worn, outdoor low angle",File:Converse_Shoes.jpg,People with Chuck Taylor All-Stars (low-top),Wilfredor,"6 April 2013, 11:27:01",CC0,http://creativecommons.org/publicdomain/zero/1.0/deed.en,Own work,"Deutsch : Converse-Schuhe, Maracaibo, Venezuela English : Converse shoes, Maracaibo, Venezuela Español : Zapatos Converse, Maracaibo, Venezuela Français : Chaussures Converse, Maracaibo, Venezuela Italiano : Scarpe Converse, Maracaibo, Venezuela Português : Tênis Converse, Maracaibo, Venezuela Русск",https://upload.wikimedia.org/wikipedia/commons/thumb/b/bd/Converse_Shoes.jpg/1280px-Converse_Shoes.jpg,1280,850,7332ecaf0868cd711b8cfb1aa8221d5dfbf04048b8a082b20edf8b700da0a191
rw0087,images/catalogue/28010344_rw0087.jpg,chuck_lo_leather:black,Converse Unisex Chuck Taylor All Star Leather Low Top Sneakers,28010344,catalogue,https://commons.wikimedia.org/wiki/File%3AConverse_All_Star_de_couro_preto_-_Black_Leather_Converse_All_star.jpg,wikimedia_commons_user_upload,yes,exact,dev,chuck_lo_leather,black,Converse,Casual Shoes,Black,28010344,1,False,https://www.myntra.com/Casual-Shoes/Converse/Converse-Unisex-Chuck-Taylor-All-Star-Leather-Low-Top-Sneakers/28010344/buy,,leather low top,"black low-top on stone tiles, outdoor",File:Converse_All_Star_de_couro_preto_-_Black_Leather_Converse_All_star.jpg,Chuck Taylor All-Stars (low-top),LuanCampSouza93,"27 August 2020, 15:11:05",CC BY-SA 4.0,https://creativecommons.org/licenses/by-sa/4.0,Own work,Português: Converse All Star de couro preto,https://upload.wikimedia.org/wikipedia/commons/c/c0/Converse_All_Star_de_couro_preto_-_Black_Leather_Converse_All_star.jpg,1600,1200,ceda4bffd218fb1b1c7e4beac7d5c7d3fa6cb6867f298c5a04919961555b6e57
rw0088,images/catalogue/39744768_rw0088.jpg,gazelle_indoor:blue,ADIDAS Originals Gazelle Indoor Shoes,39744768,catalogue,https://commons.wikimedia.org/wiki/File%3AAdidas_Gazelle_Indoor.jpg,wikimedia_commons_user_upload,yes,style_match,dev,gazelle_indoor,blue,ADIDAS Originals,Sports Shoes,Blue,39744768,1,False,https://www.myntra.com/Sports-Shoes/ADIDAS+Originals/ADIDAS-Originals-Men-Leather-Running-Shoes/39744768/buy,,,"blue Gazelle Indoor pair, indoor",File:Adidas_Gazelle_Indoor.jpg,Adidas Gazelle,LeDroider,25 May 2024,CC0,http://creativecommons.org/publicdomain/zero/1.0/deed.en,Own work,English: Adidas Gazelle Indoor,https://upload.wikimedia.org/wikipedia/commons/thumb/1/15/Adidas_Gazelle_Indoor.jpg/1280px-Adidas_Gazelle_Indoor.jpg,1280,946,292edb099b80c1323d6000228841f0c837b5341f9f21e64ae488f770a90ee9b4
rw0089,images/catalogue/39744486_rw0089.jpg,handball_spezial:red,ADIDAS Originals HANDBALL SPEZIAL W,39744486,catalogue,https://commons.wikimedia.org/wiki/File%3AAdidas_Spezial.jpg,wikimedia_commons_user_upload,yes,exact,dev,handball_spezial,red,ADIDAS Originals,Sports Shoes,Red,39744486|44983452,2,False,https://www.myntra.com/Sports-Shoes/ADIDAS+Originals/ADIDAS-Originals-Women-Leather-Running-Shoes/39744486/buy,,,"red Handball Spezial, indoor",File:Adidas_Spezial.jpg,Adidas Spezial,Pangalau,"5 April 2024, 14:00:30",CC BY-SA 4.0,https://creativecommons.org/licenses/by-sa/4.0,Own work,English: Adidas Spezial at Adidas Orchard Road on 5 April 2024.,https://upload.wikimedia.org/wikipedia/commons/thumb/c/c7/Adidas_Spezial.jpg/1280px-Adidas_Spezial.jpg,1280,719,1208852dd0b6363dccd03d61d6945f6be024833c9f83e89754bee0b7e98c1f0e
rw0090,images/catalogue/44102394_rw0090.jpg,jordan_1_high:blue,Nike Air Jordan 1 Retro High OG 'Love Letter' Men's Shoes,44102394,catalogue,https://commons.wikimedia.org/wiki/File%3AAir_Jordan_Royal_blue_2016.jpg,wikimedia_commons_user_upload,yes,style_match,test,jordan_1_high,blue,Nike,Casual Shoes,Brown,44102394,1,False,https://www.myntra.com/Casual-Shoes/Nike/Nike-Air-Jordan-1-Retro-High-OG-Love-Letter-Mens-Shoes/44102394/buy,cluttered_background,"Royal, on manhole",black/blue Jordan 1 High on manhole cover,File:Air_Jordan_Royal_blue_2016.jpg,Air Jordan 1,HI 622,7 April 2021,CC BY-SA 4.0,https://creativecommons.org/licenses/by-sa/4.0,Own work,"Français : La photo montre le modèle Air Jordan 1 Royal édition 2017, le plus proche de celui de 1986, visible dans le film ""Nola Darling n'en fait qu'à sa tête"". Le cliché s'inspire d'une image du film.",https://upload.wikimedia.org/wikipedia/commons/thumb/b/bb/Air_Jordan_Royal_blue_2016.jpg/1280px-Air_Jordan_Royal_blue_2016.jpg,1280,960,3a8d54292986c8290408187845dd8279a2166d6baac40d5e2c8da175451b11b4
rw0091,images/catalogue/44102394_rw0091.jpg,jordan_1_high:blue,Nike Air Jordan 1 Retro High OG 'Love Letter' Men's Shoes,44102394,catalogue,https://commons.wikimedia.org/wiki/File%3AAirjordan1985-1st.JPG,wikimedia_commons_user_upload,yes,style_match,test,jordan_1_high,blue,Nike,Casual Shoes,Brown,44102394,1,False,https://www.myntra.com/Casual-Shoes/Nike/Nike-Air-Jordan-1-Retro-High-OG-Love-Letter-Mens-Shoes/44102394/buy,cluttered_background,"Royal, on grass",royal blue Jordan 1 High on grass,File:Airjordan1985-1st.JPG,Air Jordan 1,Trios2007,,GFDL; CC BY 3.0,http://www.gnu.org/copyleft/fdl.html,Own work,"Air Jordan 1 ""Royal"", Blue & Black these are NOT nike Air Force Ones . Air Jordan 1 was not based on the Nike DUNK",https://upload.wikimedia.org/wikipedia/commons/a/aa/Airjordan1985-1st.JPG,296,252,522400b99219f60a9037e0f5e81f46c849980af00adc13a4432dc24dbd4d08c2
rw0092,images/catalogue/44102394_rw0092.jpg,jordan_1_high:grey,Nike Air Jordan 1 Retro High OG 'Love Letter' Men's Shoes,44102394,catalogue,https://commons.wikimedia.org/wiki/File%3AAir_Jordan_1_Retro_High_OG_CO._Japan_silver.jpg,wikimedia_commons_user_upload,yes,style_match,test,jordan_1_high,grey,Nike,Casual Shoes,Brown,44102394,1,False,https://www.myntra.com/Casual-Shoes/Nike/Nike-Air-Jordan-1-Retro-High-OG-Love-Letter-Mens-Shoes/44102394/buy,cluttered_background,CO.JP silver,grey Jordan 1 High pair on grass in park (High variant),File:Air_Jordan_1_Retro_High_OG_CO._Japan_silver.jpg,Air Jordan 1,HI 622,25 March 2021,CC BY-SA 4.0,https://creativecommons.org/licenses/by-sa/4.0,Own work,"Français : Cette nouvelle version du coloris silver devait célébrer les Jeux Olympiques de Tokyo de l'été 2020. Si l’événement sportif a été reporté à cause de la COVI-19, la basket fut bien vendue durant cette période.",https://upload.wikimedia.org/wikipedia/commons/thumb/5/56/Air_Jordan_1_Retro_High_OG_CO._Japan_silver.jpg/1280px-Air_Jordan_1_Retro_High_OG_CO._Japan_silver.jpg,1280,960,5ba269a2df3ccd3fb596bd6a8812a320bd43a804f6e9e4d6af9b2c8992e1c2da
rw0093,images/catalogue/44102394_rw0093.jpg,jordan_1_high:multi,Nike Air Jordan 1 Retro High OG 'Love Letter' Men's Shoes,44102394,catalogue,https://commons.wikimedia.org/wiki/File%3AAir_Jordan_1_%2829361675221%29.jpg,wikimedia_commons_user_upload,yes,style_match,test,jordan_1_high,multi,Nike,Casual Shoes,Brown,44102394,1,False,https://www.myntra.com/Casual-Shoes/Nike/Nike-Air-Jordan-1-Retro-High-OG-Love-Letter-Mens-Shoes/44102394/buy,hand_or_foot_in_frame|partial_occlusion,"Bred High, held",Jordan 1 High Bred held in hand (hand occlusion; High variant),File:Air_Jordan_1_(29361675221).jpg,Air Jordan 1,"Ting Him Mak from Hong Kong, China","4 September 2016, 02:23",CC BY 2.0,https://creativecommons.org/licenses/by/2.0,Air Jordan 1,"係呢個Jordan 泛濫嘅年代 一個街口應該都搵到十對八對 咁耐以黎，我一對都無買過黎著 回想返小學生年代 曾經係沙田嘅波鞋鋪見到有得買 紅白、黑金嘅Air Jordan 1 我出出入入咁睇左好多次 大佬 Jordan wo 唔識籃球都知乜水喇 無記錯係大約$699 奈可以當時嘅物價實在太貴喇 等下等下，終於比我係2016年等到佢出現 My first Air Jordan ""1"" 哥買的是童年",https://upload.wikimedia.org/wikipedia/commons/thumb/c/c3/Air_Jordan_1_%2829361675221%29.jpg/1280px-Air_Jordan_1_%2829361675221%29.jpg,1280,1055,240d88899ab5e65acb8e9539bf9e2e0613403bd989e78b926dc7707cbd11195d
rw0094,images/catalogue/44102394_rw0094.jpg,jordan_1_high:multi,Nike Air Jordan 1 Retro High OG 'Love Letter' Men's Shoes,44102394,catalogue,https://commons.wikimedia.org/wiki/File%3AAir_Jordan_1_Banned.jpg,wikimedia_commons_user_upload,yes,style_match,test,jordan_1_high,multi,Nike,Casual Shoes,Brown,44102394,1,False,https://www.myntra.com/Casual-Shoes/Nike/Nike-Air-Jordan-1-Retro-High-OG-Love-Letter-Mens-Shoes/44102394/buy,cluttered_background,Banned/Bred,Jordan 1 Mid black/red pair outdoors on ledge,File:Air_Jordan_1_Banned.jpg,Air Jordan 1,HI 622,8 March 2021,CC BY-SA 4.0,https://creativecommons.org/licenses/by-sa/4.0,Own work,"Français : Air Jordan 1 Banned. Sur la languette de cette version ""Mid"" de 2020 figure le ""Jumpman"".",https://upload.wikimedia.org/wikipedia/commons/thumb/5/59/Air_Jordan_1_Banned.jpg/1280px-Air_Jordan_1_Banned.jpg,1280,960,490fd3967dac8e3e42c364a575e7e316be7ec922a2a46c624fc7c355f2286ec2
rw0095,images/catalogue/44102394_rw0095.jpg,jordan_1_high:multi,Nike Air Jordan 1 Retro High OG 'Love Letter' Men's Shoes,44102394,catalogue,https://commons.wikimedia.org/wiki/File%3AJordan_1_sb_nike.jpg,wikimedia_commons_user_upload,yes,style_match,test,jordan_1_high,multi,Nike,Casual Shoes,Brown,44102394,1,False,https://www.myntra.com/Casual-Shoes/Nike/Nike-Air-Jordan-1-Retro-High-OG-Love-Letter-Mens-Shoes/44102394/buy,worn_dirty,SB edition,"grey/pink Jordan 1 High worn, creased",File:Jordan_1_sb_nike.jpg,Air Jordan 1,William Mucci,"22 January 2021, 22:45:10",CC BY-SA 4.0,https://creativecommons.org/licenses/by-sa/4.0,https://www.flickr.com/photos/191837417@N07/50863703918/,English: skate shoe nike,https://upload.wikimedia.org/wikipedia/commons/thumb/2/2e/Jordan_1_sb_nike.jpg/1280px-Jordan_1_sb_nike.jpg,1280,1580,a034f2dcc2165daab9217e27a2ae79e3f3d7dcaa3f7918bcfa29f5a0e60def88
rw0096,images/catalogue/36555019_rw0096.jpg,jordan_1_mid:pink,Nike Air Jordan 1 Mid Men's Shoes,36555019,catalogue,https://commons.wikimedia.org/wiki/File%3AAir_Jordan_1_-_Crimson_Tint_%2849688016508%29.jpg,wikimedia_commons_user_upload,yes,style_match,dev,jordan_1_mid,pink,Nike,Casual Shoes,Blue,36555019|37074610|38361190|38433566|38433567|39413505|41276123|41276105|43092168|43092164|43092167|43092230|43092219|43702283|43702267|45900727|45900733|45900738|45900736|26144944|26144940|28282378|31643044|34948190|34948178,25,True,https://www.myntra.com/Casual-Shoes/Nike/Nike-Air-Jordan-1-Mid-Mens-Shoes/36555019/buy,,Crimson Tint,"Jordan 1 Mid pink/white, indoor",File:Air_Jordan_1_-_Crimson_Tint_(49688016508).jpg,Air Jordan 1,"Ajay Suresh from New York, NY, USA","22 March 2020, 14:10",CC BY 2.0,https://creativecommons.org/licenses/by/2.0,Air Jordan 1 - Crimson Tint,Air Jordan 1 - Crimson Tint,https://upload.wikimedia.org/wikipedia/commons/thumb/e/ec/Air_Jordan_1_-_Crimson_Tint_%2849688016508%29.jpg/1280px-Air_Jordan_1_-_Crimson_Tint_%2849688016508%29.jpg,1280,720,79e123bf017e2e992e0739f2b730e74e24d54a049e67b86c58bef8ab582d8fb2
rw0097,images/catalogue/40449407_rw0097.jpg,predator_club:multi,ADIDAS Kids FPREDATOR CLUB FG/MG J Football Shoes,40449407,catalogue,https://commons.wikimedia.org/wiki/File%3AAdidas_Predator_Club_Football_Shoes_%2814543%29.jpg,wikimedia_commons_user_upload,yes,style_match,dev,predator_club,multi,ADIDAS,Sports Shoes,Peach,40449407,1,False,https://www.myntra.com/Sports-Shoes/ADIDAS/ADIDAS-Kids-FPREDATOR-CLUB-FGMG-J-Football-Shoes/40449407/buy,cluttered_background,white/pink colourway not listed (catalogue: kids peach),white/pink Predator football boots on grass,File:Adidas_Predator_Club_Football_Shoes_(14543).jpg,Adidas Predator,Gannu03,5 October 2025 (according to Exif data),CC BY-SA 4.0,https://creativecommons.org/licenses/by-sa/4.0,Own work,English: Adidas Predator Club Football Shoes,https://upload.wikimedia.org/wikipedia/commons/thumb/6/60/Adidas_Predator_Club_Football_Shoes_%2814543%29.jpg/1280px-Adidas_Predator_Club_Football_Shoes_%2814543%29.jpg,1280,721,5bc304133f94d308ef1b03d4d2654a8e9953bb937b006544008a0b6d9c8a18fa
rw0098,images/catalogue/29020566_rw0098.jpg,samba_og:black,ADIDAS Originals Men Samba OG Leather Sneakers,29020566,catalogue,https://commons.wikimedia.org/wiki/File%3AAdidas_Samba_sneakers%2C_Originals_branch.JPG,wikimedia_commons_user_upload,yes,style_match,test,samba_og,black,ADIDAS Originals,Casual Shoes,Black,38592240|26518320|29020566|30488376|30529211|35209776|35209762,7,False,https://www.myntra.com/Casual-Shoes/ADIDAS+Originals/ADIDAS-Originals-Men-Samba-OG-Leather-Sneakers/29020566/buy,hand_or_foot_in_frame,,"black Samba worn, grey carpet","File:Adidas_Samba_sneakers,_Originals_branch.JPG",Adidas Samba,Original uploader was Joebengo at en.wikipedia,23 January 2007 (original upload date),Public domain,,Transferred from en.wikipedia,"Adidas Samba sneakers, Originals branch",https://upload.wikimedia.org/wikipedia/commons/thumb/0/08/Adidas_Samba_sneakers%2C_Originals_branch.JPG/1280px-Adidas_Samba_sneakers%2C_Originals_branch.JPG,1280,1094,dc8594122cd5ed72e8a82b01c9e105fd3db293860696776991140bf99612340b
rw0099,images/catalogue/29020566_rw0099.jpg,samba_og:black,ADIDAS Originals Men Samba OG Leather Sneakers,29020566,catalogue,https://commons.wikimedia.org/wiki/File%3AAdidas_Sambas.JPG,wikimedia_commons_user_upload,yes,style_match,test,samba_og,black,ADIDAS Originals,Casual Shoes,Black,38592240|26518320|29020566|30488376|30529211|35209776|35209762,7,False,https://www.myntra.com/Casual-Shoes/ADIDAS+Originals/ADIDAS-Originals-Men-Samba-OG-Leather-Sneakers/29020566/buy,off_angle,low angle,"black Samba on wooden floor, low angle",File:Adidas_Sambas.JPG,Adidas Samba,Notjake13,3 April 2008,Public domain,,Own work,My pair of Adidas Sambas.,https://upload.wikimedia.org/wikipedia/commons/thumb/0/0b/Adidas_Sambas.JPG/1280px-Adidas_Sambas.JPG,1280,960,769df11bfa036eb0f109d8ead73802360cff087c34509addb7bde9e40de077cc
rw0100,images/catalogue/29020566_rw0100.jpg,samba_og:black,ADIDAS Originals Men Samba OG Leather Sneakers,29020566,catalogue,https://commons.wikimedia.org/wiki/File%3AAdidas_samba_black.jpg,wikimedia_commons_user_upload,yes,style_match,test,samba_og,black,ADIDAS Originals,Casual Shoes,Black,38592240|26518320|29020566|30488376|30529211|35209776|35209762,7,False,https://www.myntra.com/Casual-Shoes/ADIDAS+Originals/ADIDAS-Originals-Men-Samba-OG-Leather-Sneakers/29020566/buy,cluttered_background,Samba Super (fold-over tongue); black not listed,black/white Samba on pink blanket,File:Adidas_samba_black.jpg,Adidas Samba,Glen Bowman,"3 June 2007, 16:51:55",CC BY-SA 2.0,https://creativecommons.org/licenses/by-sa/2.0,Here,English: Adidas Samba Black,https://upload.wikimedia.org/wikipedia/commons/7/7b/Adidas_samba_black.jpg,1280,960,c87c33d1741334750f32efaaf46a09fa692c67c77b590528116f05f8a986bcd3
rw0101,images/catalogue/33945739_rw0101.png,samba_og:blue,ADIDAS Originals Men Samba OG Sneakers,33945739,catalogue,https://commons.wikimedia.org/wiki/File%3AAdidas_Samba_shoes.png,wikimedia_commons_user_upload,yes,style_match,test,samba_og,blue,ADIDAS Originals,Casual Shoes,Blue,44658179|33945739,2,False,https://www.myntra.com/Casual-Shoes/ADIDAS+Originals/ADIDAS-Originals-Men-Samba-OG-Sneakers/33945739/buy,hand_or_foot_in_frame,"navy, worn","navy Samba worn, indoor",File:Adidas_Samba_shoes.png,Adidas Samba,Sroc,5 November 2013,GFDL; CC BY-SA 3.0,http://www.gnu.org/copyleft/fdl.html,I took this photo at home,A pair of Adidas Samba shoes featuring the w:three stripes,https://upload.wikimedia.org/wikipedia/commons/thumb/f/f0/Adidas_Samba_shoes.png/1280px-Adidas_Samba_shoes.png,1280,755,462b5fafcb666a6b096149e549ca0e396a6266098ff765ed8bf10c8e5be6d35e
rw0102,images/catalogue/33945739_rw0102.jpg,samba_og:blue,ADIDAS Originals Men Samba OG Sneakers,33945739,catalogue,https://commons.wikimedia.org/wiki/File%3ABlue_suede_samba.JPG,wikimedia_commons_user_upload,yes,exact,test,samba_og,blue,ADIDAS Originals,Casual Shoes,Blue,44658179|33945739,2,False,https://www.myntra.com/Casual-Shoes/ADIDAS+Originals/ADIDAS-Originals-Men-Samba-OG-Sneakers/33945739/buy,,blue suede on shoebox,blue Samba on shoebox,File:Blue_suede_samba.JPG,Adidas Samba,Darksteel ( talk ),,Public domain,,I created this work entirely by myself.,Deutsch: Neue Adidas Samba- Turnschuhe aus blauem Veloursleder . English: new blue suede Adidas Samba trainers .,https://upload.wikimedia.org/wikipedia/commons/thumb/d/d7/Blue_suede_samba.JPG/1280px-Blue_suede_samba.JPG,1280,960,c17ef146ca952306177a8399249df643ce4cf1c0288d2cef728c0b95c45b8ae3
rw0103,images/catalogue/40500526_rw0103.png,samba_og:grey,ADIDAS Originals SAMBA OG,40500526,catalogue,https://commons.wikimedia.org/wiki/File%3AAdidas_Samba.PNG,wikimedia_commons_user_upload,yes,style_match,dev,samba_og,grey,ADIDAS Originals,Casual Shoes,Grey,40500526,1,False,https://www.myntra.com/Casual-Shoes/ADIDAS+Originals/ADIDAS-Originals-Men-Textured-Leather-Sneakers/40500526/buy,hand_or_foot_in_frame|low_light,,"grey/white Samba worn, dim indoor",File:Adidas_Samba.PNG,Adidas Samba,Astonmartini at English Wikipedia,14 August 2007 (original upload date),Public domain,,Transferred from en.wikipedia to Commons by Sreejithk2000 using CommonsHelper .,English: My worn out pair of Sambas,https://upload.wikimedia.org/wikipedia/commons/2/24/Adidas_Samba.PNG,442,360,99a0eded96eb45f0e2b1780b6c0a7165721ae069bcc3529444201e484bafc7a6
rw0104,images/catalogue/20070698_rw0104.jpg,stan_smith:black,ADIDAS Originals Men Stan Smith Sneakers,20070698,catalogue,https://commons.wikimedia.org/wiki/File%3AM20327.jpg,wikimedia_commons_user_upload,yes,style_match,dev,stan_smith,black,ADIDAS Originals,Casual Shoes,Black,20070698|13998544|1731222,3,True,https://www.myntra.com/Casual-Shoes/ADIDAS+Originals/ADIDAS-Originals-Men-Stan-Smith-Sneakers/20070698/buy,off_angle,top-down,black Stan Smith pair top-down on white sheet,File:M20327.jpg,Adidas Stan Smith,HI 622,12 November 2017,CC BY-SA 4.0,https://creativecommons.org/licenses/by-sa/4.0,Own work,Français : Stan Smith noire,https://upload.wikimedia.org/wikipedia/commons/thumb/2/2a/M20327.jpg/1280px-M20327.jpg,1280,960,1ffbd6a75ad98d877c5526e3161135bb8a7cfe700d2dc677dea0f236f61c7173
rw0105,images/catalogue/1990058_rw0105.jpg,stan_smith:white_black,ADIDAS Originals Men White Stan Smith Sneakers,1990058,catalogue,https://commons.wikimedia.org/wiki/File%3AAdidas_Stan_Smith_wht-blk.jpg,wikimedia_commons_user_upload,yes,style_match,dev,stan_smith,white_black,ADIDAS Originals,Casual Shoes,White,1990058|20843476|370466|22842194|22842046|13998466|24323700|26227936|26227932|26227938|26519236|26519146|26519214|26519130|29019394|29020998|29019404|29020554|29020538|29019392|29020530|29046784|29883999|29884006|29884050|30422962|31249953|31249967|1731125|1775064,30,True,https://www.myntra.com/Casual-Shoes/ADIDAS+Originals/ADIDAS-Originals-Men-White-Stan-Smith-Sneakers/1990058/buy,,white/black heel tab variant,"white/navy Stan Smith on parquet, tag attached",File:Adidas_Stan_Smith_wht-blk.jpg,Adidas Stan Smith,Blunt.,28 June 2010,GFDL; CC BY-SA 3.0,http://www.gnu.org/copyleft/fdl.html,Own work,"English: Pair of Adidas shoes, model ""Stan Smith"" Deutsch: Ein Paar Adidas Stan Smith",https://upload.wikimedia.org/wikipedia/commons/thumb/d/d3/Adidas_Stan_Smith_wht-blk.jpg/1280px-Adidas_Stan_Smith_wht-blk.jpg,1280,960,57d090450d46c400cf497f9bb3e5c570f082924defa9b705221c746d26bfd1f7
rw0106,images/catalogue/370466_rw0106.jpg,stan_smith:white_green,ADIDAS Originals Men White & Green Stan Smith Sneakers,370466,catalogue,https://commons.wikimedia.org/wiki/File%3AAdidas_Stan_Smith_%28made_in_France%29.jpg,wikimedia_commons_user_upload,yes,exact,test,stan_smith,white_green,ADIDAS Originals,Casual Shoes,White,1990058|20843476|370466|22842194|22842046|13998466|24323700|26227936|26227932|26227938|26519236|26519146|26519214|26519130|29019394|29020998|29019404|29020554|29020538|29019392|29020530|29046784|29883999|29884006|29884050|30422962|31249953|31249967|1731125|1775064,30,False,https://www.myntra.com/Casual-Shoes/ADIDAS+Originals/ADIDAS-Originals-Men-White--Green-Stan-Smith-Casual-Shoes/370466/buy,,wooden floor,"white/green Stan Smith on wooden floor, indoor",File:Adidas_Stan_Smith_(made_in_France).jpg,Adidas Stan Smith,Tohlsson,2 October 2012,GFDL; CC BY-SA 3.0,http://www.gnu.org/copyleft/fdl.html,Own work,English: Adidas Stan Smith (made in France),https://upload.wikimedia.org/wikipedia/commons/6/6a/Adidas_Stan_Smith_%28made_in_France%29.jpg,1024,1280,25812b78d403022747f3401b94a573a4f601362ccc8dcc76f01516672a77c1e0
rw0107,images/catalogue/370466_rw0107.jpg,stan_smith:white_green,ADIDAS Originals Men White & Green Stan Smith Sneakers,370466,catalogue,https://commons.wikimedia.org/wiki/File%3AAdidas_Stan_Smith_80s.jpg,wikimedia_commons_user_upload,yes,exact,test,stan_smith,white_green,ADIDAS Originals,Casual Shoes,White,1990058|20843476|370466|22842194|22842046|13998466|24323700|26227936|26227932|26227938|26519236|26519146|26519214|26519130|29019394|29020998|29019404|29020554|29020538|29019392|29020530|29046784|29883999|29884006|29884050|30422962|31249953|31249967|1731125|1775064,30,False,https://www.myntra.com/Casual-Shoes/ADIDAS+Originals/ADIDAS-Originals-Men-White--Green-Stan-Smith-Casual-Shoes/370466/buy,,,white/green Stan Smith on floorboards,File:Adidas_Stan_Smith_80s.jpg,Adidas Stan Smith,Tohlsson,19 March 2009,GFDL; CC BY-SA 3.0,http://www.gnu.org/copyleft/fdl.html,Own work,English: Adidas Stan Smith 80s,https://upload.wikimedia.org/wikipedia/commons/4/40/Adidas_Stan_Smith_80s.jpg,1024,1280,d1a2e56d214daa7d6b318101395d2bdc6fae016c5f8e34eda06860b2625730df
rw0108,images/catalogue/370466_rw0108.jpg,stan_smith:white_green,ADIDAS Originals Men White & Green Stan Smith Sneakers,370466,catalogue,https://commons.wikimedia.org/wiki/File%3AZapatillas_deportivas.jpg,wikimedia_commons_user_upload,yes,exact,test,stan_smith,white_green,ADIDAS Originals,Casual Shoes,White,1990058|20843476|370466|22842194|22842046|13998466|24323700|26227936|26227932|26227938|26519236|26519146|26519214|26519130|29019394|29020998|29019404|29020554|29020538|29019392|29020530|29046784|29883999|29884006|29884050|30422962|31249953|31249967|1731125|1775064,30,False,https://www.myntra.com/Casual-Shoes/ADIDAS+Originals/ADIDAS-Originals-Men-White--Green-Stan-Smith-Casual-Shoes/370466/buy,,wooden table,white/green Stan Smith on wooden table,File:Zapatillas_deportivas.jpg,Adidas Stan Smith,Carmenborass,"29 March 2017, 14:44:50",CC BY-SA 4.0,https://creativecommons.org/licenses/by-sa/4.0,Own work,"Español: Zapatillas deportivas blancas, con la parte trasera verde.",https://upload.wikimedia.org/wikipedia/commons/thumb/d/db/Zapatillas_deportivas.jpg/1280px-Zapatillas_deportivas.jpg,1280,960,584289e91048b65628c3189095d28b9c9c3ed472ac332a2190a83cb1ef2e24d2
rw0109,images/catalogue/16558272_rw0109.jpg,stan_smith_cf:white,ADIDAS Originals Kids STAN SMITH CF Sneakers,16558272,catalogue,https://commons.wikimedia.org/wiki/File%3ASneakers_velcro.jpg,wikimedia_commons_user_upload,yes,exact,test,stan_smith_cf,white,ADIDAS Originals,Casual Shoes,White,16558272,1,False,https://www.myntra.com/Casual-Shoes/ADIDAS+Originals/ADIDAS-Originals-Kids-STAN-SMITH-CF-Sneakers/16558272/buy,,"velcro, concrete",white/green Stan Smith CF velcro on concrete,File:Sneakers_velcro.jpg,Adidas Stan Smith,Flickr Username EverJean,11 December 2005,CC BY 2.0,https://creativecommons.org/licenses/by/2.0,https://www.flickr.com/photos/evert-jan/72470950/,Sneaker using velcro fasteners,https://upload.wikimedia.org/wikipedia/commons/a/ab/Sneakers_velcro.jpg,800,600,9fd5b306c5c4df6a60a8f91c1e827973250cfe775255f1961234eacf61c55efd
rw0110,images/catalogue/11353384_rw0110.jpg,superstar:white_black,ADIDAS Originals Men White & Black Superstar Textured Detail Sneakers,11353384,catalogue,https://commons.wikimedia.org/wiki/File%3AAdidas_Junior_Superstar.jpg,wikimedia_commons_user_upload,yes,exact,test,superstar,white_black,ADIDAS Originals,Casual Shoes,White,11353186|11353384|26227926|26227930,4,True,https://www.myntra.com/Casual-Shoes/ADIDAS+Originals/ADIDAS-Originals-Men-White--Black-Superstar-Textured-Detail-Sneakers/11353384/buy,,junior size on shoebox,white/black Superstar standing on shoebox,File:Adidas_Junior_Superstar.jpg,Adidas Superstar,Shizxcxzczx,1\2\2026,CC0,http://creativecommons.org/publicdomain/zero/1.0/deed.en,Own work,English: Adidas,https://upload.wikimedia.org/wikipedia/commons/3/37/Adidas_Junior_Superstar.jpg,580,580,f5e04b65c8d8bdcf4f7af4eaf7e3422e61324248208f679ae0a86cfbeb9d82e4
rw0111,images/catalogue/11353384_rw0111.jpg,superstar:white_black,ADIDAS Originals Men White & Black Superstar Textured Detail Sneakers,11353384,catalogue,https://commons.wikimedia.org/wiki/File%3AAdidas_Superstar.JPG,wikimedia_commons_user_upload,yes,exact,test,superstar,white_black,ADIDAS Originals,Casual Shoes,White,11353186|11353384|26227926|26227930,4,True,https://www.myntra.com/Casual-Shoes/ADIDAS+Originals/ADIDAS-Originals-Men-White--Black-Superstar-Textured-Detail-Sneakers/11353384/buy,worn_dirty,,"white/black Superstar worn and dirty, carpet",File:Adidas_Superstar.JPG,Adidas Superstar,Xanor,25 July 2008,CC0,http://creativecommons.org/publicdomain/zero/1.0/deed.en,Own work,English: Basketball shoe Adidas Superstar Svenska: Basketskon Adidas Superstar,https://upload.wikimedia.org/wikipedia/commons/8/86/Adidas_Superstar.JPG,1600,1600,cce83ad69a814fee373db905612015156365f3741299c365cbab86b8fe8b577a
rw0112,images/catalogue/11353384_rw0112.jpg,superstar:white_black,ADIDAS Originals Men White & Black Superstar Textured Detail Sneakers,11353384,catalogue,https://commons.wikimedia.org/wiki/File%3AAdidas_Superstar_shoes_pair.jpg,wikimedia_commons_user_upload,yes,exact,test,superstar,white_black,ADIDAS Originals,Casual Shoes,White,11353186|11353384|26227926|26227930,4,True,https://www.myntra.com/Casual-Shoes/ADIDAS+Originals/ADIDAS-Originals-Men-White--Black-Superstar-Textured-Detail-Sneakers/11353384/buy,cluttered_background,outdoor ledge,white/black Superstar outdoors on concrete ledge,File:Adidas_Superstar_shoes_pair.jpg,Adidas Superstar,"Yahoo! Blog from Sunnyvale, California, USA","28 April 2008, 11:54",CC BY 2.0,https://creativecommons.org/licenses/by/2.0,David Filo's signature Adidas sneaks,Chief Yahoo David Filo's sneakers.,https://upload.wikimedia.org/wikipedia/commons/thumb/5/59/Adidas_Superstar_shoes_pair.jpg/1280px-Adidas_Superstar_shoes_pair.jpg,1280,853,0f9b11f8323b8228a2906da2746e5e4d406edfd4796ccafa188816e6f1daa7d7
rw0113,images/catalogue/11353384_rw0113.jpg,superstar:white_black,ADIDAS Originals Men White & Black Superstar Textured Detail Sneakers,11353384,catalogue,https://commons.wikimedia.org/wiki/File%3ADes_Superstar_Nigo_Bearfoot_en_2015..jpg,wikimedia_commons_user_upload,yes,style_match,test,superstar,white_black,ADIDAS Originals,Casual Shoes,White,11353186|11353384|26227926|26227930,4,True,https://www.myntra.com/Casual-Shoes/ADIDAS+Originals/ADIDAS-Originals-Men-White--Black-Superstar-Textured-Detail-Sneakers/11353384/buy,off_angle,Nigo collab edition,white/black Superstar top-down on tiles,File:Des_Superstar_Nigo_Bearfoot_en_2015..jpg,Adidas Superstar,HI 622,27 May 2016,CC BY-SA 4.0,https://creativecommons.org/licenses/by-sa/4.0,Own work,"Français : L'ours royal, signature de Nigo, y est représenté.",https://upload.wikimedia.org/wikipedia/commons/thumb/0/02/Des_Superstar_Nigo_Bearfoot_en_2015..jpg/1280px-Des_Superstar_Nigo_Bearfoot_en_2015..jpg,1280,1707,59f5e5ecc7d1e6e5ad97ac639ad98ba3eea8e0fb66871e4f6089b23a545bd54a
rw0114,images/catalogue/11353384_rw0114.jpg,superstar:white_black,ADIDAS Originals Men White & Black Superstar Textured Detail Sneakers,11353384,catalogue,https://commons.wikimedia.org/wiki/File%3AThree_Stripes_%2816378807432%29.jpg,wikimedia_commons_user_upload,yes,exact,test,superstar,white_black,ADIDAS Originals,Casual Shoes,White,11353186|11353384|26227926|26227930,4,True,https://www.myntra.com/Casual-Shoes/ADIDAS+Originals/ADIDAS-Originals-Men-White--Black-Superstar-Textured-Detail-Sneakers/11353384/buy,partial_occlusion,in box with tissue,Superstar in box with tissue paper (occlusion),File:Three_Stripes_(16378807432).jpg,Adidas Superstar,halfrain,"27 January 2015, 15:09",CC BY-SA 2.0,https://creativecommons.org/licenses/by-sa/2.0,Three Stripes,"adidas Originals Superstar 80s Vintage Deluxe, my new shooting shoes ;) SD15 with 35/1.4a ISO100 f/2.2 1/4sec SPP: Auto",https://upload.wikimedia.org/wikipedia/commons/thumb/2/2f/Three_Stripes_%2816378807432%29.jpg/1280px-Three_Stripes_%2816378807432%29.jpg,1280,853,00fef53d624499825e18843d1e2e24e433674c9b391bfcd14d53681eed2c7d13
rw0115,images/catalogue/32201468_rw0115.jpg,superstar_ii:black,ADIDAS Originals Men Superstar II Sneakers,32201468,catalogue,https://commons.wikimedia.org/wiki/File%3AAdidasSuperstarII.jpg,wikimedia_commons_user_upload,yes,exact,dev,superstar_ii,black,ADIDAS Originals,Casual Shoes,Black,32201457|32201452|32201468|32201879|32201451,5,False,https://www.myntra.com/Casual-Shoes/ADIDAS+Originals/ADIDAS-Originals-Men-Superstar-2-Sneakers/32201468/buy,,on shoebox,black/white Superstar on shoebox,File:AdidasSuperstarII.jpg,Adidas Superstar,ClonedPickle ( talk ) ( Uploads ),10 August 2007,Public domain,,Own work by the original uploader,English: A newly bought pair of Adidas Superstar II.,https://upload.wikimedia.org/wikipedia/commons/3/36/AdidasSuperstarII.jpg,640,480,bb13642d914e705d4ed3ab088fffa107c2db542ce308c80ab88cdfc426dbc373
rw0116,images/out_of_catalogue/dr_martens_rw0116.jpg,out_of_catalogue,,,out_of_catalogue,https://commons.wikimedia.org/wiki/File%3A12-08_Wacken_Impression_013.JPG,wikimedia_commons_user_upload,yes,,test,dr_martens,,,,,,0,,,,"Dr. Martens boots caked in festival mud, worn","Dr. Martens boots caked in festival mud, worn",File:12-08_Wacken_Impression_013.JPG,Dr. Martens,Achim Raschka ( talk ),"4 August 2012, 14:34:59",CC BY-SA 4.0; CC BY-SA 3.0; GFDL,https://creativecommons.org/licenses/by-sa/4.0,Own work,Deutsch: Impression auf dem Wacken Open Air 2012 English: Impression at Wacken Open Air 2012 This file was uploaded with Commonist .,https://upload.wikimedia.org/wikipedia/commons/thumb/6/65/12-08_Wacken_Impression_013.JPG/1280px-12-08_Wacken_Impression_013.JPG,1280,960,2f12d5e6911f5aa8eac04d17f21c7455f36cc9cdd27874d45787cc71a4aa0090
rw0117,images/out_of_catalogue/crocs_clog_rw0117.jpg,out_of_catalogue,,,out_of_catalogue,https://commons.wikimedia.org/wiki/File%3A2020_-_les_Fagnes_-_crocs.jpg,wikimedia_commons_user_upload,yes,,test,crocs_clog,,,,,,0,,,,"grey Crocs clogs worn POV, forest","grey Crocs clogs worn POV, forest",File:2020_-_les_Fagnes_-_crocs.jpg,Crocs,bDom - artiste - www.bdom.info,"31 July 2020, 15:37:29",CC BY 2.0,https://creativecommons.org/licenses/by/2.0,https://www.flickr.com/photos/bdom/50194500668/,English: Plus de 60 km parcourus du vendredi au lundi à travers les Fagnes. >>> www.ostbelgien.eu/fr/que-faire/ou-aller/hautes-fagnes/tou...,https://upload.wikimedia.org/wikipedia/commons/thumb/a/a1/2020_-_les_Fagnes_-_crocs.jpg/1280px-2020_-_les_Fagnes_-_crocs.jpg,1280,1280,b0f61d1bf65b2ac1e42a09424999d7655894a26aa6d5fc2d84948f34b7e8e3b0
rw0118,images/out_of_catalogue/vans_rw0118.jpg,out_of_catalogue,,,out_of_catalogue,https://commons.wikimedia.org/wiki/File%3A2paar_Vans.JPG,wikimedia_commons_user_upload,yes,,test,vans,,,,,,0,,,,"Vans slip-ons, two people POV on grass","Vans slip-ons, two people POV on grass",File:2paar_Vans.JPG,Vans shoes,Sascha Langenbach,9 May 2008,Public domain,,Privatfoto,Deutsch: 2Paar Vans,https://upload.wikimedia.org/wikipedia/commons/thumb/9/98/2paar_Vans.JPG/1280px-2paar_Vans.JPG,1280,960,77b6aa7f3eb7f022ec364416c1641154373eabec6ce3f728f7c15f4cf0ae9e62
rw0119,images/out_of_catalogue/crocs_clog_rw0119.jpg,out_of_catalogue,,,out_of_catalogue,https://commons.wikimedia.org/wiki/File%3A31.CalvinVollrath.SFLF.WDC.8jul06_%28185383013%29.jpg,wikimedia_commons_user_upload,yes,,test,crocs_clog,,,,,,0,,,,"tan Crocs clog worn, indoor by chair","tan Crocs clog worn, indoor by chair",File:31.CalvinVollrath.SFLF.WDC.8jul06_(185383013).jpg,Crocs,.mw-parser-output .commons-creator-table{background-color:#f0f0ff;box-sizing:border-box;font-size:95%;text-align:start;color:inherit}.mw-parser-output .commons-creator-table>tbody>tr{vertical-align:top}.mw-parser-output .commons-creator-table>tbody>tr>th{background-color:var(--background-color-neutr,"9 July 2006, 03:12",CC BY 2.0,https://creativecommons.org/licenses/by/2.0,31.CalvinVollrath.SFLF.WDC.8jul06,"Calvin Vollrath, Fiddler . www.calvinvollrath.com . 2006 Smithsonian Folklife Festival . www.folklife.si.edu/festival/2006/index.html . National Mall . WDC . Saturday evening, 8 July 2006 . Elvert Xavier Barnes Photography Alberta Canda Festival at www.folklife.si.edu/festival/2006/Alberta/index.htm",https://upload.wikimedia.org/wikipedia/commons/thumb/c/cf/31.CalvinVollrath.SFLF.WDC.8jul06_%28185383013%29.jpg/1280px-31.CalvinVollrath.SFLF.WDC.8jul06_%28185383013%29.jpg,1280,853,e9b689fa8f64bff086456619094c4595e49e9cdabc4b9b868da3645e8108e9d9
rw0120,images/out_of_catalogue/pointe_shoes_rw0120.jpg,out_of_catalogue,,,out_of_catalogue,https://commons.wikimedia.org/wiki/File%3A3eposition.jpg,wikimedia_commons_user_upload,yes,,dev,pointe_shoes,,,,,,0,,,,"pointe shoes on feet, wooden floor, fifth position","pointe shoes on feet, wooden floor, fifth position",File:3eposition.jpg,Pointe shoes on feet,,,Public domain,,,,https://upload.wikimedia.org/wikipedia/commons/f/f1/3eposition.jpg,385,427,3562d55202247aef05d8e592402fc9921e3be06697e6118451fe1050b068684d
rw0121,images/out_of_catalogue/ski_boots_rw0121.jpg,out_of_catalogue,,,out_of_catalogue,https://commons.wikimedia.org/wiki/File%3A500px_photo_%2857801552%29.jpeg,wikimedia_commons_user_upload,yes,,dev,ski_boots,,,,,,0,,,,ski boots on red box with rental tag,ski boots on red box with rental tag,File:500px_photo_(57801552).jpeg,Ski boots,Daniel J,"10 January 2014, 19:30:10 (UTC)",CC BY 3.0,https://creativecommons.org/licenses/by/3.0,Imported from 500px ( archived version ) by the Archive Team . ( detail page ),500px provided description: Untitled [],https://upload.wikimedia.org/wikipedia/commons/thumb/0/0a/500px_photo_%2857801552%29.jpeg/1280px-500px_photo_%2857801552%29.jpeg,1280,1280,78ee9673aa48f8df9b19f98887845816ea42adc95bf3fc2d66bbcd21be216bbc
rw0122,images/out_of_catalogue/onitsuka_tiger_rw0122.jpg,out_of_catalogue,,,out_of_catalogue,https://commons.wikimedia.org/wiki/File%3AASICS.Onitsuka_Tiger.Mexico_66.White.Blue.Red.JPG,wikimedia_commons_user_upload,yes,,test,onitsuka_tiger,,,,,,0,,,,white/blue Onitsuka Mexico 66 on wooden table with box,white/blue Onitsuka Mexico 66 on wooden table with box,File:ASICS.Onitsuka_Tiger.Mexico_66.White.Blue.Red.JPG,Onitsuka Tiger,FRED,2 June 2010,CC BY-SA 3.0; GFDL,https://creativecommons.org/licenses/by-sa/3.0,Own work,"English: ASICS, Onitsuka Tiger Mexico 66 white/blue/red pair. Français : Une paire d'Onitsuka Tiger Mexico 66 blanc/bleu/rouge d'ASICS.",https://upload.wikimedia.org/wikipedia/commons/thumb/9/97/ASICS.Onitsuka_Tiger.Mexico_66.White.Blue.Red.JPG/1280px-ASICS.Onitsuka_Tiger.Mexico_66.White.Blue.Red.JPG,1280,960,2af3d23bd7fef831c63f029fd4429a07b7c513d962d618c9a582499293182f7e
rw0123,images/out_of_catalogue/onitsuka_tiger_rw0123.jpg,out_of_catalogue,,,out_of_catalogue,https://commons.wikimedia.org/wiki/File%3AASICS.Onitsuka_Tiger.Mexico_66._Yellow.jpg,wikimedia_commons_user_upload,yes,,test,onitsuka_tiger,,,,,,0,,,,yellow/black Onitsuka Mexico 66 on blanket,yellow/black Onitsuka Mexico 66 on blanket,File:ASICS.Onitsuka_Tiger.Mexico_66._Yellow.jpg,Onitsuka Tiger (black and yellow),Glen Bowman,3 June 2007,CC BY 2.0,https://creativecommons.org/licenses/by/2.0,originally posted to Flickr as My Rare Trainers 03-06-2007 16-38-05,"English: ASICS, Onitsuka Tiger Mexico 66 Yellow pair. Français : Une paire d'Onitsuka Tiger Mexico 66 jaune d'ASICS.",https://upload.wikimedia.org/wikipedia/commons/7/79/ASICS.Onitsuka_Tiger.Mexico_66._Yellow.jpg,1280,960,cb75ba8ba81e9e695bed0d571a69b64dc80a29643a201befcfbf92cc1613e895
rw0124,images/out_of_catalogue/vans_rw0124.jpg,out_of_catalogue,,,out_of_catalogue,https://commons.wikimedia.org/wiki/File%3AA_Vans_Sneaker_On_The_Side.jpg,wikimedia_commons_user_upload,yes,,test,vans,,,,,,0,,,,checkerboard Vans Old Skool on stone ledge,checkerboard Vans Old Skool on stone ledge,File:A_Vans_Sneaker_On_The_Side.jpg,Vans shoes,Joeltorresmejia78,"19 June 2019, 19:47:16",CC BY-SA 4.0,https://creativecommons.org/licenses/by-sa/4.0,Own work,English: A Vans Sneaker,https://upload.wikimedia.org/wikipedia/commons/6/64/A_Vans_Sneaker_On_The_Side.jpg,1600,1200,a3ffa0d1e449ef57cde7b5669741d020530e53ed1e30726c27d29f2e31efeadf
rw0125,images/out_of_catalogue/moon_boots_rw0125.jpg,out_of_catalogue,,,out_of_catalogue,https://commons.wikimedia.org/wiki/File%3AAfter_ski_boot_%283148381428%29.jpg,wikimedia_commons_user_upload,yes,,test,moon_boots,,,,,,0,,,,purple after-ski moon boots by window,purple after-ski moon boots by window,File:After_ski_boot_(3148381428).jpg,Ski boots,"Rex Roof from Ann Arbor, MI, USA","28 December 2008, 13:52",CC BY 2.0,https://creativecommons.org/licenses/by/2.0,maan laarzen?,maan laarzen?,https://upload.wikimedia.org/wikipedia/commons/thumb/c/c4/After_ski_boot_%283148381428%29.jpg/1280px-After_ski_boot_%283148381428%29.jpg,1280,853,1b10e47329c49f893d125bef27a872f6ed42f0b5d8ff172e0b875cfe1958d870
rw0126,images/out_of_catalogue/air_max_97_rw0126.jpg,out_of_catalogue,,,out_of_catalogue,https://commons.wikimedia.org/wiki/File%3AAir_Max_97.jpg,wikimedia_commons_user_upload,yes,,test,air_max_97,,,,,,0,,,,silver Air Max 97 on red Nike box,silver Air Max 97 on red Nike box,File:Air_Max_97.jpg,Nike Air Max 97,Choledocho,"20 August 2018, 16:23:19",CC BY-SA 4.0,https://creativecommons.org/licenses/by-sa/4.0,Own work,"English: Nike Air Max 97 in the original ""Silver Bullet"" colorway",https://upload.wikimedia.org/wikipedia/commons/thumb/6/6e/Air_Max_97.jpg/1280px-Air_Max_97.jpg,1280,747,6f93b76b4600fc90c97aba8404b2d5c431bf9eaaafd786ccf868ccf403eca5a9
rw0127,images/out_of_catalogue/figure_skates_rw0127.jpg,out_of_catalogue,,,out_of_catalogue,https://commons.wikimedia.org/wiki/File%3AAmerican_Athletic_Figure_Skate.jpg,wikimedia_commons_user_upload,yes,,test,figure_skates,,,,,,0,,,,white figure skates on moss with pine cone,white figure skates on moss with pine cone,File:American_Athletic_Figure_Skate.jpg,Figure skates,Hockey007.,4 October 2017,CC BY-SA 4.0,https://creativecommons.org/licenses/by-sa/4.0,Own work,English: An elegant close up of the natural beauty of a figure skate.,https://upload.wikimedia.org/wikipedia/commons/thumb/8/86/American_Athletic_Figure_Skate.jpg/1280px-American_Athletic_Figure_Skate.jpg,1280,946,d2f6142f2656b85495249a98fc768d0c11e654604604195faf591e719f473189
rw0128,images/out_of_catalogue/rubber_boots_rw0128.jpg,out_of_catalogue,,,out_of_catalogue,https://commons.wikimedia.org/wiki/File%3ABOOTS.jpg,wikimedia_commons_user_upload,yes,,test,rubber_boots,,,,,,0,,,,row of kids rubber boots on gravel,row of kids rubber boots on gravel,File:BOOTS.jpg,Rubber boots,Haogenarchive,1 September 2024,CC0,http://creativecommons.org/publicdomain/zero/1.0/deed.en,Own work,English: Getting ready for winter עברית: הכנות לחורף,https://upload.wikimedia.org/wikipedia/commons/thumb/1/10/BOOTS.jpg/1280px-BOOTS.jpg,1280,960,b424a8f14cd0acdcce4d8da065f19b4bbcd56c146a58108071ad07988054d49b
rw0129,images/out_of_catalogue/pointe_shoes_rw0129.jpg,out_of_catalogue,,,out_of_catalogue,https://commons.wikimedia.org/wiki/File%3ABallerina_%2848125757447%29.jpg,wikimedia_commons_user_upload,yes,,dev,pointe_shoes,,,,,,0,,,,"dancer tying pointe shoe ribbons, seated","dancer tying pointe shoe ribbons, seated",File:Ballerina_(48125757447).jpg,Pointe shoes on feet,"Ralf Steinberger from Milan, Berlin + Munich, Italy + Germany","13 April 2019, 09:49",CC BY 2.0,https://creativecommons.org/licenses/by/2.0,Ballerina,Ballerina,https://upload.wikimedia.org/wikipedia/commons/thumb/5/53/Ballerina_%2848125757447%29.jpg/1280px-Ballerina_%2848125757447%29.jpg,1280,853,10789d5700768e54a6360f435ec160b7765dd56fcba9898b6e33d2471f335d44
rw0130,images/out_of_catalogue/pointe_shoes_rw0130.png,out_of_catalogue,,,out_of_catalogue,https://commons.wikimedia.org/wiki/File%3ABallet_feet_6th_position.png,wikimedia_commons_user_upload,yes,,dev,pointe_shoes,,,,,,0,,,,"pointe shoes on feet, wooden floor, front view","pointe shoes on feet, wooden floor, front view",File:Ballet_feet_6th_position.png,Pointe shoes on feet,Richwales,"21 September 2014, 22:58:55",CC BY-SA 4.0,https://creativecommons.org/licenses/by-sa/4.0,Own work,English: A ballet dancer demonstrating Sixth Position.,https://upload.wikimedia.org/wikipedia/commons/5/5e/Ballet_feet_6th_position.png,732,957,acf317b5f8ccecc1e896394068e8e44ba6e29ca01ffd26349f98d8174c0d05db
rw0131,images/out_of_catalogue/pointe_shoes_rw0131.jpg,out_of_catalogue,,,out_of_catalogue,https://commons.wikimedia.org/wiki/File%3ABallet_pointe_shoes.jpg,wikimedia_commons_user_upload,yes,,dev,pointe_shoes,,,,,,0,,,,"pointe shoes en pointe, dark background","pointe shoes en pointe, dark background",File:Ballet_pointe_shoes.jpg,Pointe shoes on feet,"melalouise from East St Kilda, Australia","21 March 2007, 10:37",CC BY 2.0,https://creativecommons.org/licenses/by/2.0,Stretch,"Ballet pointe shoes - Not the best pose but them I am leaning over to take the shot myself. Yes, these are my feet and the shoes are Grishko 2007s. Very nice shoe (though I don't like the ribbons) but it took me a while to get used to the smaller platform. Again, I realise the ribbon on my right foo",https://upload.wikimedia.org/wikipedia/commons/e/ea/Ballet_pointe_shoes.jpg,922,1382,303d234c2a9a047c5b8cd663ae87ab707358e6758122e35b2cb9e421d793277c
rw0132,images/out_of_catalogue/birkenstock_arizona_rw0132.jpg,out_of_catalogue,,,out_of_catalogue,https://commons.wikimedia.org/wiki/File%3ABirkenstock_Arizona.jpg,wikimedia_commons_user_upload,yes,,test,birkenstock_arizona,,,,,,0,,,,"Birkenstock Arizona sandals worn, parquet","Birkenstock Arizona sandals worn, parquet",File:Birkenstock_Arizona.jpg,Birkenstock shoes,Elmschrat,"26 June 2022, 09:21:03",CC BY-SA 4.0,https://creativecommons.org/licenses/by-sa/4.0,Own work,English: Birkenstock sandals in black,https://upload.wikimedia.org/wikipedia/commons/thumb/d/d3/Birkenstock_Arizona.jpg/1280px-Birkenstock_Arizona.jpg,1280,960,e3d3ba343a1e604adee999efa30cf8917756f939318f871b926e1244a174bb2a
rw0133,images/out_of_catalogue/birkenstock_arizona_rw0133.jpg,out_of_catalogue,,,out_of_catalogue,https://commons.wikimedia.org/wiki/File%3ABirkenstock_Arizona_Blue_sandals.jpg,wikimedia_commons_user_upload,yes,,test,birkenstock_arizona,,,,,,0,,,,"navy Birkenstock Arizona sandals worn with socks, wooden floor (catalogue has Birkenstock clogs only)","navy Birkenstock Arizona sandals worn with socks, wooden floor (catalogue has Birkenstock clogs only)",File:Birkenstock_Arizona_Blue_sandals.jpg,Birkenstock shoes,TheHumanKite,"27 November 2020, 02:59:19",CC BY-SA 4.0,https://creativecommons.org/licenses/by-sa/4.0,Own work,English: Birkenstock Arizona Blue sandals that I use as slippers.,https://upload.wikimedia.org/wikipedia/commons/thumb/0/06/Birkenstock_Arizona_Blue_sandals.jpg/1280px-Birkenstock_Arizona_Blue_sandals.jpg,1280,960,938ea9c672dde2465b8cde809609e44e85ef2e7b964bd8623da9631ce63409c6
rw0134,images/out_of_catalogue/birkenstock_arizona_rw0134.jpg,out_of_catalogue,,,out_of_catalogue,https://commons.wikimedia.org/wiki/File%3ABirkenstock_Sandals.jpg,wikimedia_commons_user_upload,yes,,test,birkenstock_arizona,,,,,,0,,,,Birkenstock Arizona worn on brick pavement,Birkenstock Arizona worn on brick pavement,File:Birkenstock_Sandals.jpg,Birkenstock shoes,Tony Alter,"21 May 2011, 10:10:24",CC BY 2.0,https://creativecommons.org/licenses/by/2.0,Flickr : Birkenstock Sandals,English: Birkenstock sandals,https://upload.wikimedia.org/wikipedia/commons/thumb/7/7a/Birkenstock_Sandals.jpg/1280px-Birkenstock_Sandals.jpg,1280,853,cf29b662673a399a34aa7912e8defed5acb43189c9aaba6cd9459feefc8204fb
rw0135,images/out_of_catalogue/birkenstock_gizeh_rw0135.jpg,out_of_catalogue,,,out_of_catalogue,https://commons.wikimedia.org/wiki/File%3ABirkenstock_Sandals_CNE_04.jpg,wikimedia_commons_user_upload,yes,,dev,birkenstock_gizeh,,,,,,0,,,,white Birkenstock Gizeh thong sandal indoor,white Birkenstock Gizeh thong sandal indoor,File:Birkenstock_Sandals_CNE_04.jpg,Birkenstock shoes,CNEcija12345,25 March 2025,CC BY-SA 4.0,https://creativecommons.org/licenses/by-sa/4.0,Own work,English: Birkenstock Sandals,https://upload.wikimedia.org/wikipedia/commons/thumb/f/f5/Birkenstock_Sandals_CNE_04.jpg/1280px-Birkenstock_Sandals_CNE_04.jpg,1280,3012,84e00026d7f1267f8894d372c38d6b58859ae85c4b9a773a89017f262f269deb
rw0136,images/out_of_catalogue/birkenstock_arizona_rw0136.jpg,out_of_catalogue,,,out_of_catalogue,https://commons.wikimedia.org/wiki/File%3ABirkenstocks_near_water.jpg,wikimedia_commons_user_upload,yes,,test,birkenstock_arizona,,,,,,0,,,,Birkenstock Arizona on wooden dock above water,Birkenstock Arizona on wooden dock above water,File:Birkenstocks_near_water.jpg,Birkenstock shoes,aaronisnotcool,"22 March 2009, 17:08:24",CC BY 2.0,https://creativecommons.org/licenses/by/2.0,https://www.flickr.com/photos/7851526@N08/3378109744,English: Birkenstock Arizonas on a wood deck overlooking water,https://upload.wikimedia.org/wikipedia/commons/thumb/0/0a/Birkenstocks_near_water.jpg/1280px-Birkenstocks_near_water.jpg,1280,853,fd44fab309104266f8aa20075050b3e0c808c4e56699355869b2d253072d3254
rw0137,images/out_of_catalogue/birkenstock_arizona_rw0137.jpg,out_of_catalogue,,,out_of_catalogue,https://commons.wikimedia.org/wiki/File%3ABirkenstocks_on_feet.jpg,wikimedia_commons_user_upload,yes,,test,birkenstock_arizona,,,,,,0,,,,"black Birkenstock Arizona worn, wooden floor","black Birkenstock Arizona worn, wooden floor",File:Birkenstocks_on_feet.jpg,Birkenstock shoes,Michael Popp,"6 December 2018, 00:13:41",CC BY-SA 4.0,https://creativecommons.org/licenses/by-sa/4.0,Own work,English: Birkenstocks being worn,https://upload.wikimedia.org/wikipedia/commons/9/94/Birkenstocks_on_feet.jpg,980,735,ccf5634ea80b25cb28a88a55d19c02657936175a12b1ce2681f36373741dc666
rw0138,images/out_of_catalogue/ski_boots_rw0138.jpg,out_of_catalogue,,,out_of_catalogue,https://commons.wikimedia.org/wiki/File%3ABlue_and_gray_ski_boots_%28133306379%29.jpg,wikimedia_commons_user_upload,yes,,dev,ski_boots,,,,,,0,,,,blue ski boots on wooden floor,blue ski boots on wooden floor,File:Blue_and_gray_ski_boots_(133306379).jpg,Ski boots,Fran C,"17 December 2015, 16:55:50 (UTC)",CC BY 3.0,https://creativecommons.org/licenses/by/3.0,Imported from 500px ( archived version ) by the Archive Team . ( detail page ),500px provided description: Dsc 0011 Jpg [],https://upload.wikimedia.org/wikipedia/commons/thumb/6/6c/Blue_and_gray_ski_boots_%28133306379%29.jpg/1280px-Blue_and_gray_ski_boots_%28133306379%29.jpg,1280,853,2197e8ddc1350a097a954ed4029449daa28d6bfe63adbba2e48e4e2c81c3d64a
rw0139,images/out_of_catalogue/ski_boots_rw0139.jpg,out_of_catalogue,,,out_of_catalogue,https://commons.wikimedia.org/wiki/File%3ABob%27s_ski_boots.jpg,wikimedia_commons_user_upload,yes,,dev,ski_boots,,,,,,0,,,,ski boots with shells on grass,ski boots with shells on grass,File:Bob's_ski_boots.jpg,Ski boots,Ryszard Las,23 April 2013,CC BY-SA 2.0,https://creativecommons.org/licenses/by-sa/2.0,https://www.flickr.com/photos/rocjard/8677151442/,"English: Far left: left inner boot, writing is ""Power Wrap"" and sizing info. Left: back side of left boot, showing brand name ""Full Tilt"". Right: right boot hinged open. Far right: right inner boot.",https://upload.wikimedia.org/wikipedia/commons/5/5c/Bob%27s_ski_boots.jpg,1600,1200,78f8abb730c7460a9e1a663cb29c36be91e5cc6c2e6a96e296941c63a1c38896
rw0140,images/out_of_catalogue/rubber_boots_rw0140.jpg,out_of_catalogue,,,out_of_catalogue,https://commons.wikimedia.org/wiki/File%3ABoots_bottle_Rope_1317.jpg,wikimedia_commons_user_upload,yes,,test,rubber_boots,,,,,,0,,,,"brown rubber boots worn, rope and metal floor","brown rubber boots worn, rope and metal floor",File:Boots_bottle_Rope_1317.jpg,Rubber boots,gillfoto,"3 July 2016, 13:54:47",CC BY-SA 4.0,https://creativecommons.org/licenses/by-sa/4.0,Own work,English: Boots bottle and Rope,https://upload.wikimedia.org/wikipedia/commons/9/9e/Boots_bottle_Rope_1317.jpg,1500,1125,96f714fe4519ef35db7df02c67a524b0575d128291f40707c188ae842cde2b8e
rw0141,images/out_of_catalogue/dr_martens_rw0141.jpg,out_of_catalogue,,,out_of_catalogue,https://commons.wikimedia.org/wiki/File%3ABotas_skinhead.jpg,wikimedia_commons_user_upload,yes,,test,dr_martens,,,,,,0,,,,"black 1460 with yellow laces, pink-lit room","black 1460 with yellow laces, pink-lit room",File:Botas_skinhead.jpg,Dr. Martens,Maoroamunoz,3 March 2021,CC BY-SA 4.0,https://creativecommons.org/licenses/by-sa/4.0,Own work,English: Este es uno de los atuendos que usan los Skinheads.,https://upload.wikimedia.org/wikipedia/commons/9/98/Botas_skinhead.jpg,1024,768,d82f30589126901ae1b25b006968524597b61d27512319d36fdf6e6d24c10396
rw0142,images/out_of_catalogue/ugg_rw0142.jpg,out_of_catalogue,,,out_of_catalogue,https://commons.wikimedia.org/wiki/File%3ABoyUggclassicshort.jpg,wikimedia_commons_user_upload,yes,,test,ugg,,,,,,0,,,,chestnut UGG boots worn by kerb,chestnut UGG boots worn by kerb,File:BoyUggclassicshort.jpg,Ugg boots,Martin Adams,22 October 2009,CC BY 2.0,https://creativecommons.org/licenses/by/2.0,Own work ( Original text: I ( Beefbaker ( talk )) created this work entirely by myself. ),English: Boy Wearing Ugg Boots,https://upload.wikimedia.org/wikipedia/commons/f/fc/BoyUggclassicshort.jpg,364,500,be201d6d8bf32350fe1540ce137d5a1d1eee134f802739aa48443d528a9c9741
rw0143,images/out_of_catalogue/crocs_clog_rw0143.jpg,out_of_catalogue,,,out_of_catalogue,https://commons.wikimedia.org/wiki/File%3ABoywithcrocs.jpg,wikimedia_commons_user_upload,yes,,test,crocs_clog,,,,,,0,,,,"grey Crocs clogs worn, dim indoor","grey Crocs clogs worn, dim indoor",File:Boywithcrocs.jpg,Crocs,Kennethmyers,"Originally uploaded on January 9, 2007",Public domain,,"Originally uploaded to Wikipedia, here .",A boy wearing Crocs,https://upload.wikimedia.org/wikipedia/commons/f/f2/Boywithcrocs.jpg,221,166,52a1ca8c67a80dd4c8e5694f9545cb0a0d168ba9a55a7ebc04e695ed42a02ede
rw0144,images/out_of_catalogue/dr_martens_rw0144.jpg,out_of_catalogue,,,out_of_catalogue,https://commons.wikimedia.org/wiki/File%3ABrown_Dr._Martens_leather_boots_from_2007.jpeg,wikimedia_commons_user_upload,yes,,test,dr_martens,,,,,,0,,,,cherry-red 1460 boots on patterned armchair,cherry-red 1460 boots on patterned armchair,File:Brown_Dr._Martens_leather_boots_from_2007.jpeg,Dr. Martens,Mishimishimishi,,Public domain,,Own work,Dr. Martens leather boots from 2007. Brown.,https://upload.wikimedia.org/wikipedia/commons/thumb/9/94/Brown_Dr._Martens_leather_boots_from_2007.jpeg/1280px-Brown_Dr._Martens_leather_boots_from_2007.jpeg,1280,1707,d63900c76e36ec2866eeba9174dfd14a7e1210b5f4efa445f75b87c137db3a1a
rw0145,images/out_of_catalogue/pointe_shoes_rw0145.png,out_of_catalogue,,,out_of_catalogue,https://commons.wikimedia.org/wiki/File%3ACinqui%C3%A8me_pointes.PNG,wikimedia_commons_user_upload,yes,,dev,pointe_shoes,,,,,,0,,,,"peach pointe shoes on feet, warm light","peach pointe shoes on feet, warm light",File:Cinquième_pointes.PNG,Pointe shoes on feet,,,GFDL; CC BY-SA 3.0,http://www.gnu.org/copyleft/fdl.html,,,https://upload.wikimedia.org/wikipedia/commons/1/1e/Cinqui%C3%A8me_pointes.PNG,312,233,451903d130c07dc81613c6b9832542de49d8b7cdddcb77c3cba3f070e6fdee34
rw0146,images/out_of_catalogue/reebok_freestyle_hi_rw0146.jpg,out_of_catalogue,,,out_of_catalogue,https://commons.wikimedia.org/wiki/File%3AClassics_Freestyle_%26_ClassicLeather_ReebokClassics.jpg,wikimedia_commons_user_upload,yes,,test,reebok_freestyle_hi,,,,,,0,,,,"white Reebok Freestyle Hi worn, dark bench (Freestyle absent from catalogue)","white Reebok Freestyle Hi worn, dark bench (Freestyle absent from catalogue)",File:Classics_Freestyle_&_ClassicLeather_ReebokClassics.jpg,Reebok shoes,ReebokUSA,Taken on 13 April 2014,CC BY-SA 4.0,https://creativecommons.org/licenses/by-sa/4.0,Own work,English: Reebok Classic,https://upload.wikimedia.org/wikipedia/commons/thumb/3/31/Classics_Freestyle_%26_ClassicLeather_ReebokClassics.jpg/1280px-Classics_Freestyle_%26_ClassicLeather_ReebokClassics.jpg,1280,857,2af0b884873244ae1132e1c7b8a0bf757e41663da3a49885ac8ecd6f3eb2314d
rw0147,images/out_of_catalogue/onitsuka_tiger_rw0147.jpg,out_of_catalogue,,,out_of_catalogue,https://commons.wikimedia.org/wiki/File%3ACorsair_Cortez.jpg,wikimedia_commons_user_upload,yes,,test,onitsuka_tiger,,,,,,0,,,,white/red Onitsuka Tiger Corsair on tree stump,white/red Onitsuka Tiger Corsair on tree stump,File:Corsair_Cortez.jpg,Onitsuka Tiger,LeDroider,31 October 2023,CC BY-SA 4.0,https://creativecommons.org/licenses/by-sa/4.0,Own work,English: A comparison of the Onitsuka Tiger Corsair and Nike Cortez,https://upload.wikimedia.org/wikipedia/commons/1/12/Corsair_Cortez.jpg,793,640,d9119d59bd36f8e9886337aa2b82c8c1c09126c9800b8edb51dae337f1d6180c
rw0148,images/out_of_catalogue/crocs_clog_rw0148.jpg,out_of_catalogue,,,out_of_catalogue,https://commons.wikimedia.org/wiki/File%3ACroc_on_the_beach_-_geograph.org.uk_-_847194.jpg,wikimedia_commons_user_upload,yes,,test,crocs_clog,,,,,,0,,,,red Crocs clog on pebble beach,red Crocs clog on pebble beach,File:Croc_on_the_beach_-_geograph.org.uk_-_847194.jpg,Crocs,Zorba the Geek,15 June 2008,CC BY-SA 2.0,https://creativecommons.org/licenses/by-sa/2.0,From geograph.org.uk,English: Croc on the beach Isn't there something evocative about a pristine everyday object found in some remote corner?,https://upload.wikimedia.org/wikipedia/commons/c/cc/Croc_on_the_beach_-_geograph.org.uk_-_847194.jpg,640,456,6ea059b4d3220778b16a7cf5c220d0867351bc29e04260700c8189d93c1696ce
rw0149,images/out_of_catalogue/crocs_clog_rw0149.jpg,out_of_catalogue,,,out_of_catalogue,https://commons.wikimedia.org/wiki/File%3ACrocs_-_2025-08-14.jpg,wikimedia_commons_user_upload,yes,,test,crocs_clog,,,,,,0,,,,"navy Crocband clog worn, train floor","navy Crocband clog worn, train floor",File:Crocs_-_2025-08-14.jpg,Crocs,Jeangagnon,"14 August 2025, 05:20:15",CC BY-SA 4.0,https://creativecommons.org/licenses/by-sa/4.0,Own work,Français : Chaussures Crocs,https://upload.wikimedia.org/wikipedia/commons/thumb/d/da/Crocs_-_2025-08-14.jpg/1280px-Crocs_-_2025-08-14.jpg,1280,1707,d3eaf6e4e6b027ef30df3c1480062c5811ba6e05903a21fd46275d33e7e46889
rw0150,images/out_of_catalogue/vans_rw0150.jpg,out_of_catalogue,,,out_of_catalogue,https://commons.wikimedia.org/wiki/File%3ACustomized_Vans_for_baseball_by_pitcher_Michael_Lorenzen_%2852803412583%29_%28cropped%29.jpg,wikimedia_commons_user_upload,yes,,test,vans,,,,,,0,,,,navy Vans Old Skool worn on baseball dirt,navy Vans Old Skool worn on baseball dirt,File:Customized_Vans_for_baseball_by_pitcher_Michael_Lorenzen_(52803412583)_(cropped).jpg,Vans shoes,Minda Haas Kuhlmann from Omaha,"8 April 2023, 14:16",CC BY 2.0,https://creativecommons.org/licenses/by/2.0,Michael Lorenzen on a rehab start,Michael Lorenzen on a rehab start. 2023 - Minor League Baseball Photos - Minda Haas Kuhlmann,https://upload.wikimedia.org/wikipedia/commons/7/70/Customized_Vans_for_baseball_by_pitcher_Michael_Lorenzen_%2852803412583%29_%28cropped%29.jpg,1382,916,c0b7fbf45cf85b39f854d52a8cb0c5b5488686260e688a0d47b38cc35d256ae0
rw0151,images/out_of_catalogue/dr_martens_rw0151.jpg,out_of_catalogue,,,out_of_catalogue,https://commons.wikimedia.org/wiki/File%3ADoc_Marten_Mary_Jane_shoes.jpg,wikimedia_commons_user_upload,yes,,test,dr_martens,,,,,,0,,,,"black Dr. Martens Mary Jane on sofa, dim","black Dr. Martens Mary Jane on sofa, dim",File:Doc_Marten_Mary_Jane_shoes.jpg,Dr. Martens,"Marianne Madden from San Diego, USA","16 February 2008, 05:48",CC BY-SA 2.0,https://creativecommons.org/licenses/by-sa/2.0,Doc Marten's Mary Janes,"About a decade ago (when I was 14) I found these at a Marshall's store for about $15. I nearly didn't buy them, but I'm glad I did because they are the comfiest, most long-lasting shoes ever. I plan on wearing them forever.",https://upload.wikimedia.org/wikipedia/commons/thumb/8/8b/Doc_Marten_Mary_Jane_shoes.jpg/1280px-Doc_Marten_Mary_Jane_shoes.jpg,1280,960,43c16615b3eedde8cbaf02e61a1dd2c6e6af8c21de0cc4666a3eb2cc820e9678
rw0152,images/out_of_catalogue/dr_martens_rw0152.jpg,out_of_catalogue,,,out_of_catalogue,https://commons.wikimedia.org/wiki/File%3ADoc_Martens_Navy.jpg,wikimedia_commons_user_upload,yes,,test,dr_martens,,,,,,0,,,,navy 1460 boots on wooden floor,navy 1460 boots on wooden floor,File:Doc_Martens_Navy.jpg,Dr. Martens,Zuckini-Man,"30 July 2012, 09:08:27",CC BY-SA 3.0,https://creativecommons.org/licenses/by-sa/3.0,Own work,"Deutsch: Ein paar Doc Martens in Navy-Blau, made in Thailand",https://upload.wikimedia.org/wikipedia/commons/thumb/6/6c/Doc_Martens_Navy.jpg/1280px-Doc_Martens_Navy.jpg,1280,960,341eabcd655aa259f224c11185cde7802047b43d1a0c6a1d3e9cff536d324fd0
rw0153,images/out_of_catalogue/figure_skates_rw0153.jpg,out_of_catalogue,,,out_of_catalogue,https://commons.wikimedia.org/wiki/File%3ADrehtag_Spielfilm_Die_Anf%C3%A4ngerin_%2812%29.jpg,wikimedia_commons_user_upload,yes,,test,figure_skates,,,,,,0,,,,hands lacing white figure skates,hands lacing white figure skates,File:Drehtag_Spielfilm_Die_Anfängerin_(12).jpg,Figure skates,WS ReNu,25 March 2016,CC BY-SA 3.0,https://creativecommons.org/licenses/by-sa/3.0,Own work,Berlin Sportforum Hohenschönhausen,https://upload.wikimedia.org/wikipedia/commons/thumb/4/4b/Drehtag_Spielfilm_Die_Anf%C3%A4ngerin_%2812%29.jpg/1280px-Drehtag_Spielfilm_Die_Anf%C3%A4ngerin_%2812%29.jpg,1280,848,0b1f7e8dc8a9929975b0d452627ee248a4fc1654b658fb8a6fd415743c3e6723
rw0154,images/out_of_catalogue/air_max_97_rw0154.jpg,out_of_catalogue,,,out_of_catalogue,https://commons.wikimedia.org/wiki/File%3AEgofobia_%282973470113%29.jpg,wikimedia_commons_user_upload,yes,,test,air_max_97,,,,,,0,,,,"silver Air Max 97 worn, street level (97 absent from catalogue)","silver Air Max 97 worn, street level (97 absent from catalogue)",File:Egofobia_(2973470113).jpg,Nike trainers,"Rino Porrovecchio from Palermo, Italy","21 September 2006, 17:58",CC BY-SA 2.0,https://creativecommons.org/licenses/by-sa/2.0,Egofobia,"Sambuca di Sicilia (AG), ITA - Dalla raccolta ""Fuoco di Paglia"", ed. Libroitaliano World, Ragusa 2006 Egofobia Senza lasciar traccia vorrei improvvisamente sparire, morire finire, frutto giovane e immaturo dall’incauto vento strappato all’albero della vita e perdermi come un piccolo, unico, nero pun",https://upload.wikimedia.org/wikipedia/commons/thumb/c/c9/Egofobia_%282973470113%29.jpg/1280px-Egofobia_%282973470113%29.jpg,1280,771,2594f745059fc342689f03464eda8610e850f2c1ad4398fe61472cf64446ccec
rw0155,images/out_of_catalogue/vans_rw0155.jpg,out_of_catalogue,,,out_of_catalogue,https://commons.wikimedia.org/wiki/File%3AFashion-beach-relaxing-shoes_%2823699089333%29.jpg,wikimedia_commons_user_upload,yes,,test,vans,,,,,,0,,,,brown Vans on sand by rock,brown Vans on sand by rock,File:Fashion-beach-relaxing-shoes_(23699089333).jpg,Vans shoes,www.Pixel.la Free Stock Photos,"7 May 2014, 15:37",CC0,http://creativecommons.org/publicdomain/zero/1.0/deed.en,fashion-beach-relaxing-shoes,Processed with VSCOcam with a4 preset,https://upload.wikimedia.org/wikipedia/commons/thumb/9/90/Fashion-beach-relaxing-shoes_%2823699089333%29.jpg/1280px-Fashion-beach-relaxing-shoes_%2823699089333%29.jpg,1280,720,73a902e7e1bd22370329cdb2cf715a9b6b6373430158165fce13b586030afe3e
rw0156,images/out_of_catalogue/figure_skates_rw0156.jpg,out_of_catalogue,,,out_of_catalogue,https://commons.wikimedia.org/wiki/File%3AFigure-skates-1.jpg,wikimedia_commons_user_upload,yes,,test,figure_skates,,,,,,0,,,,white skates on blue cloth,white skates on blue cloth,File:Figure-skates-1.jpg,Figure skates,en:User:Dr.frog,9 July 2006,Public domain,,en:Image:Figure-skates-1.jpg,"English: en:User:Dr.frog 's figure skates. This is a Riedell Silver Star boot with an MK Professional blade, a common combination for low-to-mid-level skaters.",https://upload.wikimedia.org/wikipedia/commons/3/33/Figure-skates-1.jpg,900,900,0a976d97fb88690c605e0d4be97fa5f50d63fb819ee49da092f4cc93a92d20fb
rw0157,images/out_of_catalogue/figure_skates_rw0157.jpg,out_of_catalogue,,,out_of_catalogue,https://commons.wikimedia.org/wiki/File%3AFigure_Skates.jpg,wikimedia_commons_user_upload,yes,,test,figure_skates,,,,,,0,,,,white skates on autumn leaves,white skates on autumn leaves,File:Figure_Skates.jpg,Figure skates,Hockey007.,20 October 2017,CC BY-SA 4.0,https://creativecommons.org/licenses/by-sa/4.0,Own work,English: American Athletic Figure Skate,https://upload.wikimedia.org/wikipedia/commons/thumb/d/d9/Figure_Skates.jpg/1280px-Figure_Skates.jpg,1280,853,892cc8f4cb6afe1571c90764c1d41e3c06f323c80a501240b9f5bda2705ca0fc
rw0158,images/out_of_catalogue/figure_skates_rw0158.jpg,out_of_catalogue,,,out_of_catalogue,https://commons.wikimedia.org/wiki/File%3AFigure_skates_%2816116953908%29.jpg,wikimedia_commons_user_upload,yes,,test,figure_skates,,,,,,0,,,,"worn brown leather skates, close","worn brown leather skates, close",File:Figure_skates_(16116953908).jpg,Figure skates,"Ryan Dickey from Evanston, IL / Chicago, United States","17 January 2015, 17:15",CC BY 2.0,https://creativecommons.org/licenses/by/2.0,Flickr,,https://upload.wikimedia.org/wikipedia/commons/thumb/e/eb/Figure_skates_%2816116953908%29.jpg/1280px-Figure_skates_%2816116953908%29.jpg,1280,1280,9d57d4fbabee8f7a25908c4539d2335d0d695629d0908ae0c18a6801ce516919
rw0159,images/out_of_catalogue/rubber_boots_rw0159.jpg,out_of_catalogue,,,out_of_catalogue,https://commons.wikimedia.org/wiki/File%3AGirls_Boots_with_SCH_Penant.jpg,wikimedia_commons_user_upload,yes,,test,rubber_boots,,,,,,0,,,,kids patterned rubber boots on school cubby shelf,kids patterned rubber boots on school cubby shelf,File:Girls_Boots_with_SCH_Penant.jpg,Rubber boots,Mross02,17 December 2018,CC BY-SA 4.0,https://creativecommons.org/licenses/by-sa/4.0,Own work,"English: SCH students make regular trips down to the Wissahickon creek, along its trails, and through its woods as they develop their sense of environmental stewardship, learn about sustainability, enjoy its natural beauty, and study the challenges facing this native habitat.",https://upload.wikimedia.org/wikipedia/commons/thumb/5/56/Girls_Boots_with_SCH_Penant.jpg/1280px-Girls_Boots_with_SCH_Penant.jpg,1280,853,dda7b59d0e420820550a46a0853732aa90ef9ad5916f5bcb246769ca07087bfa
rw0160,images/out_of_catalogue/ugg_rw0160.jpg,out_of_catalogue,,,out_of_catalogue,https://commons.wikimedia.org/wiki/File%3AGoing_up%3F_%285538605008%29.jpg,wikimedia_commons_user_upload,yes,,test,ugg,,,,,,0,,,,chestnut UGG boots worn on graffiti escalator,chestnut UGG boots worn on graffiti escalator,File:Going_up?_(5538605008).jpg,Ugg boots,jimmyweee,"19 February 2011, 11:57",CC BY 2.0,https://creativecommons.org/licenses/by/2.0,Going up?,Graffiti finds itself on the most interesting spots.,https://upload.wikimedia.org/wikipedia/commons/thumb/d/d8/Going_up%3F_%285538605008%29.jpg/1280px-Going_up%3F_%285538605008%29.jpg,1280,1920,eed701f90ddacfc19560de942ff5143143251b03ef8042daf435f0506d7d335d
rw0161,images/out_of_catalogue/rubber_boots_rw0161.jpg,out_of_catalogue,,,out_of_catalogue,https://commons.wikimedia.org/wiki/File%3AGumboot_planters_at_the_front_door.jpg,wikimedia_commons_user_upload,yes,,test,rubber_boots,,,,,,0,,,,rubber boots used as plant pots on steps,rubber boots used as plant pots on steps,File:Gumboot_planters_at_the_front_door.jpg,Rubber boots,AlphaLemur,"27 February 2025, 09:51:11",CC BY 4.0,https://creativecommons.org/licenses/by/4.0,Own work,English: gumboot planters at the front door,https://upload.wikimedia.org/wikipedia/commons/thumb/d/dc/Gumboot_planters_at_the_front_door.jpg/1280px-Gumboot_planters_at_the_front_door.jpg,1280,1707,8830f761a3267ccb5c905d8bde9f471d05d4c058767391c57bc9a9b2c56d21d1
rw0162,images/out_of_catalogue/roller_skates_rw0162.jpg,out_of_catalogue,,,out_of_catalogue,https://commons.wikimedia.org/wiki/File%3AIceskates_and_rollerskates_4556686064_2a24e3edf0_z.jpg,wikimedia_commons_user_upload,yes,,test,roller_skates,,,,,,0,,,,white quad roller skates on concrete floor,white quad roller skates on concrete floor,File:Iceskates_and_rollerskates_4556686064_2a24e3edf0_z.jpg,Figure skates,James Lee,"26 April 2010, 20:22:51",CC BY 2.0,https://creativecommons.org/licenses/by/2.0,Flickr : skates,"Skates for summertime, skates for wintertime.",https://upload.wikimedia.org/wikipedia/commons/thumb/8/85/Iceskates_and_rollerskates_4556686064_2a24e3edf0_z.jpg/1280px-Iceskates_and_rollerskates_4556686064_2a24e3edf0_z.jpg,1280,850,4d9e8704ac147eb00d261580e8b10384af9720f04377f477e1fc606557b04f1b
rw0163,images/out_of_catalogue/rubber_boots_rw0163.jpg,out_of_catalogue,,,out_of_catalogue,https://commons.wikimedia.org/wiki/File%3AJoint_Base_Myer-Henderson_Hall%2C_Virginia_-_German_Armed_Forces_Proficiency_Badge_%28GAFPB%29_Assessment%2C%2C_Aug._29-30%2C_2023_%2853153171901%29.jpg,wikimedia_commons_user_upload,yes,,test,rubber_boots,,,,,,0,,,,"black rubber boots on camo cloth, brick floor","black rubber boots on camo cloth, brick floor","File:Joint_Base_Myer-Henderson_Hall,_Virginia_-_German_Armed_Forces_Proficiency_Badge_(GAFPB)_Assessment,,_Aug._29-30,_2023_(53153171901).jpg",Rubber boots,"3d U.S. Infantry Regiment ""The Old Guard"" from Joint Base Myer - Henderson Hall, Va.","29 August 2023, 15:14",Public domain,,"German Armed Forces Proficiency Badge (GAFPB) Assessment,, Aug. 29-30, 2023","U.S. Army Soldiers, along with service members from across the Armed Forces, participated in the German Armed Forces Proficiency Badge (GAFPB) Assessment, on Joint Base Myer-Henderson Hall, Va., August 29-30, 2023. The assessment begins with a German PT Test (Sprints, 1 Km. Run, & Chin-Up Hang). Fro",https://upload.wikimedia.org/wikipedia/commons/thumb/4/4f/Joint_Base_Myer-Henderson_Hall%2C_Virginia_-_German_Armed_Forces_Proficiency_Badge_%28GAFPB%29_Assessment%2C%2C_Aug._29-30%2C_2023_%2853153171901%29.jpg/1280px-Joint_Base_Myer-Henderson_Hall%2C_Virginia_-_German_Armed_Forces_Proficiency_Badge_%28GAFPB%29_Assessment%2C%2C_Aug._29-30%2C_2023_%2853153171901%29.jpg,1280,853,031a52c0a44a50fe5a371f0f51eeffb9e97535d46aa41d705699799385a3ae24
rw0164,images/out_of_catalogue/air_max_720_rw0164.jpg,out_of_catalogue,,,out_of_catalogue,https://commons.wikimedia.org/wiki/File%3ALa_Nike_Air_Max_720_%22Northern_Lights%22_Night.jpg,wikimedia_commons_user_upload,yes,,dev,air_max_720,,,,,,0,,,,Air Max 720 on box on grass (720 absent from catalogue),Air Max 720 on box on grass (720 absent from catalogue),"File:La_Nike_Air_Max_720_""Northern_Lights""_Night.jpg",Nike Air Max,HI 622,4 March 2019,CC BY-SA 4.0,https://creativecommons.org/licenses/by-sa/4.0,Own work,"Français : La Nike Air Max 720 ""Northern Lights"" Night (AO2924-001), premier coloris sorti en février 2019.",https://upload.wikimedia.org/wikipedia/commons/thumb/9/91/La_Nike_Air_Max_720_%22Northern_Lights%22_Night.jpg/1280px-La_Nike_Air_Max_720_%22Northern_Lights%22_Night.jpg,1280,960,545eaced2346f468fbfe4c67f9da21893c83c468fb4da8660ab68ab66b296a6c
rw0165,images/out_of_catalogue/ski_boots_rw0165.jpg,out_of_catalogue,,,out_of_catalogue,https://commons.wikimedia.org/wiki/File%3ALangeskiboot.jpg,wikimedia_commons_user_upload,yes,,dev,ski_boots,,,,,,0,,,,blue Lange ski boot on floor,blue Lange ski boot on floor,File:Langeskiboot.jpg,Ski boots,The original uploader was Михаил Крепчев at Bulgarian Wikipedia .,23 December 2006 (original upload date),CC BY 2.5,https://creativecommons.org/licenses/by/2.5,Transferred from bg.wikipedia to Commons.,,https://upload.wikimedia.org/wikipedia/commons/c/c4/Langeskiboot.jpg,976,1288,b3aad39e12a2c2e320d7a006ff2f90bbdbeef63612ebc2b18c3446a538477914
rw0166,images/out_of_catalogue/new_balance_480_rw0166.jpg,out_of_catalogue,,,out_of_catalogue,https://commons.wikimedia.org/wiki/File%3ANew_Balance_480.jpg,wikimedia_commons_user_upload,yes,,test,new_balance_480,,,,,,0,,,,"New Balance 480 - brand present, model absent",beige/white New Balance 480 pair on fur rug (catalogue check pending),File:New_Balance_480.jpg,New Balance products,LeDroider,9 June 2024,CC0,http://creativecommons.org/publicdomain/zero/1.0/deed.en,Own work,English: New Balance 480,https://upload.wikimedia.org/wikipedia/commons/thumb/2/20/New_Balance_480.jpg/1280px-New_Balance_480.jpg,1280,1474,e270a0c7076fedbb1a674802b6622c9ff2660308ddd83d3245425d76b15bbed2
rw0167,images/out_of_catalogue/air_max_97_rw0167.jpg,out_of_catalogue,,,out_of_catalogue,https://commons.wikimedia.org/wiki/File%3ANike_Air_Max_97_Black.jpg,wikimedia_commons_user_upload,yes,,test,air_max_97,,,,,,0,,,,Air Max 97 animal print on box,Air Max 97 animal print on box,File:Nike_Air_Max_97_Black.jpg,Nike Air Max 97,Lulu45 005,"20 August 2022, 09:42:45",CC BY-SA 4.0,https://creativecommons.org/licenses/by-sa/4.0,Own work,English: Nike Air Max 97 Black,https://upload.wikimedia.org/wikipedia/commons/thumb/2/2f/Nike_Air_Max_97_Black.jpg/1280px-Nike_Air_Max_97_Black.jpg,1280,960,bcdc63cb5d01ddae4f1cb9ab19326cbf07007ddb635069c4581b61781ee51020
rw0168,images/out_of_catalogue/nike_air_ship_rw0168.jpg,out_of_catalogue,,,out_of_catalogue,https://commons.wikimedia.org/wiki/File%3ANike_Air_Ship.jpg,wikimedia_commons_user_upload,yes,,dev,nike_air_ship,,,,,,0,,,,Nike Air Ship (Jordan 1 predecessor) - not in catalogue; hard negative,Jordan 1 High white/orange on shoebox (High variant),File:Nike_Air_Ship.jpg,Air Jordan,LeDroider,25 May 2024,CC0,http://creativecommons.org/publicdomain/zero/1.0/deed.en,Own work,English: Nike Air Ship,https://upload.wikimedia.org/wikipedia/commons/thumb/5/58/Nike_Air_Ship.jpg/1280px-Nike_Air_Ship.jpg,1280,1368,810f02a6109dacba3ecc34a2633d09c4cfa60b1ff95a4245f156f0f38bf3e9bd
rw0169,images/out_of_catalogue/onitsuka_tiger_rw0169.jpg,out_of_catalogue,,,out_of_catalogue,https://commons.wikimedia.org/wiki/File%3AOnitsuka_Corsair.jpg,wikimedia_commons_user_upload,yes,,test,onitsuka_tiger,,,,,,0,,,,white/red Onitsuka Tiger on wooden floor,white/red Onitsuka Tiger on wooden floor,File:Onitsuka_Corsair.jpg,Onitsuka Tiger,LeDroider,31 October 2023,CC BY-SA 4.0,https://creativecommons.org/licenses/by-sa/4.0,Own work,English: A pair of Onitsuka Tiger Corsair shoes,https://upload.wikimedia.org/wikipedia/commons/6/60/Onitsuka_Corsair.jpg,640,677,ea79b39337c3b96d84f8e69e7ccd134ceab8b7e219d68fdeae16a53589686952
rw0170,images/out_of_catalogue/vans_rw0170.jpg,out_of_catalogue,,,out_of_catalogue,https://commons.wikimedia.org/wiki/File%3APaire_de_Vans_Knu_Skool_Caldrone.jpg,wikimedia_commons_user_upload,yes,,test,vans,,,,,,0,,,,navy Vans on wooden floor,navy Vans on wooden floor,File:Paire_de_Vans_Knu_Skool_Caldrone.jpg,Vans shoes,IsaacGouillart,3 May 2023,CC BY-SA 4.0,https://creativecommons.org/licenses/by-sa/4.0,Own work,"Français : Vans, Caldrone, Knu Skool",https://upload.wikimedia.org/wikipedia/commons/thumb/e/e6/Paire_de_Vans_Knu_Skool_Caldrone.jpg/1280px-Paire_de_Vans_Knu_Skool_Caldrone.jpg,1280,960,37349457e762d7c9968d8520b5503a044cdd306bfba97d338078fd45bb817eb5
rw0171,images/out_of_catalogue/flip_flops_rw0171.jpg,out_of_catalogue,,,out_of_catalogue,https://commons.wikimedia.org/wiki/File%3AParaiso_en_los_Roques.JPG,wikimedia_commons_user_upload,yes,,dev,flip_flops,,,,,,0,,,,"flip-flops worn on beach sand, sea behind","flip-flops worn on beach sand, sea behind",File:Paraiso_en_los_Roques.JPG,Flip-flops,Katepalitava,"5 May 2014, 13:19:45",CC BY-SA 3.0,https://creativecommons.org/licenses/by-sa/3.0,Own work,Español: Los Roques,https://upload.wikimedia.org/wikipedia/commons/thumb/0/06/Paraiso_en_los_Roques.JPG/1280px-Paraiso_en_los_Roques.JPG,1280,850,688aa2d6553c263da5bc51384ea1e5cc29f70c51a1317960004a04ddc2c88d32
rw0172,images/out_of_catalogue/reebok_freestyle_hi_rw0172.jpg,out_of_catalogue,,,out_of_catalogue,https://commons.wikimedia.org/wiki/File%3AReebokFreestylewhiterainbow.jpg,wikimedia_commons_user_upload,yes,,test,reebok_freestyle_hi,,,,,,0,,,,white Freestyle Hi with rainbow laces on pavement,white Freestyle Hi with rainbow laces on pavement,File:ReebokFreestylewhiterainbow.jpg,Reebok Freestyle,"Matt Cox from Manchester, England","1 June 2008, 11:24",CC BY-SA 2.0,https://creativecommons.org/licenses/by-sa/2.0,Shoes!,A pair of white Reebok Freestyle hightops with rainbow-colored laces.,https://upload.wikimedia.org/wikipedia/commons/0/08/ReebokFreestylewhiterainbow.jpg,438,364,65ba9d7e18c36ff7360b37eefa441db221da690a4fff19899a7326b96048b034
rw0173,images/out_of_catalogue/reebok_princess_rw0173.jpg,out_of_catalogue,,,out_of_catalogue,https://commons.wikimedia.org/wiki/File%3AReebokPrincesswhite.jpg,wikimedia_commons_user_upload,yes,,test,reebok_princess,,,,,,0,,,,"white Reebok Princess pair on tiled floor, flash (Princess absent from catalogue)","white Reebok Princess pair on tiled floor, flash (Princess absent from catalogue)",File:ReebokPrincesswhite.jpg,Reebok shoes,Lacats98,20 January 2009,Public domain,,Own work,English: A pair of white Reebok Princess sneakers.,https://upload.wikimedia.org/wikipedia/commons/thumb/e/ee/ReebokPrincesswhite.jpg/1280px-ReebokPrincesswhite.jpg,1280,960,00135e29783edff64f608bac650dfdf71bed1e8821e6885d9c67c2e886270167
rw0174,images/out_of_catalogue/reebok_freestyle_hi_rw0174.jpg,out_of_catalogue,,,out_of_catalogue,https://commons.wikimedia.org/wiki/File%3AReebok_freestyle_hight_black_003.jpg,wikimedia_commons_user_upload,yes,,test,reebok_freestyle_hi,,,,,,0,,,,"black Freestyle Hi worn, concrete","black Freestyle Hi worn, concrete",File:Reebok_freestyle_hight_black_003.jpg,Reebok Freestyle,User Dominado,Uploaded to fr.wikipedia on 2006-05-22,CC BY-SA 2.0 fr,https://creativecommons.org/licenses/by-sa/2.0/fr/deed.en,Description page on fr.wikipedia,"Français : Reebok Freestyle High noir, modèle ""made in Philippines"" (cuir souple) English: Black Reebok Freestyle High, model ""made in Philippines"" (supple leather)",https://upload.wikimedia.org/wikipedia/commons/8/8e/Reebok_freestyle_hight_black_003.jpg,1600,1200,f4b2b4875bb06649ad9c8b1dc8c76c80084106bc013ef53bbff4251386384121
rw0175,images/out_of_catalogue/reebok_freestyle_hi_rw0175.jpg,out_of_catalogue,,,out_of_catalogue,https://commons.wikimedia.org/wiki/File%3AReebokfreestylepink.jpg,wikimedia_commons_user_upload,yes,,test,reebok_freestyle_hi,,,,,,0,,,,"pink Freestyle Hi worn, seated","pink Freestyle Hi worn, seated",File:Reebokfreestylepink.jpg,Reebok Freestyle,Lacats98,14 June 2007,Public domain,,Own work,A pair of pink Reebok Freestyle hi-tops,https://upload.wikimedia.org/wikipedia/commons/7/73/Reebokfreestylepink.jpg,431,501,9a61284edbd7b7360a0b611599b5ed668b1b55a02eb20ae9f40d8a153934969d
rw0176,images/out_of_catalogue/reebok_freestyle_hi_rw0176.jpg,out_of_catalogue,,,out_of_catalogue,https://commons.wikimedia.org/wiki/File%3AReebokfreestylewhite.jpg,wikimedia_commons_user_upload,yes,,test,reebok_freestyle_hi,,,,,,0,,,,"white Freestyle Hi on wooden bench, hands lacing","white Freestyle Hi on wooden bench, hands lacing",File:Reebokfreestylewhite.jpg,Reebok Freestyle,Lacats98,14 June 2007,Public domain,,Own work,A pair of white Reebok Freestyle hi-tops,https://upload.wikimedia.org/wikipedia/commons/0/09/Reebokfreestylewhite.jpg,760,858,19fcc9781e058a9dc01b007f68913899ba4f00b84e957232c72f09518e5f0edb
rw0177,images/out_of_catalogue/ski_boots_rw0177.jpg,out_of_catalogue,,,out_of_catalogue,https://commons.wikimedia.org/wiki/File%3ARosemount_ST-100.jpg,wikimedia_commons_user_upload,yes,,dev,ski_boots,,,,,,0,,,,"black ski boot on white paper, cluttered room","black ski boot on white paper, cluttered room",File:Rosemount_ST-100.jpg,Ski boots,earl90024,"15 July 2006, 18:15:09",CC BY-SA 2.0,https://creativecommons.org/licenses/by-sa/2.0,https://www.flickr.com/photos/bookemdano/829790253/,English: Rosemount ST-100,https://upload.wikimedia.org/wikipedia/commons/6/6d/Rosemount_ST-100.jpg,1280,960,93c8a46ca32662ec78633ad729d4f2af42ba3ea12c923fe6caefaa895add31f3
rw0178,images/out_of_catalogue/skechers_energy_rw0178.jpg,out_of_catalogue,,,out_of_catalogue,https://commons.wikimedia.org/wiki/File%3ASkechers_Energy_2_-_Cruise_Control.jpg,wikimedia_commons_user_upload,yes,,test,skechers_energy,,,,,,0,,,,"Skechers Energy - brand present, model absent",black/grey Skechers D'Lites in shoebox,File:Skechers_Energy_2_-_Cruise_Control.jpg,Skechers,RBCt11,"12 August 2024, 16:31:50",CC BY-SA 4.0,https://creativecommons.org/licenses/by-sa/4.0,Own work,"English: This is a pair of Skechers Energy 2 - Cruise Control model sneakers in US men's size 9 and Black/Charcoal color, in the original box. They were acquired in August 2024 from an eBay seller in like-new condition. The upper lid of the box (out of frame) displays a date stamp of ""2004.12.27"". T",https://upload.wikimedia.org/wikipedia/commons/thumb/a/a2/Skechers_Energy_2_-_Cruise_Control.jpg/1280px-Skechers_Energy_2_-_Cruise_Control.jpg,1280,960,20893a32593db3c281afdafe520465084008a067953e0f1b03758e267575cc21
rw0179,images/out_of_catalogue/vintage_ski_boots_rw0179.jpg,out_of_catalogue,,,out_of_catalogue,https://commons.wikimedia.org/wiki/File%3ASkischuhe_%283%29.jpg,wikimedia_commons_user_upload,yes,,test,vintage_ski_boots,,,,,,0,,,,old brown leather ski boots on weathered porch,old brown leather ski boots on weathered porch,File:Skischuhe_(3).jpg,Ski boots,© 1971markus,26 December 2015,CC BY-SA 4.0,https://creativecommons.org/licenses/by-sa/4.0,Own work,Deutsch: Historische Skischuhe frühes 20. Jahrhundert. Ausgestellt im Museum sächsisch-böhmisches Erzgebirge in Marienberg .,https://upload.wikimedia.org/wikipedia/commons/thumb/8/81/Skischuhe_%283%29.jpg/1280px-Skischuhe_%283%29.jpg,1280,1558,f9c3e80d6ef6206d867fc86d54f5560c355fb91ad479688bb315354069df68d4
rw0180,images/out_of_catalogue/flip_flops_rw0180.jpg,out_of_catalogue,,,out_of_catalogue,https://commons.wikimedia.org/wiki/File%3ASlippers_Shoes.jpg,wikimedia_commons_user_upload,yes,,dev,flip_flops,,,,,,0,,,,"worn leather flip-flops on dusty ground, top-down","worn leather flip-flops on dusty ground, top-down",File:Slippers_Shoes.jpg,Flip-flops,Abdultambura18,17 March 2025,CC0,http://creativecommons.org/publicdomain/zero/1.0/deed.en,Own work,Hausa: Takalmi,https://upload.wikimedia.org/wikipedia/commons/thumb/2/2f/Slippers_Shoes.jpg/1280px-Slippers_Shoes.jpg,1280,1707,d213891a3c10f449d2d246fa21c41d583a7cf214b02d80a14718a8950c182b30
rw0181,images/out_of_catalogue/ugg_rw0181.jpg,out_of_catalogue,,,out_of_catalogue,https://commons.wikimedia.org/wiki/File%3ASuperUgg.JPG,wikimedia_commons_user_upload,yes,,test,ugg,,,,,,0,,,,chestnut UGG boots on wooden decking,chestnut UGG boots on wooden decking,File:SuperUgg.JPG,Ugg boots,Rettinghaus,11 September 2011,CC BY-SA 3.0,https://creativecommons.org/licenses/by-sa/3.0,Own work,English: Super Ugg Boots,https://upload.wikimedia.org/wikipedia/commons/thumb/2/24/SuperUgg.JPG/1280px-SuperUgg.JPG,1280,960,cd2c9d5fd4d4c960a6150a49f24d663087040ec2b211d47bdae0a0b001a42aec
rw0182,images/out_of_catalogue/ugg_rw0182.jpg,out_of_catalogue,,,out_of_catalogue,https://commons.wikimedia.org/wiki/File%3ATiny_uggs.jpg,wikimedia_commons_user_upload,yes,,test,ugg,,,,,,0,,,,baby UGG booties held in hands,baby UGG booties held in hands,File:Tiny_uggs.jpg,Ugg boots,Phil Denton,2 July 2011,CC BY-SA 2.0,https://creativecommons.org/licenses/by-sa/2.0,https://www.flickr.com/photos/flyingsaab/5919197078/,English: Baby shoes Polski: Buciki dziecięce,https://upload.wikimedia.org/wikipedia/commons/d/de/Tiny_uggs.jpg,1024,768,99745e2b179745f5f5739c2c0d2f4a24242a270c19345bc34cf78a181c75f677
rw0183,images/out_of_catalogue/ugg_rw0183.jpg,out_of_catalogue,,,out_of_catalogue,https://commons.wikimedia.org/wiki/File%3AUgg1.jpg,wikimedia_commons_user_upload,yes,,test,ugg,,,,,,0,,,,tall chestnut UGG boots worn on bark mulch,tall chestnut UGG boots worn on bark mulch,File:Ugg1.jpg,Ugg boots,Lestosthe,9 January 2012,CC BY-SA 3.0,https://creativecommons.org/licenses/by-sa/3.0,Own work,English: UGG Κλασσική μπότα από δέρμα προβάτου,https://upload.wikimedia.org/wikipedia/commons/3/3a/Ugg1.jpg,211,264,855f701652e1e7227e17a5c0e0c64ff3ec7a31df00f228f08219ac603032f8c2
rw0184,images/out_of_catalogue/onitsuka_tiger_rw0184.jpg,out_of_catalogue,,,out_of_catalogue,https://commons.wikimedia.org/wiki/File%3AWalk_in_Icho_Namiki_%286431837457%29.jpg,wikimedia_commons_user_upload,yes,,test,onitsuka_tiger,,,,,,0,,,,silver Onitsuka Tiger worn walking on asphalt,silver Onitsuka Tiger worn walking on asphalt,File:Walk_in_Icho_Namiki_(6431837457).jpg,Onitsuka Tiger,Jordi Sanchez Teruel,"Taken on 25 November 2011, 15:43",CC BY-SA 2.0,https://creativecommons.org/licenses/by-sa/2.0,Walk in Icho Namiki,Walk in Icho Namiki,https://upload.wikimedia.org/wikipedia/commons/thumb/1/12/Walk_in_Icho_Namiki_%286431837457%29.jpg/1280px-Walk_in_Icho_Namiki_%286431837457%29.jpg,1280,1420,8c896cf92fcb34cd202097cd671e84c2f3b0c71bf253a8d57916e6abb316af2e
