commons_title,commons_category,source_url,screen_decision,screen_reason,final_status,final_reason
File:All_Star_(5048932989).jpg,Chuck Taylor All-Stars,https://commons.wikimedia.org/wiki/File:All_Star_(5048932989).jpg,keep,"black canvas, toe close-up outdoors, pool background",excluded,"toe close-up, cut unknown and heavily cropped"
File:Boxes_(4798964170).jpg,Chuck Taylor All-Stars,https://commons.wikimedia.org/wiki/File:Boxes_(4798964170).jpg,reject,shoe boxes in store,excluded,rejected at screening
File:Championes.jpg,Chuck Taylor All-Stars,https://commons.wikimedia.org/wiki/File:Championes.jpg,keep,red hi-top on table with miniature keychain,included,
File:Close-up_of_a_blue_Converse_shoe_(3031455100).jpg,Chuck Taylor All-Stars,https://commons.wikimedia.org/wiki/File:Close-up_of_a_blue_Converse_shoe_(3031455100).jpg,reject,"extreme macro of eyelets, model not identifiable",excluded,rejected at screening
File:CONVERSE_2016_(31428309222).jpg,Chuck Taylor All-Stars,https://commons.wikimedia.org/wiki/File:CONVERSE_2016_(31428309222).jpg,reject,retail display,excluded,rejected at screening
File:Converse_Orthoptera.JPG,Chuck Taylor All-Stars,https://commons.wikimedia.org/wiki/File:Converse_Orthoptera.JPG,keep,"black, worn/dirty, grass, insect on toe",excluded,cut not determinable
File:Converses_negéatif.jpg,Chuck Taylor All-Stars,https://commons.wikimedia.org/wiki/File:Converses_negéatif.jpg,reject,heavily edited/stylised render,excluded,rejected at screening
File:Converseshoes3.JPG,Chuck Taylor All-Stars,https://commons.wikimedia.org/wiki/File:Converseshoes3.JPG,keep,"black hi-top pair, worn, carpet, top-down",included,
File:Cross-laced_white_sneaker_shoelaces.jpg,Chuck Taylor All-Stars,https://commons.wikimedia.org/wiki/File:Cross-laced_white_sneaker_shoelaces.jpg,reject,macro of tongue label only,excluded,rejected at screening
File:Dance_hip_hop.jpg,Chuck Taylor All-Stars,https://commons.wikimedia.org/wiki/File:Dance_hip_hop.jpg,reject,shoe tiny in frame (dancer),excluded,rejected at screening
File:Doublecow.jpg,Chuck Taylor All-Stars,https://commons.wikimedia.org/wiki/File:Doublecow.jpg,reject,not footwear (sculpture),excluded,rejected at screening
File:Festival_shoes_-_Flickr_-_mickeysucks.jpg,Chuck Taylor All-Stars,https://commons.wikimedia.org/wiki/File:Festival_shoes_-_Flickr_-_mickeysucks.jpg,keep,"navy hi-top worn, grass",included,
File:Gehäkelter_Surfschuh.jpg,Chuck Taylor All-Stars,https://commons.wikimedia.org/wiki/File:Gehäkelter_Surfschuh.jpg,reject,crocheted replica,excluded,rejected at screening
File:Graffiti_stencil_Porto_(5362753735).jpg,Chuck Taylor All-Stars,https://commons.wikimedia.org/wiki/File:Graffiti_stencil_Porto_(5362753735).jpg,reject,graffiti,excluded,rejected at screening
File:Her_Flying_Red_Shoes_..._(7320686864).jpg,Chuck Taylor All-Stars,https://commons.wikimedia.org/wiki/File:Her_Flying_Red_Shoes_..._(7320686864).jpg,keep,"red hi-top, worn, mid-air next to red car",included,
File:London_Comic_Con_Oct_14_-_Canvas_Warriors_shoe_display_(15440803388).jpg,Chuck Taylor All-Stars,https://commons.wikimedia.org/wiki/File:London_Comic_Con_Oct_14_-_Canvas_Warriors_shoe_display_(15440803388).jpg,reject,retail display,excluded,rejected at screening
File:Ludwigswinkel_Libelle_auf_Schuh.jpg,Chuck Taylor All-Stars,https://commons.wikimedia.org/wiki/File:Ludwigswinkel_Libelle_auf_Schuh.jpg,keep,"red, dragonfly on toe, grass, close crop",excluded,cut not determinable
File:Mt._Fuji_cycling_memories_(cropped;_blue_jeans_and_a_pair_of_Chucks).jpg,Chuck Taylor All-Stars,https://commons.wikimedia.org/wiki/File:Mt._Fuji_cycling_memories_(cropped;_blue_jeans_and_a_pair_of_Chucks).jpg,keep,"black hi-top worn, lakeshore",included,
File:Mt._Fuji_cycling_memories.jpg,Chuck Taylor All-Stars,https://commons.wikimedia.org/wiki/File:Mt._Fuji_cycling_memories.jpg,reject,shoe tiny in frame,excluded,rejected at screening
File:Paris_-_Salon_de_la_photo_2011_-_Stand_Canon_04.jpg,Chuck Taylor All-Stars,https://commons.wikimedia.org/wiki/File:Paris_-_Salon_de_la_photo_2011_-_Stand_Canon_04.jpg,reject,statue,excluded,rejected at screening
File:Pitt_Car_Sci_Mus_70.JPG,Chuck Taylor All-Stars,https://commons.wikimedia.org/wiki/File:Pitt_Car_Sci_Mus_70.JPG,reject,robot,excluded,rejected at screening
"File:Red_and_blue_Chuck_Taylor_All-Stars_sneakers,_2010.jpg",Chuck Taylor All-Stars,"https://commons.wikimedia.org/wiki/File:Red_and_blue_Chuck_Taylor_All-Stars_sneakers,_2010.jpg",reject,"two colourways in one frame, label ambiguous",excluded,rejected at screening
File:Red_Chuck.jpg,Chuck Taylor All-Stars,https://commons.wikimedia.org/wiki/File:Red_Chuck.jpg,keep,"red, close-up on grass",excluded,cut not determinable
File:Shoe_Allstar_Converse_Wood_(123712785).jpeg,Chuck Taylor All-Stars,https://commons.wikimedia.org/wiki/File:Shoe_Allstar_Converse_Wood_(123712785).jpeg,keep,"grey low-top worn, wooden floor, top-down",included,
File:Shoe_tossing_in_Thornbury_(83702051).jpg,Chuck Taylor All-Stars,https://commons.wikimedia.org/wiki/File:Shoe_tossing_in_Thornbury_(83702051).jpg,reject,"shoes hanging on wire, silhouette",excluded,rejected at screening
File:Shoefiti_in_Freiburg_1.JPG,Chuck Taylor All-Stars,https://commons.wikimedia.org/wiki/File:Shoefiti_in_Freiburg_1.JPG,reject,"shoes in tree, tiny",excluded,rejected at screening
File:Spinning_kick.jpg,Chuck Taylor All-Stars,https://commons.wikimedia.org/wiki/File:Spinning_kick.jpg,reject,diagram,excluded,rejected at screening
File:State_Street_Madison_2022_15.jpg,Chuck Taylor All-Stars,https://commons.wikimedia.org/wiki/File:State_Street_Madison_2022_15.jpg,reject,shoe tiny in frame,excluded,rejected at screening
File:State_Street_Madison_2022_18.jpg,Chuck Taylor All-Stars,https://commons.wikimedia.org/wiki/File:State_Street_Madison_2022_18.jpg,reject,shoe tiny in frame,excluded,rejected at screening
File:Stomp_(535680076).jpg,Chuck Taylor All-Stars,https://commons.wikimedia.org/wiki/File:Stomp_(535680076).jpg,reject,macro of star laces,excluded,rejected at screening
File:Tired_(59853166).jpeg,Chuck Taylor All-Stars,https://commons.wikimedia.org/wiki/File:Tired_(59853166).jpeg,keep,"grey low-top worn, gravel, top-down POV",included,
File:Weareallmadeofstars.jpg,Chuck Taylor All-Stars,https://commons.wikimedia.org/wiki/File:Weareallmadeofstars.jpg,reject,shelf display,excluded,rejected at screening
File:Wonderful_(27895505073).jpg,Chuck Taylor All-Stars,https://commons.wikimedia.org/wiki/File:Wonderful_(27895505073).jpg,reject,retail wall,excluded,rejected at screening
File:世田谷区_(7046866781).jpg,Chuck Taylor All-Stars,https://commons.wikimedia.org/wiki/File:世田谷区_(7046866781).jpg,reject,retail display,excluded,rejected at screening
File:横田基地日米友好祭2017-34_(37114435220).jpg,Chuck Taylor All-Stars,https://commons.wikimedia.org/wiki/File:横田基地日米友好祭2017-34_(37114435220).jpg,reject,not footwear,excluded,rejected at screening
"File:""The_Who""_Chucks_(3353657436).jpg",Chuck Taylor All-Stars (high-top),"https://commons.wikimedia.org/wiki/File:""The_Who""_Chucks_(3353657436).jpg",reject,Union Jack special print; no catalogue colourway,excluded,rejected at screening
File:2018-09-23_DDC_ZDF_Fernsehgarten_9477.jpg,Chuck Taylor All-Stars (high-top),https://commons.wikimedia.org/wiki/File:2018-09-23_DDC_ZDF_Fernsehgarten_9477.jpg,reject,"group photo, shoes small",excluded,rejected at screening
File:A_classic_Black_pair_of_Converse_All_Stars_resting_on_the_Black_&_White_Ed._Shoebox_(1998-2002)_2.JPG,Chuck Taylor All-Stars (high-top),https://commons.wikimedia.org/wiki/File:A_classic_Black_pair_of_Converse_All_Stars_resting_on_the_Black_&_White_Ed._Shoebox_(1998-2002)_2.JPG,reject,red X drawn over image,excluded,rejected at screening
File:A_classic_Black_pair_of_Converse_All_Stars_resting_on_the_Black_&_White_Ed._Shoebox_(1998-2002).JPG,Chuck Taylor All-Stars (high-top),https://commons.wikimedia.org/wiki/File:A_classic_Black_pair_of_Converse_All_Stars_resting_on_the_Black_&_White_Ed._Shoebox_(1998-2002).JPG,keep,"navy hi-top on shoebox, indoor",included,
"File:A_reader_on_the_Pont_des_Arts,_30_August_2009.jpg",Chuck Taylor All-Stars (high-top),"https://commons.wikimedia.org/wiki/File:A_reader_on_the_Pont_des_Arts,_30_August_2009.jpg",reject,"b/w, shoe small",excluded,rejected at screening
File:All_Star_Converse.png,Chuck Taylor All-Stars (high-top),https://commons.wikimedia.org/wiki/File:All_Star_Converse.png,reject,near-studio white background (product-shot-like),excluded,rejected at screening
File:Allstars-5387_-_Flickr_-_Lucas_de_Vries.jpg,Chuck Taylor All-Stars (high-top),https://commons.wikimedia.org/wiki/File:Allstars-5387_-_Flickr_-_Lucas_de_Vries.jpg,reject,stylised b/w edit,excluded,rejected at screening
File:Black_Chuck_Taylors.jpg,Chuck Taylor All-Stars (high-top),https://commons.wikimedia.org/wiki/File:Black_Chuck_Taylors.jpg,keep,"black hi-top close, indoor",included,
File:Bologna-Raccordo_tra_canale_di_Reno_e_canale_delle_Moline.jpg,Chuck Taylor All-Stars (high-top),https://commons.wikimedia.org/wiki/File:Bologna-Raccordo_tra_canale_di_Reno_e_canale_delle_Moline.jpg,keep,"red hi-tops worn, dangling feet, warm light",included,
File:Bskbfskjvbskvbksajnfiqefihfnallf.jpg,Chuck Taylor All-Stars (high-top),https://commons.wikimedia.org/wiki/File:Bskbfskjvbskvbksajnfiqefihfnallf.jpg,reject,"two colourways, ambiguous",excluded,rejected at screening
File:Chuck_Norris_All-Stars.jpg,Chuck Taylor All-Stars (high-top),https://commons.wikimedia.org/wiki/File:Chuck_Norris_All-Stars.jpg,reject,"special print, near dark",excluded,rejected at screening
File:Chucks_(54105924799).png,Chuck Taylor All-Stars (high-top),https://commons.wikimedia.org/wiki/File:Chucks_(54105924799).png,keep,white hi-top on wooden bench outdoors,included,
File:Chucks.jpg,Chuck Taylor All-Stars (high-top),https://commons.wikimedia.org/wiki/File:Chucks.jpg,keep,"green hi-top, worn/dirty, indoor",included,
File:Converse_All_Star_(3742970727).jpg,Chuck Taylor All-Stars (high-top),https://commons.wikimedia.org/wiki/File:Converse_All_Star_(3742970727).jpg,keep,"red kids hi-top on harbour wall, outdoor",included,
File:Converse_All_Star_02248.JPG,Chuck Taylor All-Stars (high-top),https://commons.wikimedia.org/wiki/File:Converse_All_Star_02248.JPG,reject,edited composite,excluded,rejected at screening
File:Converse_All_Star_Black_Patent_High_(4649853842).jpg,Chuck Taylor All-Stars (high-top),https://commons.wikimedia.org/wiki/File:Converse_All_Star_Black_Patent_High_(4649853842).jpg,keep,"black hi-top pair, top-down, wood floor (series A)",included,
File:Converse_All_Star_Blue_High_(4649851894).jpg,Chuck Taylor All-Stars (high-top),https://commons.wikimedia.org/wiki/File:Converse_All_Star_Blue_High_(4649851894).jpg,keep,"navy/grey hi-top pair, top-down (series A)",included,
File:Converse_All_Star_High_White_(4649858686).jpg,Chuck Taylor All-Stars (high-top),https://commons.wikimedia.org/wiki/File:Converse_All_Star_High_White_(4649858686).jpg,keep,"white hi-top pair, top-down (series A)",included,
File:Converse_All_Star_Red_Hi_(4649238499).jpg,Chuck Taylor All-Stars (high-top),https://commons.wikimedia.org/wiki/File:Converse_All_Star_Red_Hi_(4649238499).jpg,keep,"red hi-top pair, top-down (series A)",excluded,same photographer/session as 51/52 (keep two of series)
File:Converse_All_Star_Red_High_(4649851394).jpg,Chuck Taylor All-Stars (high-top),https://commons.wikimedia.org/wiki/File:Converse_All_Star_Red_High_(4649851394).jpg,reject,near-duplicate of 53,excluded,rejected at screening
File:Converse_All_Star_The_Who_(4649237391).jpg,Chuck Taylor All-Stars (high-top),https://commons.wikimedia.org/wiki/File:Converse_All_Star_The_Who_(4649237391).jpg,reject,special-edition lining,excluded,rejected at screening
File:Converse_All-Star_Chuck_Taylor_Shoe_-_DPLA_-_215e6f66263950c10d6cb1bf4f7e222e_(page_2).jpg,Chuck Taylor All-Stars (high-top),https://commons.wikimedia.org/wiki/File:Converse_All-Star_Chuck_Taylor_Shoe_-_DPLA_-_215e6f66263950c10d6cb1bf4f7e222e_(page_2).jpg,reject,signed / customised,excluded,rejected at screening
File:Converse_and_puddle_(13366709314).jpg,Chuck Taylor All-Stars (high-top),https://commons.wikimedia.org/wiki/File:Converse_and_puddle_(13366709314).jpg,reject,shoes tiny,excluded,rejected at screening
File:Converse_Apocalypse_(9494078348).jpg,Chuck Taylor All-Stars (high-top),https://commons.wikimedia.org/wiki/File:Converse_Apocalypse_(9494078348).jpg,reject,pile of many shoes,excluded,rejected at screening
File:Converse_Apocalypse_(9494079890).jpg,Chuck Taylor All-Stars (high-top),https://commons.wikimedia.org/wiki/File:Converse_Apocalypse_(9494079890).jpg,reject,pile of many shoes,excluded,rejected at screening
File:Converse_Chuck_Taylor_All-Stars_(51091002425).jpg,Chuck Taylor All-Stars (high-top),https://commons.wikimedia.org/wiki/File:Converse_Chuck_Taylor_All-Stars_(51091002425).jpg,reject,vignette/grayscale edit,excluded,rejected at screening
File:Converse_Chucks_shoes_black_with_flames.jpeg,Chuck Taylor All-Stars (high-top),https://commons.wikimedia.org/wiki/File:Converse_Chucks_shoes_black_with_flames.jpeg,reject,flame print special,excluded,rejected at screening
File:Converse_Limited_Edition.jpg,Chuck Taylor All-Stars (high-top),https://commons.wikimedia.org/wiki/File:Converse_Limited_Edition.jpg,reject,zebra print special,excluded,rejected at screening
File:Converse_red.JPG,Chuck Taylor All-Stars (high-top),https://commons.wikimedia.org/wiki/File:Converse_red.JPG,keep,red hi-top pair on grass,included,
File:Converse_retrieval_dropping_(120554477).jpg,Chuck Taylor All-Stars (high-top),https://commons.wikimedia.org/wiki/File:Converse_retrieval_dropping_(120554477).jpg,reject,b/w edit,excluded,rejected at screening
File:Converse_Shoes_on_the_riverbank_of_the_Isar_at_the_Flaucher_in_Munich.JPG,Chuck Taylor All-Stars (high-top),https://commons.wikimedia.org/wiki/File:Converse_Shoes_on_the_riverbank_of_the_Isar_at_the_Flaucher_in_Munich.JPG,reject,tiny,excluded,rejected at screening
File:Converse-Chuck_70.jpg,Chuck Taylor All-Stars (high-top),https://commons.wikimedia.org/wiki/File:Converse-Chuck_70.jpg,reject,clean product shot,excluded,rejected at screening
File:Converse-Classic_Chuck.jpg,Chuck Taylor All-Stars (high-top),https://commons.wikimedia.org/wiki/File:Converse-Classic_Chuck.jpg,reject,clean product shot,excluded,rejected at screening
File:Converse-wiki.png,Chuck Taylor All-Stars (high-top),https://commons.wikimedia.org/wiki/File:Converse-wiki.png,reject,custom print,excluded,rejected at screening
File:ConverseDH.JPG,Chuck Taylor All-Stars (high-top),https://commons.wikimedia.org/wiki/File:ConverseDH.JPG,keep,white Chuck pair on football pitch at night,excluded,cut not determinable
File:Converseheel1.JPG,Chuck Taylor All-Stars (high-top),https://commons.wikimedia.org/wiki/File:Converseheel1.JPG,reject,same session as 71,excluded,rejected at screening
File:Converseheel2.JPG,Chuck Taylor All-Stars (high-top),https://commons.wikimedia.org/wiki/File:Converseheel2.JPG,keep,"black hi-top on grey carpet, indoor",included,
File:ConverseJeans.jpg,Chuck Taylor All-Stars (high-top),https://commons.wikimedia.org/wiki/File:ConverseJeans.jpg,keep,orange-red hi-top on denim,excluded,"orange-red, colourway uncertain"
File:ConverseLimited.jpg,Chuck Taylor All-Stars (high-top),https://commons.wikimedia.org/wiki/File:ConverseLimited.jpg,reject,CdG collab product shot,excluded,rejected at screening
File:Coverse_x_Stussy.jpg,Chuck Taylor All-Stars (high-top),https://commons.wikimedia.org/wiki/File:Coverse_x_Stussy.jpg,reject,glitter special,excluded,rejected at screening
File:Customised_Chuck_tylor's_ALL_STAR.jpg,Chuck Taylor All-Stars (high-top),https://commons.wikimedia.org/wiki/File:Customised_Chuck_tylor's_ALL_STAR.jpg,reject,custom print,excluded,rejected at screening
File:Download_Thousands_Of_Free_Stunning_Stock_Photos._(24327044045).jpg,Chuck Taylor All-Stars (high-top),https://commons.wikimedia.org/wiki/File:Download_Thousands_Of_Free_Stunning_Stock_Photos._(24327044045).jpg,keep,navy hi-top worn walking on painted steps,included,
File:Free_Old_Converse_All_Stars_Creative_Commons_(2037369037).jpg,Chuck Taylor All-Stars (high-top),https://commons.wikimedia.org/wiki/File:Free_Old_Converse_All_Stars_Creative_Commons_(2037369037).jpg,reject,desaturated edit,excluded,rejected at screening
File:Green_^_yellow_-_Flickr_-_anathea.jpg,Chuck Taylor All-Stars (high-top),https://commons.wikimedia.org/wiki/File:Green_^_yellow_-_Flickr_-_anathea.jpg,reject,many colourways,excluded,rejected at screening
File:Grimmen_schuhe_10.07.2011_08-15-18.jpg,Chuck Taylor All-Stars (high-top),https://commons.wikimedia.org/wiki/File:Grimmen_schuhe_10.07.2011_08-15-18.jpg,keep,"navy hi-top dirty, indoor floor",included,
File:HK_MK_旺角_Mong_Kok_奶路臣街_Nelson_Street_May_2022_Px3_12_All_Star_Convert_snacker.jpg,Chuck Taylor All-Stars (high-top),https://commons.wikimedia.org/wiki/File:HK_MK_旺角_Mong_Kok_奶路臣街_Nelson_Street_May_2022_Px3_12_All_Star_Convert_snacker.jpg,reject,store,excluded,rejected at screening
File:KickAss.jpg,Chuck Taylor All-Stars (high-top),https://commons.wikimedia.org/wiki/File:KickAss.jpg,reject,custom paint,excluded,rejected at screening
File:Lågt_(Explore_2016-04-03)_-_Flickr_-_nillamaria.jpg,Chuck Taylor All-Stars (high-top),https://commons.wikimedia.org/wiki/File:Lågt_(Explore_2016-04-03)_-_Flickr_-_nillamaria.jpg,reject,studio-like,excluded,rejected at screening
File:My_shoes_-_detail.jpg,Chuck Taylor All-Stars (high-top),https://commons.wikimedia.org/wiki/File:My_shoes_-_detail.jpg,reject,corduroy special,excluded,rejected at screening
File:My_shoes.jpg,Chuck Taylor All-Stars (high-top),https://commons.wikimedia.org/wiki/File:My_shoes.jpg,keep,"khaki/brown hi-top on orange floor, hard shadow",included,
File:NZChucks.jpg,Chuck Taylor All-Stars (high-top),https://commons.wikimedia.org/wiki/File:NZChucks.jpg,keep,"black hi-top worn, top-down",included,
File:Old_red_shoe_-_Flickr_-_ani.jpg,Chuck Taylor All-Stars (high-top),https://commons.wikimedia.org/wiki/File:Old_red_shoe_-_Flickr_-_ani.jpg,keep,"maroon hi-top worn, grass",included,
File:Pinke_Turnschuhe.jpg,Chuck Taylor All-Stars (high-top),https://commons.wikimedia.org/wiki/File:Pinke_Turnschuhe.jpg,reject,heavy stylised edit,excluded,rejected at screening
File:Sneakers_.jpg,Chuck Taylor All-Stars (high-top),https://commons.wikimedia.org/wiki/File:Sneakers_.jpg,keep,black low-top partly inside plastic bag (occlusion),included,
"File:Sport-_of_basketbalschoenen,_grijs_met_witte_neus,_objectnr_80301-1-2.JPG",Chuck Taylor All-Stars (high-top),"https://commons.wikimedia.org/wiki/File:Sport-_of_basketbalschoenen,_grijs_met_witte_neus,_objectnr_80301-1-2.JPG",reject,near-studio background,excluded,rejected at screening
File:コンバース_(3349181411).jpg,Chuck Taylor All-Stars (high-top),https://commons.wikimedia.org/wiki/File:コンバース_(3349181411).jpg,reject,storefront,excluded,rejected at screening
File:コンバース_(4297268640).jpg,Chuck Taylor All-Stars (high-top),https://commons.wikimedia.org/wiki/File:コンバース_(4297268640).jpg,reject,retail,excluded,rejected at screening
File:レモンとイチゴ_(5815561168).jpg,Chuck Taylor All-Stars (high-top),https://commons.wikimedia.org/wiki/File:レモンとイチゴ_(5815561168).jpg,reject,retail,excluded,rejected at screening
File:収集家_(469737057).jpg,Chuck Taylor All-Stars (high-top),https://commons.wikimedia.org/wiki/File:収集家_(469737057).jpg,reject,retail,excluded,rejected at screening
File:収集家_(469737061).jpg,Chuck Taylor All-Stars (high-top),https://commons.wikimedia.org/wiki/File:収集家_(469737061).jpg,reject,retail,excluded,rejected at screening
File:収集家_(469737063).jpg,Chuck Taylor All-Stars (high-top),https://commons.wikimedia.org/wiki/File:収集家_(469737063).jpg,reject,shelf,excluded,rejected at screening
File:All_Star_Rocks_(4247847660).jpg,Chuck Taylor All-Stars (low-top),https://commons.wikimedia.org/wiki/File:All_Star_Rocks_(4247847660).jpg,reject,b/w graphic,excluded,rejected at screening
File:Arbeitszeitverkürzung_–_geht_doch_!_Karte_der_Bremer_Arbeitszeitiniative.jpg,Chuck Taylor All-Stars (low-top),https://commons.wikimedia.org/wiki/File:Arbeitszeitverkürzung_–_geht_doch_!_Karte_der_Bremer_Arbeitszeitiniative.jpg,reject,poster,excluded,rejected at screening
File:Bavarés_Sxxi_Die_Wiesn_12_(19843269).jpeg,Chuck Taylor All-Stars (low-top),https://commons.wikimedia.org/wiki/File:Bavarés_Sxxi_Die_Wiesn_12_(19843269).jpeg,reject,shoe small,excluded,rejected at screening
File:Black_Converse_sneakers.JPG,Chuck Taylor All-Stars (low-top),https://commons.wikimedia.org/wiki/File:Black_Converse_sneakers.JPG,keep,"navy low-top pair, indoor",included,
File:Blue_Suede_Shoes_or_not_(9492020841).jpg,Chuck Taylor All-Stars (low-top),https://commons.wikimedia.org/wiki/File:Blue_Suede_Shoes_or_not_(9492020841).jpg,keep,"black low-top worn, dark outdoor, low light",included,
"File:Cat,_Lead_and_Converse_Shoes_(8208704568).jpg",Chuck Taylor All-Stars (low-top),"https://commons.wikimedia.org/wiki/File:Cat,_Lead_and_Converse_Shoes_(8208704568).jpg",keep,black low-top occluded by cat on grass,included,
File:Chillin_(7449809950).jpg,Chuck Taylor All-Stars (low-top),https://commons.wikimedia.org/wiki/File:Chillin_(7449809950).jpg,keep,"white low-top worn, top-down POV",included,
File:Chuck_Taylors.jpg,Chuck Taylor All-Stars (low-top),https://commons.wikimedia.org/wiki/File:Chuck_Taylors.jpg,keep,red low-top dirty on bedsheet,included,
File:Classic_chucks.jpg,Chuck Taylor All-Stars (low-top),https://commons.wikimedia.org/wiki/File:Classic_chucks.jpg,keep,black low-top on shoebox,excluded,near-identical staging to 106
File:Converse_All_Star_de_couro_preto_-_Black_Leather_Converse_All_star.jpg,Chuck Taylor All-Stars (low-top),https://commons.wikimedia.org/wiki/File:Converse_All_Star_de_couro_preto_-_Black_Leather_Converse_All_star.jpg,keep,"black low-top on stone tiles, outdoor",included,
File:Converse_All_Star_low_top_red.jpg,Chuck Taylor All-Stars (low-top),https://commons.wikimedia.org/wiki/File:Converse_All_Star_low_top_red.jpg,keep,"red low-top on shoebox, tiled floor",included,
File:Converse_shoes_(2103034120).jpg,Chuck Taylor All-Stars (low-top),https://commons.wikimedia.org/wiki/File:Converse_shoes_(2103034120).jpg,keep,grey low-top on carpet,included,
File:Converse_side_view.JPG,Chuck Taylor All-Stars (low-top),https://commons.wikimedia.org/wiki/File:Converse_side_view.JPG,keep,"white low-top, dark background indoor",included,
File:ConverseWhiteChucks.jpg,Chuck Taylor All-Stars (low-top),https://commons.wikimedia.org/wiki/File:ConverseWhiteChucks.jpg,keep,white low-top dirty on patterned blanket,included,
File:Emo_beat_up_chuck_taylor_all_star_converse.jpg,Chuck Taylor All-Stars (low-top),https://commons.wikimedia.org/wiki/File:Emo_beat_up_chuck_taylor_all_star_converse.jpg,keep,"navy low-top torn/worn, carpet",included,
File:Emo_Shoes.jpg,Chuck Taylor All-Stars (low-top),https://commons.wikimedia.org/wiki/File:Emo_Shoes.jpg,reject,duplicate of 110,excluded,rejected at screening
File:Junya.jpg,Chuck Taylor All-Stars (low-top),https://commons.wikimedia.org/wiki/File:Junya.jpg,reject,plaid special,excluded,rejected at screening
File:Legs_and_Feet_(8718964428).jpg,Chuck Taylor All-Stars (low-top),https://commons.wikimedia.org/wiki/File:Legs_and_Feet_(8718964428).jpg,keep,"navy hi-top worn, festival field POV",included,
File:Levi's_Chuck_Taylor_All-Stars.jpg,Chuck Taylor All-Stars (low-top),https://commons.wikimedia.org/wiki/File:Levi's_Chuck_Taylor_All-Stars.jpg,keep,grey low-top in shoebox with tissue (occlusion),included,
File:MyConverse.jpg,Chuck Taylor All-Stars (low-top),https://commons.wikimedia.org/wiki/File:MyConverse.jpg,keep,maroon low-top with orange laces on leather chair,included,
"File:Pair_of_Converse_All_Stars_shoes,_one_shoe_worn_beyond_use,_the_other_new.jpg",Chuck Taylor All-Stars (low-top),"https://commons.wikimedia.org/wiki/File:Pair_of_Converse_All_Stars_shoes,_one_shoe_worn_beyond_use,_the_other_new.jpg",reject,two different shoes,excluded,rejected at screening
File:Product_RED_Converse_(4034111954).jpg,Chuck Taylor All-Stars (low-top),https://commons.wikimedia.org/wiki/File:Product_RED_Converse_(4034111954).jpg,reject,retail tag/staged,excluded,rejected at screening
File:Sandra_Chile_2017_(Unsplash).jpg,Chuck Taylor All-Stars (low-top),https://commons.wikimedia.org/wiki/File:Sandra_Chile_2017_(Unsplash).jpg,keep,pink hi-top worn POV on lichen rock,included,
File:THIS_CANVAS_WAS_MADE_IN_AFRICA._(4037291201).jpg,Chuck Taylor All-Stars (low-top),https://commons.wikimedia.org/wiki/File:THIS_CANVAS_WAS_MADE_IN_AFRICA._(4037291201).jpg,reject,retail tag close-up,excluded,rejected at screening
File:White_converse_front.JPG,Chuck Taylor All-Stars (low-top),https://commons.wikimedia.org/wiki/File:White_converse_front.JPG,keep,"white low-top pair, dark background",included,
File:White_converse_heel.JPG,Chuck Taylor All-Stars (low-top),https://commons.wikimedia.org/wiki/File:White_converse_heel.JPG,reject,same session as 120,excluded,rejected at screening
File:Wikimedia_CEE_2016_photos_(2016-08-28)_36.jpg,Chuck Taylor All-Stars (low-top),https://commons.wikimedia.org/wiki/File:Wikimedia_CEE_2016_photos_(2016-08-28)_36.jpg,reject,shoe small / multiple people or colourways,excluded,rejected at screening
File:Wikimedia_CEE_2016_photos_(2016-08-28)_51.jpg,Chuck Taylor All-Stars (low-top),https://commons.wikimedia.org/wiki/File:Wikimedia_CEE_2016_photos_(2016-08-28)_51.jpg,reject,shoe small / multiple people or colourways,excluded,rejected at screening
File:Abui_or_abunai.jpg,People with Chuck Taylor All-Stars,https://commons.wikimedia.org/wiki/File:Abui_or_abunai.jpg,reject,shoe small / multiple people or colourways,excluded,rejected at screening
File:AM2_Con_2012_-_Ash_cosplay_(14024144443).jpg,People with Chuck Taylor All-Stars,https://commons.wikimedia.org/wiki/File:AM2_Con_2012_-_Ash_cosplay_(14024144443).jpg,reject,shoe small / multiple people or colourways,excluded,rejected at screening
File:Beautful_women_and_handsome_man.jpg,People with Chuck Taylor All-Stars,https://commons.wikimedia.org/wiki/File:Beautful_women_and_handsome_man.jpg,reject,shoe small / multiple people or colourways,excluded,rejected at screening
File:Caminata_por_los_perros_y_animales_Maracaibo_2012_(51).jpg,People with Chuck Taylor All-Stars,https://commons.wikimedia.org/wiki/File:Caminata_por_los_perros_y_animales_Maracaibo_2012_(51).jpg,reject,shoe small / multiple people or colourways,excluded,rejected at screening
File:Casual_Thursdays_(14567317115).jpg,People with Chuck Taylor All-Stars,https://commons.wikimedia.org/wiki/File:Casual_Thursdays_(14567317115).jpg,keep,"black hi-top worn, camera in foreground (occlusion)",excluded,shoe small relative to camera in foreground
File:Chucks_bemalt.jpg,People with Chuck Taylor All-Stars,https://commons.wikimedia.org/wiki/File:Chucks_bemalt.jpg,reject,shoe small / multiple people or colourways,excluded,rejected at screening
File:Chucks_klein.jpg,People with Chuck Taylor All-Stars,https://commons.wikimedia.org/wiki/File:Chucks_klein.jpg,reject,shoe small / multiple people or colourways,excluded,rejected at screening
File:Converse_All_Star_de_couro_-.jpg,People with Chuck Taylor All-Stars,https://commons.wikimedia.org/wiki/File:Converse_All_Star_de_couro_-.jpg,keep,"navy low-top worn, top-down on tiles",included,
File:ConverseFields(byIlhamRahmansyah).jpg,People with Chuck Taylor All-Stars,https://commons.wikimedia.org/wiki/File:ConverseFields(byIlhamRahmansyah).jpg,keep,"black hi-top worn POV, dry park field",included,
File:ConverseinMexicoCity.jpg,People with Chuck Taylor All-Stars,https://commons.wikimedia.org/wiki/File:ConverseinMexicoCity.jpg,keep,"black hi-top worn, low warm light",excluded,cap on black high-top reached
File:Cosplay_of_Marshall_Lee_from_Adventure_Times_at_Otakon_2012.jpg,People with Chuck Taylor All-Stars,https://commons.wikimedia.org/wiki/File:Cosplay_of_Marshall_Lee_from_Adventure_Times_at_Otakon_2012.jpg,reject,shoe small / multiple people or colourways,excluded,rejected at screening
File:Dogs_Playing.JPG,People with Chuck Taylor All-Stars,https://commons.wikimedia.org/wiki/File:Dogs_Playing.JPG,reject,shoe small / multiple people or colourways,excluded,rejected at screening
File:Emo_shoes.jpg,People with Chuck Taylor All-Stars,https://commons.wikimedia.org/wiki/File:Emo_shoes.jpg,reject,shoe small / multiple people or colourways,excluded,rejected at screening
File:Familyconverse.jpg,People with Chuck Taylor All-Stars,https://commons.wikimedia.org/wiki/File:Familyconverse.jpg,reject,shoe small / multiple people or colourways,excluded,rejected at screening
File:Feet_dangling_from_a_building_(Unsplash).jpg,People with Chuck Taylor All-Stars,https://commons.wikimedia.org/wiki/File:Feet_dangling_from_a_building_(Unsplash).jpg,keep,"black hi-top worn, POV over city street from height",included,
File:Festival_Paulista_de_Circo_(30687225278).jpg,People with Chuck Taylor All-Stars,https://commons.wikimedia.org/wiki/File:Festival_Paulista_de_Circo_(30687225278).jpg,reject,shoe small in frame / person-centric photo (identifiable face),excluded,rejected at screening
File:Friendsconverse.jpg,People with Chuck Taylor All-Stars,https://commons.wikimedia.org/wiki/File:Friendsconverse.jpg,keep,"black hi-top worn, sitting on log, grass",excluded,cap on black high-top reached
File:Gani_Mirzo.jpg,People with Chuck Taylor All-Stars,https://commons.wikimedia.org/wiki/File:Gani_Mirzo.jpg,reject,shoe small in frame / person-centric photo (identifiable face),excluded,rejected at screening
File:Harajuku_Fashion_Street_Snap_(2018-01-08_19.03.56_by_Dick_Thomas_Johnson).jpg,People with Chuck Taylor All-Stars,https://commons.wikimedia.org/wiki/File:Harajuku_Fashion_Street_Snap_(2018-01-08_19.03.56_by_Dick_Thomas_Johnson).jpg,reject,shoe small in frame / person-centric photo (identifiable face),excluded,rejected at screening
File:HawaiianLeisureSuit.jpg,People with Chuck Taylor All-Stars,https://commons.wikimedia.org/wiki/File:HawaiianLeisureSuit.jpg,reject,shoe small in frame / person-centric photo (identifiable face),excluded,rejected at screening
"File:Thanx_Xtreme_-^_,P_-_Flickr_-_Aih..jpg",People with Chuck Taylor All-Stars,"https://commons.wikimedia.org/wiki/File:Thanx_Xtreme_-^_,P_-_Flickr_-_Aih..jpg",reject,shoe small in frame / person-centric photo (identifiable face),excluded,rejected at screening
File:Largest_collection_of_Converse_All-Stars.JPG,People with Chuck Taylor All-Stars,https://commons.wikimedia.org/wiki/File:Largest_collection_of_Converse_All-Stars.JPG,reject,shoe small in frame / person-centric photo (identifiable face),excluded,rejected at screening
File:Liam_Payne_1D_2011.jpg,People with Chuck Taylor All-Stars,https://commons.wikimedia.org/wiki/File:Liam_Payne_1D_2011.jpg,reject,shoe small in frame / person-centric photo (identifiable face),excluded,rejected at screening
File:Looking_for_adventure_(18802864261).jpg,People with Chuck Taylor All-Stars,https://commons.wikimedia.org/wiki/File:Looking_for_adventure_(18802864261).jpg,reject,shoe small in frame / person-centric photo (identifiable face),excluded,rejected at screening
File:Mychucks.jpg,People with Chuck Taylor All-Stars,https://commons.wikimedia.org/wiki/File:Mychucks.jpg,reject,heavy noise edit,excluded,rejected at screening
File:Otakon_2012_433.JPG,People with Chuck Taylor All-Stars,https://commons.wikimedia.org/wiki/File:Otakon_2012_433.JPG,reject,shoe small in frame / person-centric photo (identifiable face),excluded,rejected at screening
File:Peck_Palit.jpg,People with Chuck Taylor All-Stars,https://commons.wikimedia.org/wiki/File:Peck_Palit.jpg,reject,shoe small in frame / person-centric photo (identifiable face),excluded,rejected at screening
File:San_Diego_Pride_(2683870869).jpg,People with Chuck Taylor All-Stars,https://commons.wikimedia.org/wiki/File:San_Diego_Pride_(2683870869).jpg,reject,shoe small in frame / person-centric photo (identifiable face),excluded,rejected at screening
File:San_Diego_Pride_(2684605330).jpg,People with Chuck Taylor All-Stars,https://commons.wikimedia.org/wiki/File:San_Diego_Pride_(2684605330).jpg,reject,shoe small in frame / person-centric photo (identifiable face),excluded,rejected at screening
File:Shoe_Reference_-24_(51826281875).jpg,People with Chuck Taylor All-Stars,https://commons.wikimedia.org/wiki/File:Shoe_Reference_-24_(51826281875).jpg,keep,"white hi-top worn, close, jeans",included,
File:SkyWalk_(5829541416).jpg,People with Chuck Taylor All-Stars,https://commons.wikimedia.org/wiki/File:SkyWalk_(5829541416).jpg,reject,shoe small in frame / person-centric photo (identifiable face),excluded,rejected at screening
"File:Sunday_at_Harajuku_park,_Tokyo_1985_photo_17.jpg",People with Chuck Taylor All-Stars,"https://commons.wikimedia.org/wiki/File:Sunday_at_Harajuku_park,_Tokyo_1985_photo_17.jpg",reject,shoe small in frame / person-centric photo (identifiable face),excluded,rejected at screening
File:Three_musicians_from_Pussy_Riot_giving_an_interview_in_Kassel_2024-04-08.jpg,People with Chuck Taylor All-Stars,https://commons.wikimedia.org/wiki/File:Three_musicians_from_Pussy_Riot_giving_an_interview_in_Kassel_2024-04-08.jpg,reject,shoe small in frame / person-centric photo (identifiable face),excluded,rejected at screening
File:Zapatilla_rosa.JPG,People with Chuck Taylor All-Stars,https://commons.wikimedia.org/wiki/File:Zapatilla_rosa.JPG,keep,"pink hi-top worn, dim light",included,
File:2010_-_A_year_plenty_of_Hopes.jpg,People with Chuck Taylor All-Stars (high-top),https://commons.wikimedia.org/wiki/File:2010_-_A_year_plenty_of_Hopes.jpg,reject,shoe small in frame / person-centric photo (identifiable face),excluded,rejected at screening
"File:2017_Capital_Pride_(Washington,_D.C.)_-_118.jpg",People with Chuck Taylor All-Stars (high-top),"https://commons.wikimedia.org/wiki/File:2017_Capital_Pride_(Washington,_D.C.)_-_118.jpg",reject,shoe small in frame / person-centric photo (identifiable face),excluded,rejected at screening
File:23.3.14_１０Ｅ：被災者を背負って救助（亘理町）_東日本大震災における災害派遣活動_49.jpg,People with Chuck Taylor All-Stars (high-top),https://commons.wikimedia.org/wiki/File:23.3.14_１０Ｅ：被災者を背負って救助（亘理町）_東日本大震災における災害派遣活動_49.jpg,reject,shoe small in frame / person-centric photo (identifiable face),excluded,rejected at screening
File:Adrianna_Lynn_at_AVN_Awards_2011_3.jpg,People with Chuck Taylor All-Stars (high-top),https://commons.wikimedia.org/wiki/File:Adrianna_Lynn_at_AVN_Awards_2011_3.jpg,reject,shoe small in frame / person-centric photo (identifiable face),excluded,rejected at screening
File:Adrianna_Lynn_at_AVN_Awards_2011_4.jpg,People with Chuck Taylor All-Stars (high-top),https://commons.wikimedia.org/wiki/File:Adrianna_Lynn_at_AVN_Awards_2011_4.jpg,reject,shoe small in frame / person-centric photo (identifiable face),excluded,rejected at screening
File:BlueConverseChuckTaylors.jpg,People with Chuck Taylor All-Stars (high-top),https://commons.wikimedia.org/wiki/File:BlueConverseChuckTaylors.jpg,keep,"navy hi-top worn, top-down",included,
File:Carol_and_Ricardo_as_Tifa_and_Cloud_sitting_20090607.jpg,People with Chuck Taylor All-Stars (high-top),https://commons.wikimedia.org/wiki/File:Carol_and_Ricardo_as_Tifa_and_Cloud_sitting_20090607.jpg,reject,shoe small in frame / person-centric photo (identifiable face),excluded,rejected at screening
File:Carol_and_Ricardo_as_Tifa_and_Cloud_sitting_on_stairs_20090607a.jpg,People with Chuck Taylor All-Stars (high-top),https://commons.wikimedia.org/wiki/File:Carol_and_Ricardo_as_Tifa_and_Cloud_sitting_on_stairs_20090607a.jpg,reject,shoe small in frame / person-centric photo (identifiable face),excluded,rejected at screening
File:Carol_and_Ricardo_as_Tifa_and_Cloud_sitting_on_stairs_20090607b.jpg,People with Chuck Taylor All-Stars (high-top),https://commons.wikimedia.org/wiki/File:Carol_and_Ricardo_as_Tifa_and_Cloud_sitting_on_stairs_20090607b.jpg,reject,shoe small in frame / person-centric photo (identifiable face),excluded,rejected at screening
File:Carol_as_Tifa_Lockhart_sitting_20090607.jpg,People with Chuck Taylor All-Stars (high-top),https://commons.wikimedia.org/wiki/File:Carol_as_Tifa_Lockhart_sitting_20090607.jpg,reject,shoe small in frame / person-centric photo (identifiable face),excluded,rejected at screening
File:Chicas_after_playing_for_Northern_Virginia_in_2010.jpg,People with Chuck Taylor All-Stars (high-top),https://commons.wikimedia.org/wiki/File:Chicas_after_playing_for_Northern_Virginia_in_2010.jpg,reject,shoe small in frame / person-centric photo (identifiable face),excluded,rejected at screening
File:Chucks._(2656893949).jpg,People with Chuck Taylor All-Stars (high-top),https://commons.wikimedia.org/wiki/File:Chucks._(2656893949).jpg,keep,"red hi-top worn, low angle street",included,
File:Converse_All_Stars.jpg,People with Chuck Taylor All-Stars (high-top),https://commons.wikimedia.org/wiki/File:Converse_All_Stars.jpg,keep,"red hi-top close, outsole visible",included,
File:Converse.JPG,People with Chuck Taylor All-Stars (high-top),https://commons.wikimedia.org/wiki/File:Converse.JPG,reject,shoe small in frame / person-centric photo (identifiable face),excluded,rejected at screening
File:Crisix_Rock_unter_den_Eichen_2018_04.jpg,People with Chuck Taylor All-Stars (high-top),https://commons.wikimedia.org/wiki/File:Crisix_Rock_unter_den_Eichen_2018_04.jpg,reject,shoe small in frame / person-centric photo (identifiable face),excluded,rejected at screening
File:Crisix_Rock_unter_den_Eichen_2018_42.jpg,People with Chuck Taylor All-Stars (high-top),https://commons.wikimedia.org/wiki/File:Crisix_Rock_unter_den_Eichen_2018_42.jpg,reject,shoe small in frame / person-centric photo (identifiable face),excluded,rejected at screening
File:Emo_girl_02_posing_01.jpg,People with Chuck Taylor All-Stars (high-top),https://commons.wikimedia.org/wiki/File:Emo_girl_02_posing_01.jpg,reject,shoe small in frame / person-centric photo (identifiable face),excluded,rejected at screening
File:Fashion-person-hands-woman_(23698682043).jpg,People with Chuck Taylor All-Stars (high-top),https://commons.wikimedia.org/wiki/File:Fashion-person-hands-woman_(23698682043).jpg,keep,"black hi-top worn, seated on rock",excluded,cap on black high-top reached
File:Festival_de_Malaga_2021_-_Javier_Casellas.jpg,People with Chuck Taylor All-Stars (high-top),https://commons.wikimedia.org/wiki/File:Festival_de_Malaga_2021_-_Javier_Casellas.jpg,reject,shoe small in frame / person-centric photo (identifiable face),excluded,rejected at screening
File:Flower_Chucks_-_Flickr_-_skpy.jpg,People with Chuck Taylor All-Stars (high-top),https://commons.wikimedia.org/wiki/File:Flower_Chucks_-_Flickr_-_skpy.jpg,reject,shoe small in frame / person-centric photo (identifiable face),excluded,rejected at screening
File:Fro_(5878965795).jpg,People with Chuck Taylor All-Stars (high-top),https://commons.wikimedia.org/wiki/File:Fro_(5878965795).jpg,reject,shoe small in frame / person-centric photo (identifiable face),excluded,rejected at screening
File:Gurr_-_2018154130417_2018-06-03_Rock_am_Ring_-_1D_X_MK_II_-_0037_-_AK8I6466.jpg,People with Chuck Taylor All-Stars (high-top),https://commons.wikimedia.org/wiki/File:Gurr_-_2018154130417_2018-06-03_Rock_am_Ring_-_1D_X_MK_II_-_0037_-_AK8I6466.jpg,reject,shoe small in frame / person-centric photo (identifiable face),excluded,rejected at screening
File:Hammersmithchucks.jpg,People with Chuck Taylor All-Stars (high-top),https://commons.wikimedia.org/wiki/File:Hammersmithchucks.jpg,keep,white hi-top worn on paving,included,
"File:Harajuku_Fashion_Street_Snap_(September_16,_2017)_(43786009291).jpg",People with Chuck Taylor All-Stars (high-top),"https://commons.wikimedia.org/wiki/File:Harajuku_Fashion_Street_Snap_(September_16,_2017)_(43786009291).jpg",reject,shoe small in frame / person-centric photo (identifiable face),excluded,rejected at screening
File:Hot_legs_walking_(42015033624).jpg,People with Chuck Taylor All-Stars (high-top),https://commons.wikimedia.org/wiki/File:Hot_legs_walking_(42015033624).jpg,reject,shoe small in frame / person-centric photo (identifiable face),excluded,rejected at screening
File:Hot_legs_walking_(50856528492).jpg,People with Chuck Taylor All-Stars (high-top),https://commons.wikimedia.org/wiki/File:Hot_legs_walking_(50856528492).jpg,reject,shoe small in frame / person-centric photo (identifiable face),excluded,rejected at screening
File:Iowa_City_Pride_Fest_2017_(34579708563).jpg,People with Chuck Taylor All-Stars (high-top),https://commons.wikimedia.org/wiki/File:Iowa_City_Pride_Fest_2017_(34579708563).jpg,reject,shoe small in frame / person-centric photo (identifiable face),excluded,rejected at screening
File:Laced_Converse_shoes_(Unsplash).jpg,People with Chuck Taylor All-Stars (high-top),https://commons.wikimedia.org/wiki/File:Laced_Converse_shoes_(Unsplash).jpg,keep,"red hi-top worn, top-down on concrete",excluded,cap on red high-top reached
File:LBCE_2014_-_Misty_(14348809336).jpg,People with Chuck Taylor All-Stars (high-top),https://commons.wikimedia.org/wiki/File:LBCE_2014_-_Misty_(14348809336).jpg,reject,shoe small in frame / person-centric photo (identifiable face),excluded,rejected at screening
File:Manchester_Pride_(52321864389).jpg,People with Chuck Taylor All-Stars (high-top),https://commons.wikimedia.org/wiki/File:Manchester_Pride_(52321864389).jpg,reject,custom rainbow laces,excluded,rejected at screening
File:Michael_Cera_(6840261982).jpg,People with Chuck Taylor All-Stars (high-top),https://commons.wikimedia.org/wiki/File:Michael_Cera_(6840261982).jpg,reject,shoe small in frame / person-centric photo (identifiable face),excluded,rejected at screening
File:Michael_Cera_(6840267202).jpg,People with Chuck Taylor All-Stars (high-top),https://commons.wikimedia.org/wiki/File:Michael_Cera_(6840267202).jpg,reject,shoe small in frame / person-centric photo (identifiable face),excluded,rejected at screening
File:Michael_Cera_(6986380763).jpg,People with Chuck Taylor All-Stars (high-top),https://commons.wikimedia.org/wiki/File:Michael_Cera_(6986380763).jpg,reject,shoe small in frame / person-centric photo (identifiable face),excluded,rejected at screening
File:Michael_Cera_(6986382141).jpg,People with Chuck Taylor All-Stars (high-top),https://commons.wikimedia.org/wiki/File:Michael_Cera_(6986382141).jpg,reject,shoe small in frame / person-centric photo (identifiable face),excluded,rejected at screening
File:Michael_Cera_(6986382597).jpg,People with Chuck Taylor All-Stars (high-top),https://commons.wikimedia.org/wiki/File:Michael_Cera_(6986382597).jpg,reject,shoe small in frame / person-centric photo (identifiable face),excluded,rejected at screening
File:Michael_Cera_(6986383049).jpg,People with Chuck Taylor All-Stars (high-top),https://commons.wikimedia.org/wiki/File:Michael_Cera_(6986383049).jpg,reject,shoe small in frame / person-centric photo (identifiable face),excluded,rejected at screening
File:Michael_Cera_(6986387409).jpg,People with Chuck Taylor All-Stars (high-top),https://commons.wikimedia.org/wiki/File:Michael_Cera_(6986387409).jpg,reject,shoe small in frame / person-centric photo (identifiable face),excluded,rejected at screening
File:Michael_Cera_(6986387781).jpg,People with Chuck Taylor All-Stars (high-top),https://commons.wikimedia.org/wiki/File:Michael_Cera_(6986387781).jpg,reject,shoe small in frame / person-centric photo (identifiable face),excluded,rejected at screening
File:Michael_Cera_(6986388141).jpg,People with Chuck Taylor All-Stars (high-top),https://commons.wikimedia.org/wiki/File:Michael_Cera_(6986388141).jpg,reject,shoe small in frame / person-centric photo (identifiable face),excluded,rejected at screening
File:Michael_Cera_Seated_2012_Sydney_Lonergan_This_is_Our_Youth.jpg,People with Chuck Taylor All-Stars (high-top),https://commons.wikimedia.org/wiki/File:Michael_Cera_Seated_2012_Sydney_Lonergan_This_is_Our_Youth.jpg,reject,shoe small in frame / person-centric photo (identifiable face),excluded,rejected at screening
File:ModernSky_NewPants_10042015_035_(21951712496).jpg,People with Chuck Taylor All-Stars (high-top),https://commons.wikimedia.org/wiki/File:ModernSky_NewPants_10042015_035_(21951712496).jpg,reject,shoe small in frame / person-centric photo (identifiable face),excluded,rejected at screening
File:Nice_looking_legs_with_red_shoes_(50529064446).jpg,People with Chuck Taylor All-Stars (high-top),https://commons.wikimedia.org/wiki/File:Nice_looking_legs_with_red_shoes_(50529064446).jpg,keep,"pink hi-top worn, pavement",excluded,"file title says red, thumbnail looks pink: colour ambiguous"
File:Panel_at_Exxxotica.2011-1024.jpg,People with Chuck Taylor All-Stars (high-top),https://commons.wikimedia.org/wiki/File:Panel_at_Exxxotica.2011-1024.jpg,reject,shoe small in frame / person-centric photo (identifiable face),excluded,rejected at screening
File:Paris_Marche_des_Fiertés_2015_06_27_12.jpg,People with Chuck Taylor All-Stars (high-top),https://commons.wikimedia.org/wiki/File:Paris_Marche_des_Fiertés_2015_06_27_12.jpg,reject,shoe small in frame / person-centric photo (identifiable face),excluded,rejected at screening
"File:Pink_Converse_high-top_sneakers,_damaged,_2019.jpg",People with Chuck Taylor All-Stars (high-top),"https://commons.wikimedia.org/wiki/File:Pink_Converse_high-top_sneakers,_damaged,_2019.jpg",keep,"pink hi-top worn, dark stage",included,
File:Pixella15323_(24217153212).jpg,People with Chuck Taylor All-Stars (high-top),https://commons.wikimedia.org/wiki/File:Pixella15323_(24217153212).jpg,keep,"red hi-top worn, dry grass",excluded,cap on red high-top reached
File:Pixella15734_(24030424960).jpg,People with Chuck Taylor All-Stars (high-top),https://commons.wikimedia.org/wiki/File:Pixella15734_(24030424960).jpg,reject,duplicate photo of 76,excluded,rejected at screening
File:Punk_am_Ring.jpg,People with Chuck Taylor All-Stars (high-top),https://commons.wikimedia.org/wiki/File:Punk_am_Ring.jpg,reject,shoe small in frame / person-centric photo (identifiable face),excluded,rejected at screening
File:Rock_N_Roll_crop.jpg,People with Chuck Taylor All-Stars (high-top),https://commons.wikimedia.org/wiki/File:Rock_N_Roll_crop.jpg,reject,shoe small in frame / person-centric photo (identifiable face),excluded,rejected at screening
"File:Santa_Monica_Beach_Sat_April_6,_2011_-_37_(5625564627).jpg",People with Chuck Taylor All-Stars (high-top),"https://commons.wikimedia.org/wiki/File:Santa_Monica_Beach_Sat_April_6,_2011_-_37_(5625564627).jpg",reject,shoe small in frame / person-centric photo (identifiable face),excluded,rejected at screening
File:SDCC13_-_Carbonite_Han_(9348026010).jpg,People with Chuck Taylor All-Stars (high-top),https://commons.wikimedia.org/wiki/File:SDCC13_-_Carbonite_Han_(9348026010).jpg,reject,shoe small in frame / person-centric photo (identifiable face),excluded,rejected at screening
File:Shoes_in_a_car_window.jpg,People with Chuck Taylor All-Stars (high-top),https://commons.wikimedia.org/wiki/File:Shoes_in_a_car_window.jpg,keep,"white hi-top, feet up on vehicle window",included,
File:Spring's_rock's_teen.jpg,People with Chuck Taylor All-Stars (high-top),https://commons.wikimedia.org/wiki/File:Spring's_rock's_teen.jpg,reject,shoe small in frame / person-centric photo (identifiable face),excluded,rejected at screening
File:Talladega_Nights_themed_party!.jpg,People with Chuck Taylor All-Stars (high-top),https://commons.wikimedia.org/wiki/File:Talladega_Nights_themed_party!.jpg,reject,shoe small in frame / person-centric photo (identifiable face),excluded,rejected at screening
File:Tel_Aviv_Gay_Pride_2022_(52269235093).jpg,People with Chuck Taylor All-Stars (high-top),https://commons.wikimedia.org/wiki/File:Tel_Aviv_Gay_Pride_2022_(52269235093).jpg,reject,shoe small in frame / person-centric photo (identifiable face),excluded,rejected at screening
File:Tennis_shoes.jpg,People with Chuck Taylor All-Stars (high-top),https://commons.wikimedia.org/wiki/File:Tennis_shoes.jpg,keep,"red hi-top worn close, concrete",included,
File:Travis_Japan_81_DANCE_STUDIO_Header.png,People with Chuck Taylor All-Stars (high-top),https://commons.wikimedia.org/wiki/File:Travis_Japan_81_DANCE_STUDIO_Header.png,reject,shoe small in frame / person-centric photo (identifiable face),excluded,rejected at screening
File:White_gay_man_flag_waving.jpg,People with Chuck Taylor All-Stars (high-top),https://commons.wikimedia.org/wiki/File:White_gay_man_flag_waving.jpg,reject,shoe small in frame / person-centric photo (identifiable face),excluded,rejected at screening
File:Wisconsin_Badgers_football_fans_09-15-2012_089_(7997657762).jpg,People with Chuck Taylor All-Stars (high-top),https://commons.wikimedia.org/wiki/File:Wisconsin_Badgers_football_fans_09-15-2012_089_(7997657762).jpg,reject,shoe small in frame / person-centric photo (identifiable face),excluded,rejected at screening
File:اکران_مردمی.jpg,People with Chuck Taylor All-Stars (high-top),https://commons.wikimedia.org/wiki/File:اکران_مردمی.jpg,reject,shoe small in frame / person-centric photo (identifiable face),excluded,rejected at screening
File:コンバース_(52854649492).jpg,People with Chuck Taylor All-Stars (high-top),https://commons.wikimedia.org/wiki/File:コンバース_(52854649492).jpg,keep,red hi-top worn on escalator,excluded,cap on red high-top reached
File:コンバース_2015_(17291492401).jpg,People with Chuck Taylor All-Stars (high-top),https://commons.wikimedia.org/wiki/File:コンバース_2015_(17291492401).jpg,keep,black hi-top worn on wooden deck,excluded,cap on black high-top reached
File:-1._Wyprawkowy_Konsjerż_z_Tetra_czy_Flanela?.jpg,People with Chuck Taylor All-Stars (low-top),https://commons.wikimedia.org/wiki/File:-1._Wyprawkowy_Konsjerż_z_Tetra_czy_Flanela?.jpg,reject,shoe small in frame / person-centric photo (identifiable face),excluded,rejected at screening
File:Boardwalk_And_Pier_-_NARA_-_543461.jpg,People with Chuck Taylor All-Stars (low-top),https://commons.wikimedia.org/wiki/File:Boardwalk_And_Pier_-_NARA_-_543461.jpg,reject,shoe small in frame / person-centric photo (identifiable face),excluded,rejected at screening
File:Converse_blanco.jpg,People with Chuck Taylor All-Stars (low-top),https://commons.wikimedia.org/wiki/File:Converse_blanco.jpg,keep,"white Chuck heel close-up, dark (partial view)",excluded,"heel-only partial view, cut not determinable"
File:Converse_Shoes.jpg,People with Chuck Taylor All-Stars (low-top),https://commons.wikimedia.org/wiki/File:Converse_Shoes.jpg,keep,"yellow low-top worn, outdoor low angle",included,
File:Converse.jpg,People with Chuck Taylor All-Stars (low-top),https://commons.wikimedia.org/wiki/File:Converse.jpg,reject,multiple people/shoes,excluded,rejected at screening
File:Cute_Ladies.jpg,People with Chuck Taylor All-Stars (low-top),https://commons.wikimedia.org/wiki/File:Cute_Ladies.jpg,reject,shoe small in frame / person-centric photo (identifiable face),excluded,rejected at screening
File:Fancy_Pants_(5879645550).jpg,People with Chuck Taylor All-Stars (low-top),https://commons.wikimedia.org/wiki/File:Fancy_Pants_(5879645550).jpg,reject,shoe small in frame / person-centric photo (identifiable face),excluded,rejected at screening
File:Ferrara_BuskerFestival.jpg,People with Chuck Taylor All-Stars (low-top),https://commons.wikimedia.org/wiki/File:Ferrara_BuskerFestival.jpg,reject,shoe small in frame / person-centric photo (identifiable face),excluded,rejected at screening
"File:Fort_Lauderdale,_United_States_(Unsplash_5WYEyZ7ACBM).jpg",People with Chuck Taylor All-Stars (low-top),"https://commons.wikimedia.org/wiki/File:Fort_Lauderdale,_United_States_(Unsplash_5WYEyZ7ACBM).jpg",reject,others shoes in frame,excluded,rejected at screening
File:Hamballah.jpg,People with Chuck Taylor All-Stars (low-top),https://commons.wikimedia.org/wiki/File:Hamballah.jpg,reject,shoe small in frame / person-centric photo,excluded,rejected at screening
File:Hälsa_19._Çin_Mağazası.png,People with Chuck Taylor All-Stars (low-top),https://commons.wikimedia.org/wiki/File:Hälsa_19._Çin_Mağazası.png,reject,shoe small in frame / person-centric photo,excluded,rejected at screening
File:Industrial_dispute_in_New_Zealand_2010_-_2.jpg,People with Chuck Taylor All-Stars (low-top),https://commons.wikimedia.org/wiki/File:Industrial_dispute_in_New_Zealand_2010_-_2.jpg,reject,shoe small in frame / person-centric photo,excluded,rejected at screening
"File:Phoenix,_United_States_(Unsplash_-dY3GOe-2ac).jpg",People with Chuck Taylor All-Stars (low-top),"https://commons.wikimedia.org/wiki/File:Phoenix,_United_States_(Unsplash_-dY3GOe-2ac).jpg",keep,"mint low-top worn, dark floor",included,
File:Redd_Angelo_2015-03-17_(Unsplash).jpg,People with Chuck Taylor All-Stars (low-top),https://commons.wikimedia.org/wiki/File:Redd_Angelo_2015-03-17_(Unsplash).jpg,keep,navy hi-top dangling over yellow railing,included,
File:Shoes_345.jpg,People with Chuck Taylor All-Stars (low-top),https://commons.wikimedia.org/wiki/File:Shoes_345.jpg,reject,other shoes in frame,excluded,rejected at screening
File:Sky_Meadows_First_Day_Hike_Converse_close_up_SM_2013_(8335813838).jpg,People with Chuck Taylor All-Stars (low-top),https://commons.wikimedia.org/wiki/File:Sky_Meadows_First_Day_Hike_Converse_close_up_SM_2013_(8335813838).jpg,reject,special sole,excluded,rejected at screening
File:Sneaker.jpg,People with Chuck Taylor All-Stars (low-top),https://commons.wikimedia.org/wiki/File:Sneaker.jpg,reject,two pairs,excluded,rejected at screening
File:Tattoos_banner.jpg,People with Chuck Taylor All-Stars (low-top),https://commons.wikimedia.org/wiki/File:Tattoos_banner.jpg,reject,shoe small in frame / person-centric photo,excluded,rejected at screening
File:Vanille_(SG).jpg,People with Chuck Taylor All-Stars (low-top),https://commons.wikimedia.org/wiki/File:Vanille_(SG).jpg,reject,shoe small in frame / person-centric photo,excluded,rejected at screening
File:奉納_(45232115645).jpg,People with Chuck Taylor All-Stars (low-top),https://commons.wikimedia.org/wiki/File:奉納_(45232115645).jpg,reject,shoe small in frame / person-centric photo,excluded,rejected at screening
File:Adicolor_3.jpg,Adidas Stan Smith,https://commons.wikimedia.org/wiki/File:Adicolor_3.jpg,reject,product shot,excluded,rejected at screening
File:Adicolor.jpg,Adidas Stan Smith,https://commons.wikimedia.org/wiki/File:Adicolor.jpg,reject,custom painted,excluded,rejected at screening
File:Adidas_Stan_Smith_(made_in_France).jpg,Adidas Stan Smith,https://commons.wikimedia.org/wiki/File:Adidas_Stan_Smith_(made_in_France).jpg,keep,"white/green Stan Smith on wooden floor, indoor",included,
File:Adidas_Stan_Smith_80s.jpg,Adidas Stan Smith,https://commons.wikimedia.org/wiki/File:Adidas_Stan_Smith_80s.jpg,keep,white/green Stan Smith on floorboards,included,
File:Adidas_Stan_Smith_Vintage_et_Adidas_Stan_Smith_2015.jpg,Adidas Stan Smith,https://commons.wikimedia.org/wiki/File:Adidas_Stan_Smith_Vintage_et_Adidas_Stan_Smith_2015.jpg,reject,several pairs,excluded,rejected at screening
File:Adidas_Stan_Smith_wht-blk.jpg,Adidas Stan Smith,https://commons.wikimedia.org/wiki/File:Adidas_Stan_Smith_wht-blk.jpg,keep,"white/navy Stan Smith on parquet, tag attached",included,
"File:Adidas_Stan_Smith,_details.jpg",Adidas Stan Smith,"https://commons.wikimedia.org/wiki/File:Adidas_Stan_Smith,_details.jpg",reject,collage,excluded,rejected at screening
"File:Adidas_Stan_Smith,_heels.jpg",Adidas Stan Smith,"https://commons.wikimedia.org/wiki/File:Adidas_Stan_Smith,_heels.jpg",reject,collage,excluded,rejected at screening
File:Adidas_Stan_Smiths_sneaker.jpg,Adidas Stan Smith,https://commons.wikimedia.org/wiki/File:Adidas_Stan_Smiths_sneaker.jpg,keep,"white/green Stan Smith signed, grey backdrop",excluded,signed/customised pair
File:M20327.jpg,Adidas Stan Smith,https://commons.wikimedia.org/wiki/File:M20327.jpg,keep,black Stan Smith pair top-down on white sheet,included,
File:Men's_Raf_Simons_Stan_Smith_Trainers.jpg,Adidas Stan Smith,https://commons.wikimedia.org/wiki/File:Men's_Raf_Simons_Stan_Smith_Trainers.jpg,reject,product shot,excluded,rejected at screening
File:Sneakers_velcro_(cropped).jpg,Adidas Stan Smith,https://commons.wikimedia.org/wiki/File:Sneakers_velcro_(cropped).jpg,reject,macro of strap,excluded,rejected at screening
File:Sneakers_velcro.jpg,Adidas Stan Smith,https://commons.wikimedia.org/wiki/File:Sneakers_velcro.jpg,keep,white/green Stan Smith CF velcro on concrete,included,
File:Stan_Smith_white_and_green.png,Adidas Stan Smith,https://commons.wikimedia.org/wiki/File:Stan_Smith_white_and_green.png,reject,product shot,excluded,rejected at screening
File:Zapatillas_deportivas.jpg,Adidas Stan Smith,https://commons.wikimedia.org/wiki/File:Zapatillas_deportivas.jpg,keep,white/green Stan Smith on wooden table,included,
File:其中一天.jpg,Adidas Stan Smith,https://commons.wikimedia.org/wiki/File:其中一天.jpg,reject,shoe small in frame / person-centric photo,excluded,rejected at screening
File:2008_Lent_Festival_-_Hamlet_Stand_up_(03).jpg,Adidas Superstar,https://commons.wikimedia.org/wiki/File:2008_Lent_Festival_-_Hamlet_Stand_up_(03).jpg,reject,b/w edit,excluded,rejected at screening
File:Adidas_Junior_Superstar.jpg,Adidas Superstar,https://commons.wikimedia.org/wiki/File:Adidas_Junior_Superstar.jpg,keep,white/black Superstar standing on shoebox,included,
File:Adidas_Run_DMC_shoe.jpg,Adidas Superstar,https://commons.wikimedia.org/wiki/File:Adidas_Run_DMC_shoe.jpg,reject,RUN DMC special,excluded,rejected at screening
File:Adidas_Superstar_shoes_pair.jpg,Adidas Superstar,https://commons.wikimedia.org/wiki/File:Adidas_Superstar_shoes_pair.jpg,keep,white/black Superstar outdoors on concrete ledge,included,
File:Adidas_Superstar.JPG,Adidas Superstar,https://commons.wikimedia.org/wiki/File:Adidas_Superstar.JPG,keep,"white/black Superstar worn and dirty, carpet",included,
File:Adidas_Village_Giant_Shoes.jpg,Adidas Superstar,https://commons.wikimedia.org/wiki/File:Adidas_Village_Giant_Shoes.jpg,reject,giant sculpture,excluded,rejected at screening
File:AdidasSuperstarII.jpg,Adidas Superstar,https://commons.wikimedia.org/wiki/File:AdidasSuperstarII.jpg,keep,black/white Superstar on shoebox,included,
File:Des_Superstar_Nigo_Bearfoot_en_2015..jpg,Adidas Superstar,https://commons.wikimedia.org/wiki/File:Des_Superstar_Nigo_Bearfoot_en_2015..jpg,keep,white/black Superstar top-down on tiles,included,
File:Run_DMC_Adidas.jpg,Adidas Superstar,https://commons.wikimedia.org/wiki/File:Run_DMC_Adidas.jpg,reject,signed,excluded,rejected at screening
File:Run-D.M.C._and_Slick_Rick_Artifacts_-_Rock_and_Roll_Hall_of_Fame_(2014-12-30_13.15.06_by_Sam_Howzit).jpg,Adidas Superstar,https://commons.wikimedia.org/wiki/File:Run-D.M.C._and_Slick_Rick_Artifacts_-_Rock_and_Roll_Hall_of_Fame_(2014-12-30_13.15.06_by_Sam_Howzit).jpg,reject,museum,excluded,rejected at screening
File:Run-D.M.C.'s_Shoes_and_Glasses_-_Rock_and_Roll_Hall_of_Fame_(2014-12-30_13.15.11_by_Sam_Howzit).jpg,Adidas Superstar,https://commons.wikimedia.org/wiki/File:Run-D.M.C.'s_Shoes_and_Glasses_-_Rock_and_Roll_Hall_of_Fame_(2014-12-30_13.15.11_by_Sam_Howzit).jpg,reject,museum,excluded,rejected at screening
File:Three_Stripes_(16378807432).jpg,Adidas Superstar,https://commons.wikimedia.org/wiki/File:Three_Stripes_(16378807432).jpg,keep,Superstar in box with tissue paper (occlusion),included,
File:Adidas_samba_black.jpg,Adidas Samba,https://commons.wikimedia.org/wiki/File:Adidas_samba_black.jpg,keep,black/white Samba on pink blanket,included,
File:Adidas_Samba_In_White_March_2024.jpg,Adidas Samba,https://commons.wikimedia.org/wiki/File:Adidas_Samba_In_White_March_2024.jpg,reject,store floor,excluded,rejected at screening
File:Adidas_Samba_shoes.png,Adidas Samba,https://commons.wikimedia.org/wiki/File:Adidas_Samba_shoes.png,keep,"navy Samba worn, indoor",included,
"File:Adidas_Samba_sneakers,_Originals_branch.JPG",Adidas Samba,"https://commons.wikimedia.org/wiki/File:Adidas_Samba_sneakers,_Originals_branch.JPG",keep,"black Samba worn, grey carpet",included,
File:Adidas_Samba.jpg,Adidas Samba,https://commons.wikimedia.org/wiki/File:Adidas_Samba.jpg,reject,retail shelf,excluded,rejected at screening
File:Adidas_Samba.PNG,Adidas Samba,https://commons.wikimedia.org/wiki/File:Adidas_Samba.PNG,keep,"grey/white Samba worn, dim indoor",included,
File:Adidas_Sambas.JPG,Adidas Samba,https://commons.wikimedia.org/wiki/File:Adidas_Sambas.JPG,keep,"black Samba on wooden floor, low angle",included,
File:Blue_suede_samba.JPG,Adidas Samba,https://commons.wikimedia.org/wiki/File:Blue_suede_samba.JPG,keep,blue Samba on shoebox,included,
File:Chaussures_Bad_Gones_de_Rémi_Garde_portées_lors_d'un_derby_en_2013_(supporters_OL_interdits_de_déplacement).JPG,Adidas Samba,https://commons.wikimedia.org/wiki/File:Chaussures_Bad_Gones_de_Rémi_Garde_portées_lors_d'un_derby_en_2013_(supporters_OL_interdits_de_déplacement).JPG,reject,collab special,excluded,rejected at screening
File:Pelota_adidas_naranja.jpg,Adidas Samba,https://commons.wikimedia.org/wiki/File:Pelota_adidas_naranja.jpg,reject,football,excluded,rejected at screening
File:21_de_Juliol_de_2024.jpg,Adidas Gazelle,https://commons.wikimedia.org/wiki/File:21_de_Juliol_de_2024.jpg,reject,retail shelf,excluded,rejected at screening
File:Adidas_Gazelle_(Singapore).jpg,Adidas Gazelle,https://commons.wikimedia.org/wiki/File:Adidas_Gazelle_(Singapore).jpg,reject,retail,excluded,rejected at screening
File:Adidas_Gazelle_Indoor.jpg,Adidas Gazelle,https://commons.wikimedia.org/wiki/File:Adidas_Gazelle_Indoor.jpg,keep,"blue Gazelle Indoor pair, indoor",included,
File:Adidas_Gazelle.jpg,Adidas Gazelle,https://commons.wikimedia.org/wiki/File:Adidas_Gazelle.jpg,reject,retail tags,excluded,rejected at screening
File:Adidas_Spezial.jpg,Adidas Spezial,https://commons.wikimedia.org/wiki/File:Adidas_Spezial.jpg,keep,"red Handball Spezial, indoor",included,
File:1999-06-08_Doug_Ithier's_Adidas_Boots.jpg,Adidas Predator,https://commons.wikimedia.org/wiki/File:1999-06-08_Doug_Ithier's_Adidas_Boots.jpg,reject,retail/museum,excluded,rejected at screening
File:2006_Teamgeist.jpg,Adidas Predator,https://commons.wikimedia.org/wiki/File:2006_Teamgeist.jpg,reject,retail/museum,excluded,rejected at screening
File:Adidas_Absolado_TRX_TF-1.jpg,Adidas Predator,https://commons.wikimedia.org/wiki/File:Adidas_Absolado_TRX_TF-1.jpg,reject,retail/museum,excluded,rejected at screening
File:Adidas_Absolado_TRX_TF-2.jpg,Adidas Predator,https://commons.wikimedia.org/wiki/File:Adidas_Absolado_TRX_TF-2.jpg,reject,retail/museum,excluded,rejected at screening
File:Adidas_Absolado_TRX_TF-3.JPG,Adidas Predator,https://commons.wikimedia.org/wiki/File:Adidas_Absolado_TRX_TF-3.JPG,reject,retail/museum,excluded,rejected at screening
File:Adidas_Absolado_TRX_TF-4.JPG,Adidas Predator,https://commons.wikimedia.org/wiki/File:Adidas_Absolado_TRX_TF-4.JPG,reject,museum/retail display or discontinued historic model,excluded,rejected at screening
File:Adidas_Absolado_TRX_TF-5.JPG,Adidas Predator,https://commons.wikimedia.org/wiki/File:Adidas_Absolado_TRX_TF-5.JPG,reject,museum/retail display or discontinued historic model,excluded,rejected at screening
File:Adidas_adiPower_Predator.jpg,Adidas Predator,https://commons.wikimedia.org/wiki/File:Adidas_adiPower_Predator.jpg,reject,museum/retail display or discontinued historic model,excluded,rejected at screening
File:Adidas_football_and_boots.jpg,Adidas Predator,https://commons.wikimedia.org/wiki/File:Adidas_football_and_boots.jpg,reject,"discontinued 2000s model, not in catalogue",excluded,rejected at screening
File:Adidas_Predator_18_Firm_Ground_(Paul_Pogba)_01.jpg,Adidas Predator,https://commons.wikimedia.org/wiki/File:Adidas_Predator_18_Firm_Ground_(Paul_Pogba)_01.jpg,reject,museum/retail display or discontinued historic model,excluded,rejected at screening
File:Adidas_Predator_18_Firm_Ground_(Paul_Pogba)_02.jpg,Adidas Predator,https://commons.wikimedia.org/wiki/File:Adidas_Predator_18_Firm_Ground_(Paul_Pogba)_02.jpg,reject,museum/retail display or discontinued historic model,excluded,rejected at screening
File:Adidas_Predator_Absolute_Soft_Ground_(Kaká)_01.jpg,Adidas Predator,https://commons.wikimedia.org/wiki/File:Adidas_Predator_Absolute_Soft_Ground_(Kaká)_01.jpg,reject,museum/retail display or discontinued historic model,excluded,rejected at screening
File:Adidas_Predator_Absolute_Soft_Ground_(Kaká)_02.jpg,Adidas Predator,https://commons.wikimedia.org/wiki/File:Adidas_Predator_Absolute_Soft_Ground_(Kaká)_02.jpg,reject,museum/retail display or discontinued historic model,excluded,rejected at screening
"File:Adidas_Predator_Accelerator_""Electricity""_Firm_Ground_(Zinedine_Zidane)_01.jpg",Adidas Predator,"https://commons.wikimedia.org/wiki/File:Adidas_Predator_Accelerator_""Electricity""_Firm_Ground_(Zinedine_Zidane)_01.jpg",reject,museum/retail display or discontinued historic model,excluded,rejected at screening
"File:Adidas_Predator_Accelerator_""Electricity""_Firm_Ground_(Zinedine_Zidane)_02.jpg",Adidas Predator,"https://commons.wikimedia.org/wiki/File:Adidas_Predator_Accelerator_""Electricity""_Firm_Ground_(Zinedine_Zidane)_02.jpg",reject,museum/retail display or discontinued historic model,excluded,rejected at screening
File:Adidas_Predator_AdiPower_Firm_Ground_(Robin_van_Persie)_01.jpg,Adidas Predator,https://commons.wikimedia.org/wiki/File:Adidas_Predator_AdiPower_Firm_Ground_(Robin_van_Persie)_01.jpg,reject,museum/retail display or discontinued historic model,excluded,rejected at screening
File:Adidas_Predator_AdiPower_Firm_Ground_(Robin_van_Persie)_02.jpg,Adidas Predator,https://commons.wikimedia.org/wiki/File:Adidas_Predator_AdiPower_Firm_Ground_(Robin_van_Persie)_02.jpg,reject,museum/retail display or discontinued historic model,excluded,rejected at screening
File:Adidas_Predator_Club_Football_Shoes_(14543).jpg,Adidas Predator,https://commons.wikimedia.org/wiki/File:Adidas_Predator_Club_Football_Shoes_(14543).jpg,keep,white/pink Predator football boots on grass,included,
File:Adidas_Predator_Club_Football_Shoes_(22912).jpg,Adidas Predator,https://commons.wikimedia.org/wiki/File:Adidas_Predator_Club_Football_Shoes_(22912).jpg,reject,museum/retail display or discontinued historic model,excluded,rejected at screening
File:Adidas_Predator_Club_Football_Shoes_(82346).jpg,Adidas Predator,https://commons.wikimedia.org/wiki/File:Adidas_Predator_Club_Football_Shoes_(82346).jpg,keep,"white/pink Predator on grass, alternate angle",excluded,same pair and session as 300
File:Adidas_Predator_Club_Football_Shoes.jpg,Adidas Predator,https://commons.wikimedia.org/wiki/File:Adidas_Predator_Club_Football_Shoes.jpg,reject,museum/retail display or discontinued historic model,excluded,rejected at screening
File:Adidas_Predator_LZ_(Edin_Džeko)_01.jpg,Adidas Predator,https://commons.wikimedia.org/wiki/File:Adidas_Predator_LZ_(Edin_Džeko)_01.jpg,reject,museum/retail display or discontinued historic model,excluded,rejected at screening
File:Adidas_Predator_LZ_(Edin_Džeko)_02.jpg,Adidas Predator,https://commons.wikimedia.org/wiki/File:Adidas_Predator_LZ_(Edin_Džeko)_02.jpg,reject,museum/retail display or discontinued historic model,excluded,rejected at screening
File:Adidas_Predator_Mania_Firm_Ground_(Zinedine_Zidane)_01.jpg,Adidas Predator,https://commons.wikimedia.org/wiki/File:Adidas_Predator_Mania_Firm_Ground_(Zinedine_Zidane)_01.jpg,reject,museum/retail display or discontinued historic model,excluded,rejected at screening
File:Adidas_Predator_Mania_Firm_Ground_(Zinedine_Zidane)_02.jpg,Adidas Predator,https://commons.wikimedia.org/wiki/File:Adidas_Predator_Mania_Firm_Ground_(Zinedine_Zidane)_02.jpg,reject,museum/retail display or discontinued historic model,excluded,rejected at screening
File:Adidas_Predator_OG_1994_Soft_Ground_(John_Collins)_01.jpg,Adidas Predator,https://commons.wikimedia.org/wiki/File:Adidas_Predator_OG_1994_Soft_Ground_(John_Collins)_01.jpg,reject,museum/retail display or discontinued historic model,excluded,rejected at screening
File:Adidas_Predator_OG_1994_Soft_Ground_(John_Collins)_02.jpg,Adidas Predator,https://commons.wikimedia.org/wiki/File:Adidas_Predator_OG_1994_Soft_Ground_(John_Collins)_02.jpg,reject,museum/retail display or discontinued historic model,excluded,rejected at screening
File:Adidas_Predator_PowerSwerve_TRXFG.JPG,Adidas Predator,https://commons.wikimedia.org/wiki/File:Adidas_Predator_PowerSwerve_TRXFG.JPG,reject,museum/retail display or discontinued historic model,excluded,rejected at screening
File:Adidas_Predator_Pulse_Firm_Ground_(Zinedine_Zidane)_01.jpg,Adidas Predator,https://commons.wikimedia.org/wiki/File:Adidas_Predator_Pulse_Firm_Ground_(Zinedine_Zidane)_01.jpg,reject,museum/retail display or discontinued historic model,excluded,rejected at screening
File:Adidas_Predator_Pulse_Firm_Ground_(Zinedine_Zidane)_02.jpg,Adidas Predator,https://commons.wikimedia.org/wiki/File:Adidas_Predator_Pulse_Firm_Ground_(Zinedine_Zidane)_02.jpg,reject,museum/retail display or discontinued historic model,excluded,rejected at screening
File:Adidas_Predator_Touch_96_(David_Beckham)_01.jpg,Adidas Predator,https://commons.wikimedia.org/wiki/File:Adidas_Predator_Touch_96_(David_Beckham)_01.jpg,reject,museum/retail display or discontinued historic model,excluded,rejected at screening
File:Adidas_Predator_Touch_96_(David_Beckham)_02.jpg,Adidas Predator,https://commons.wikimedia.org/wiki/File:Adidas_Predator_Touch_96_(David_Beckham)_02.jpg,reject,museum/retail display or discontinued historic model,excluded,rejected at screening
File:Adidas_Predator_X.jpg,Adidas Predator,https://commons.wikimedia.org/wiki/File:Adidas_Predator_X.jpg,reject,museum/retail display or discontinued historic model,excluded,rejected at screening
File:JUVENTUS_Loung3.jpg,Adidas Predator,https://commons.wikimedia.org/wiki/File:JUVENTUS_Loung3.jpg,reject,museum/retail display or discontinued historic model,excluded,rejected at screening
File:Predator_24_Pro_Firm_Ground.jpg,Adidas Predator,https://commons.wikimedia.org/wiki/File:Predator_24_Pro_Firm_Ground.jpg,reject,museum/retail display or discontinued historic model,excluded,rejected at screening
File:Predator_Elite_Firm_Ground.jpg,Adidas Predator,https://commons.wikimedia.org/wiki/File:Predator_Elite_Firm_Ground.jpg,reject,not identifiable / not in catalogue / event,excluded,rejected at screening
File:2007-06-07_IMG_1452_Nike-AirMax-TNplus_ghl.JPG,Nike Air Max,https://commons.wikimedia.org/wiki/File:2007-06-07_IMG_1452_Nike-AirMax-TNplus_ghl.JPG,reject,not identifiable / not in catalogue / event,excluded,rejected at screening
File:20130316_Jabari_Parker's_sneakers_(1).JPG,Nike Air Max,https://commons.wikimedia.org/wiki/File:20130316_Jabari_Parker's_sneakers_(1).JPG,reject,"basketball shoe, not Air Max",excluded,rejected at screening
"File:A_closeup_of_Sylvia_Fowles_(34)_shoes_in_the_Minnesota_Lynx_vs_Seattle_Storm_game_at_Target_Center,_the_Storm_won_the_game_81-72._It_was_Breast_Health_Awareness_Night.jpg",Nike Air Max,"https://commons.wikimedia.org/wiki/File:A_closeup_of_Sylvia_Fowles_(34)_shoes_in_the_Minnesota_Lynx_vs_Seattle_Storm_game_at_Target_Center,_the_Storm_won_the_game_81-72._It_was_Breast_Health_Awareness_Night.jpg",reject,basketball shoe,excluded,rejected at screening
File:Air_Max_180.jpg,Nike Air Max,https://commons.wikimedia.org/wiki/File:Air_Max_180.jpg,reject,"Air Max 180 on box, not in catalogue; kept out",excluded,rejected at screening
File:Air_max_360.JPG,Nike Air Max,https://commons.wikimedia.org/wiki/File:Air_max_360.JPG,reject,not identifiable / not in catalogue / event,excluded,rejected at screening
File:Air_max_90.JPG,Nike Air Max,https://commons.wikimedia.org/wiki/File:Air_max_90.JPG,keep,"white Air Max 90 on floor, indoor",included,
File:Air_Max_90.png,Nike Air Max,https://commons.wikimedia.org/wiki/File:Air_Max_90.png,keep,"white/black/red Air Max 90, grey backdrop indoor",included,
File:Air_Max_93.jpg,Nike Air Max,https://commons.wikimedia.org/wiki/File:Air_Max_93.jpg,reject,"Air Max 93, not in catalogue",excluded,rejected at screening
File:Air_Max_95.jpg,Nike Air Max,https://commons.wikimedia.org/wiki/File:Air_Max_95.jpg,reject,not identifiable / not in catalogue / event,excluded,rejected at screening
File:Air_max_day_paris.jpg,Nike Air Max,https://commons.wikimedia.org/wiki/File:Air_max_day_paris.jpg,reject,not identifiable / not in catalogue / event,excluded,rejected at screening
File:Air_Max_ltd_2.jpg,Nike Air Max,https://commons.wikimedia.org/wiki/File:Air_Max_ltd_2.jpg,keep,"grey/black Air Max LTD on floor, window light",included,
File:Air_Max_Muri.jpg,Nike Air Max,https://commons.wikimedia.org/wiki/File:Air_Max_Muri.jpg,reject,not identifiable / not in catalogue / event,excluded,rejected at screening
File:Air_Max_ni_JP.JPG,Nike Air Max,https://commons.wikimedia.org/wiki/File:Air_Max_ni_JP.JPG,reject,not identifiable / not in catalogue / event,excluded,rejected at screening
File:Air_Max_One_«_Big_Bubble_».jpg,Nike Air Max,https://commons.wikimedia.org/wiki/File:Air_Max_One_«_Big_Bubble_».jpg,keep,red/white Air Max 1 pair on box (Air Max 1 absent from catalogue),included,
"File:Air_Max_Plus_dans_""Neuilly-sa-mère"".jpg",Nike Air Max,"https://commons.wikimedia.org/wiki/File:Air_Max_Plus_dans_""Neuilly-sa-mère"".jpg",reject,Air Max Plus OG: ambiguous vs catalogue Plus VII,excluded,rejected at screening
File:Air_Max_Plus_Hyper_Blue.jpg,Nike Air Max,https://commons.wikimedia.org/wiki/File:Air_Max_Plus_Hyper_Blue.jpg,reject,Air Max Plus OG: ambiguous,excluded,rejected at screening
File:Air_Max_Plus_Tuned.jpg,Nike Air Max,https://commons.wikimedia.org/wiki/File:Air_Max_Plus_Tuned.jpg,reject,Air Max Plus OG: ambiguous,excluded,rejected at screening
File:Air_max_TLD_2.jpg,Nike Air Max,https://commons.wikimedia.org/wiki/File:Air_max_TLD_2.jpg,keep,white/green Air Max LTD indoor,excluded,fetch failed
File:Air_Max_Wright.jpg,Nike Air Max,https://commons.wikimedia.org/wiki/File:Air_Max_Wright.jpg,reject,not identifiable / not in catalogue / event,excluded,rejected at screening
File:Airmax.jpg,Nike Air Max,https://commons.wikimedia.org/wiki/File:Airmax.jpg,reject,"Air Max BW, not in catalogue",excluded,rejected at screening
File:AirmaxBWJPG.jpg,Nike Air Max,https://commons.wikimedia.org/wiki/File:AirmaxBWJPG.jpg,reject,Air Max BW,excluded,rejected at screening
File:AirMaxClassicBW_80s.jpg,Nike Air Max,https://commons.wikimedia.org/wiki/File:AirMaxClassicBW_80s.jpg,reject,Air Max BW,excluded,rejected at screening
File:Autographed_Nike_Air_Maxes_at_the_ShoeZeum.jpg,Nike Air Max,https://commons.wikimedia.org/wiki/File:Autographed_Nike_Air_Maxes_at_the_ShoeZeum.jpg,reject,not identifiable / not in catalogue / event,excluded,rejected at screening
File:Cleveland_Indians_vs._New_York_Mets_(25890104193).jpg,Nike Air Max,https://commons.wikimedia.org/wiki/File:Cleveland_Indians_vs._New_York_Mets_(25890104193).jpg,reject,not identifiable / not in catalogue / event,excluded,rejected at screening
File:Copper_+_Fluorescent_Green_(3327047072).jpg,Nike Air Max,https://commons.wikimedia.org/wiki/File:Copper_+_Fluorescent_Green_(3327047072).jpg,keep,bronze/volt Air Max 90 held with phone (hand occlusion),included,
File:Day_2_at_the_2024_United_States_Olympic_Trials_(track_and_field)_132.jpg,Nike Air Max,https://commons.wikimedia.org/wiki/File:Day_2_at_the_2024_United_States_Olympic_Trials_(track_and_field)_132.jpg,reject,not identifiable / not in catalogue / event,excluded,rejected at screening
"File:Elijah_Dukes_June_2,_2009_(3591641291).jpg",Nike Air Max,"https://commons.wikimedia.org/wiki/File:Elijah_Dukes_June_2,_2009_(3591641291).jpg",reject,not identifiable / not in catalogue / event,excluded,rejected at screening
"File:Fernando_Martínez_on_June_17,_2009.jpg",Nike Air Max,"https://commons.wikimedia.org/wiki/File:Fernando_Martínez_on_June_17,_2009.jpg",reject,not identifiable / not in catalogue / event,excluded,rejected at screening
File:First_air_classic.jpg,Nike Air Max,https://commons.wikimedia.org/wiki/File:First_air_classic.jpg,reject,not identifiable / not in catalogue / event,excluded,rejected at screening
File:Footwear_forensic00.jpg,Nike Air Max,https://commons.wikimedia.org/wiki/File:Footwear_forensic00.jpg,reject,forensic scale photo,excluded,rejected at screening
File:HK_female_mini_skirt_n_handbag_February_2023_Px3.jpg,Nike Air Max,https://commons.wikimedia.org/wiki/File:HK_female_mini_skirt_n_handbag_February_2023_Px3.jpg,reject,not identifiable / not in catalogue,excluded,rejected at screening
"File:La_Nike_Air_Max_720_""Northern_Lights""_Night.jpg",Nike Air Max,"https://commons.wikimedia.org/wiki/File:La_Nike_Air_Max_720_""Northern_Lights""_Night.jpg",keep,Air Max 720 on box on grass (720 absent from catalogue),included,
File:Las_7_puntos.jpg,Nike Air Max,https://commons.wikimedia.org/wiki/File:Las_7_puntos.jpg,reject,not identifiable / not in catalogue,excluded,rejected at screening
"File:Mauro_Playground_td_(2021-01-26)_063_-_Basketball_Courts,_Nike_Air_Max_Dominate.jpg",Nike Air Max,"https://commons.wikimedia.org/wiki/File:Mauro_Playground_td_(2021-01-26)_063_-_Basketball_Courts,_Nike_Air_Max_Dominate.jpg",reject,not identifiable / not in catalogue,excluded,rejected at screening
"File:Nick_Evans_March_4,_2009_(3329887024).jpg",Nike Air Max,"https://commons.wikimedia.org/wiki/File:Nick_Evans_March_4,_2009_(3329887024).jpg",reject,not identifiable / not in catalogue,excluded,rejected at screening
File:Nike_Air_Max_(3331208332).jpg,Nike Air Max,https://commons.wikimedia.org/wiki/File:Nike_Air_Max_(3331208332).jpg,reject,not identifiable / not in catalogue,excluded,rejected at screening
File:Nike_Air_Max_(94994097).jpg,Nike Air Max,https://commons.wikimedia.org/wiki/File:Nike_Air_Max_(94994097).jpg,reject,custom houndstooth,excluded,rejected at screening
File:Nike_Air_Max_1.png,Nike Air Max,https://commons.wikimedia.org/wiki/File:Nike_Air_Max_1.png,keep,"Air Max 1 red, outdoor ledge",included,
File:Nike_Air_Max_180.jpg,Nike Air Max,https://commons.wikimedia.org/wiki/File:Nike_Air_Max_180.jpg,reject,not identifiable / not in catalogue,excluded,rejected at screening
File:Nike_Air_Max_90_Bubble.jpg,Nike Air Max,https://commons.wikimedia.org/wiki/File:Nike_Air_Max_90_Bubble.jpg,reject,not identifiable / not in catalogue,excluded,rejected at screening
File:Nike_Air_Max_90_Infrared_(4805905007).jpg,Nike Air Max,https://commons.wikimedia.org/wiki/File:Nike_Air_Max_90_Infrared_(4805905007).jpg,keep,Air Max 90 Infrared in shoebox,included,
File:Nike_Air_Max_90_Junior.jpg,Nike Air Max,https://commons.wikimedia.org/wiki/File:Nike_Air_Max_90_Junior.jpg,reject,retail shelf lit,excluded,rejected at screening
File:Nike_Air_Max_90_women_-_white.jpg,Nike Air Max,https://commons.wikimedia.org/wiki/File:Nike_Air_Max_90_women_-_white.jpg,keep,white Air Max 90 pair on black,included,
File:Nike_Air_Max_90_x_360_Hybrid.jpg,Nike Air Max,https://commons.wikimedia.org/wiki/File:Nike_Air_Max_90_x_360_Hybrid.jpg,reject,not identifiable / not in catalogue,excluded,rejected at screening
File:Nike_Air_Max_90.jpg,Nike Air Max,https://commons.wikimedia.org/wiki/File:Nike_Air_Max_90.jpg,keep,black Air Max 90 on wooden table,included,
File:Nike_Air_Max_93.png,Nike Air Max,https://commons.wikimedia.org/wiki/File:Nike_Air_Max_93.png,reject,not identifiable / not in catalogue,excluded,rejected at screening
File:Nike_Air_Max_95_and_Vapormax_95.jpg,Nike Air Max,https://commons.wikimedia.org/wiki/File:Nike_Air_Max_95_and_Vapormax_95.jpg,keep,Air Max 95 Neon pair on shoebox,excluded,two different shoes in frame
File:Nike_Air_Max_95.png,Nike Air Max,https://commons.wikimedia.org/wiki/File:Nike_Air_Max_95.png,reject,not identifiable / not in catalogue,excluded,rejected at screening
File:Nike_Air_Max_Breathe_Free_IIs_(153951466).jpg,Nike Air Max,https://commons.wikimedia.org/wiki/File:Nike_Air_Max_Breathe_Free_IIs_(153951466).jpg,reject,not identifiable / not in catalogue,excluded,rejected at screening
File:Nike_Air_Max_Dn_01.jpg,Nike Air Max,https://commons.wikimedia.org/wiki/File:Nike_Air_Max_Dn_01.jpg,keep,Air Max Dn on display plinth,excluded,store display plinth
File:Nike_Air_Max_Dn_02.jpg,Nike Air Max,https://commons.wikimedia.org/wiki/File:Nike_Air_Max_Dn_02.jpg,reject,not identifiable / not in catalogue,excluded,rejected at screening
File:Nike_Air_Max_III_1990.jpg,Nike Air Max,https://commons.wikimedia.org/wiki/File:Nike_Air_Max_III_1990.jpg,keep,white/red Air Max 90 on red shoebox,included,
File:Nike_Air_Max_LTD3.jpg,Nike Air Max,https://commons.wikimedia.org/wiki/File:Nike_Air_Max_LTD3.jpg,reject,retail price tag,excluded,rejected at screening
File:Nike_Air_Max_Plus_(2018).jpg,Nike Air Max,https://commons.wikimedia.org/wiki/File:Nike_Air_Max_Plus_(2018).jpg,reject,Air Max Plus OG ambiguous,excluded,rejected at screening
File:Nike_Air_Max_Plus_(604133-050).jpg,Nike Air Max,https://commons.wikimedia.org/wiki/File:Nike_Air_Max_Plus_(604133-050).jpg,reject,Air Max Plus ambiguous,excluded,rejected at screening
File:Nike_Air_Max_Plus_III.jpg,Nike Air Max,https://commons.wikimedia.org/wiki/File:Nike_Air_Max_Plus_III.jpg,reject,Plus 3,excluded,rejected at screening
File:Nike_Air_Max_Plus_Tuned_(2018).jpg,Nike Air Max,https://commons.wikimedia.org/wiki/File:Nike_Air_Max_Plus_Tuned_(2018).jpg,reject,Air Max Plus ambiguous,excluded,rejected at screening
File:Nike_Air_Max_Plus.jpg,Nike Air Max,https://commons.wikimedia.org/wiki/File:Nike_Air_Max_Plus.jpg,reject,Air Max Plus ambiguous,excluded,rejected at screening
File:Nike_Air_Maxes_at_the_ShoeZeum.jpg,Nike Air Max,https://commons.wikimedia.org/wiki/File:Nike_Air_Maxes_at_the_ShoeZeum.jpg,reject,retail,excluded,rejected at screening
File:Nike_Kiss_My_Airs.jpg,Nike Air Max,https://commons.wikimedia.org/wiki/File:Nike_Kiss_My_Airs.jpg,reject,retro Jordan / not in catalogue / not identifiable,excluded,rejected at screening
File:Nike_minivoetbalschoenen.jpg,Nike Air Max,https://commons.wikimedia.org/wiki/File:Nike_minivoetbalschoenen.jpg,reject,retro Jordan / not in catalogue / not identifiable,excluded,rejected at screening
File:Nike_Vapormax.jpg,Nike Air Max,https://commons.wikimedia.org/wiki/File:Nike_Vapormax.jpg,reject,"VaporMax, not in catalogue",excluded,rejected at screening
File:Nike-By-You.webp,Nike Air Max,https://commons.wikimedia.org/wiki/File:Nike-By-You.webp,reject,product render,excluded,rejected at screening
File:Nikeairmax90b.jpg,Nike Air Max,https://commons.wikimedia.org/wiki/File:Nikeairmax90b.jpg,reject,retro Jordan / not in catalogue / not identifiable,excluded,rejected at screening
"File:Paar_Nike_sneakers,_type_Nike_Air_Max,_kleuren_wit,_rood_en_roze,_maat_40,5,_objectnr_86986-4.A-B.JPG",Nike Air Max,"https://commons.wikimedia.org/wiki/File:Paar_Nike_sneakers,_type_Nike_Air_Max,_kleuren_wit,_rood_en_roze,_maat_40,5,_objectnr_86986-4.A-B.JPG",keep,"red/white Air Max 90 pair, grey backdrop",included,
"File:Ryan_Zimmerman_June_2,_2009_(3591640707).jpg",Nike Air Max,"https://commons.wikimedia.org/wiki/File:Ryan_Zimmerman_June_2,_2009_(3591640707).jpg",reject,retro Jordan / not in catalogue / not identifiable,excluded,rejected at screening
File:Shoeprint(forensic2).jpg,Nike Air Max,https://commons.wikimedia.org/wiki/File:Shoeprint(forensic2).jpg,reject,retro Jordan / not in catalogue / not identifiable,excluded,rejected at screening
File:Sneaker.JPG,Nike Air Max,https://commons.wikimedia.org/wiki/File:Sneaker.JPG,reject,model not certain,excluded,rejected at screening
File:Sports_shoes.jpg,Nike Air Max,https://commons.wikimedia.org/wiki/File:Sports_shoes.jpg,reject,retro Jordan / not in catalogue / not identifiable,excluded,rejected at screening
File:Tn_AO9564-001.jpg,Nike Air Max,https://commons.wikimedia.org/wiki/File:Tn_AO9564-001.jpg,reject,retro Jordan / not in catalogue / not identifiable,excluded,rejected at screening
File:Versleten_nikes.jpg,Nike Air Max,https://commons.wikimedia.org/wiki/File:Versleten_nikes.jpg,reject,Air Max BW,excluded,rejected at screening
File:エアマックス1マスター.jpg,Nike Air Max,https://commons.wikimedia.org/wiki/File:エアマックス1マスター.jpg,reject,retro Jordan / not in catalogue / not identifiable,excluded,rejected at screening
File:Air_Max_270_dusty_cactus.jpg,Nike Air Max 270,https://commons.wikimedia.org/wiki/File:Air_Max_270_dusty_cactus.jpg,keep,"white/teal Air Max 270 on rock, park",included,
File:Air_Max_270_Sail_Lilac_on_feet.jpg,Nike Air Max 270,https://commons.wikimedia.org/wiki/File:Air_Max_270_Sail_Lilac_on_feet.jpg,keep,white/purple Air Max 270 worn on pavement,included,
File:Nike_Air_270.jpg,Nike Air Max 270,https://commons.wikimedia.org/wiki/File:Nike_Air_270.jpg,keep,black Air Max 270 on wooden table,included,
File:Nike_Air_Max_270_BV2517-400.jpg,Nike Air Max 270,https://commons.wikimedia.org/wiki/File:Nike_Air_Max_270_BV2517-400.jpg,keep,blue Air Max 270 on outdoor bench,included,
File:Nike_Air_Max_270_react.jpg,Nike Air Max 270,https://commons.wikimedia.org/wiki/File:Nike_Air_Max_270_react.jpg,reject,several models,excluded,rejected at screening
File:NIKE_AIR_MAX_C27.png,Nike Air Max 270,https://commons.wikimedia.org/wiki/File:NIKE_AIR_MAX_C27.png,keep,"black/blue Air Max 270 worn, feet up",included,
File:A_mini_Air_Jordan_on_a_fence_in_Winnipeg_(27044790352).jpg,Air Jordan,https://commons.wikimedia.org/wiki/File:A_mini_Air_Jordan_on_a_fence_in_Winnipeg_(27044790352).jpg,reject,retro Jordan / not in catalogue / not identifiable,excluded,rejected at screening
File:Air_Jordan_2009.jpg,Air Jordan,https://commons.wikimedia.org/wiki/File:Air_Jordan_2009.jpg,reject,retro Jordan / not in catalogue / not identifiable,excluded,rejected at screening
File:Air_Jordan_2010.jpg,Air Jordan,https://commons.wikimedia.org/wiki/File:Air_Jordan_2010.jpg,reject,retro Jordan / not in catalogue / not identifiable,excluded,rejected at screening
File:Air_jordan_2011_year_of_the_rabbit_(cropped).jpg,Air Jordan,https://commons.wikimedia.org/wiki/File:Air_jordan_2011_year_of_the_rabbit_(cropped).jpg,reject,retro Jordan / not in catalogue / not identifiable,excluded,rejected at screening
File:Air_Jordan_Legacy_312_Low_Light_Smoke_Grey.jpg,Air Jordan,https://commons.wikimedia.org/wiki/File:Air_Jordan_Legacy_312_Low_Light_Smoke_Grey.jpg,reject,retro Jordan / not in catalogue / not identifiable,excluded,rejected at screening
"File:Air_Jordan_XIX,_(Black_Mamba_Colorway)_(cropped).jpg",Air Jordan,"https://commons.wikimedia.org/wiki/File:Air_Jordan_XIX,_(Black_Mamba_Colorway)_(cropped).jpg",reject,retro Jordan / not in catalogue / not identifiable,excluded,rejected at screening
"File:Air_Jordan_XIX,_(Black_Mamba_Colorway).jpg",Air Jordan,"https://commons.wikimedia.org/wiki/File:Air_Jordan_XIX,_(Black_Mamba_Colorway).jpg",reject,retro Jordan / not in catalogue / not identifiable,excluded,rejected at screening
File:Air_Jordan_XV_(cropped).jpg,Air Jordan,https://commons.wikimedia.org/wiki/File:Air_Jordan_XV_(cropped).jpg,reject,retro Jordan / not in catalogue / not identifiable,excluded,rejected at screening
File:Air_Jordan_XV.jpg,Air Jordan,https://commons.wikimedia.org/wiki/File:Air_Jordan_XV.jpg,reject,retro Jordan / not in catalogue / not identifiable,excluded,rejected at screening
File:Air_Jordan_XVI_(cropped).jpg,Air Jordan,https://commons.wikimedia.org/wiki/File:Air_Jordan_XVI_(cropped).jpg,reject,retro Jordan / not in catalogue / not identifiable,excluded,rejected at screening
File:Air_Jordan_XVI.jpg,Air Jordan,https://commons.wikimedia.org/wiki/File:Air_Jordan_XVI.jpg,reject,retro Jordan / not in catalogue / not identifiable,excluded,rejected at screening
"File:Air_Jordan_XVIII,_(Wizards_Away_Colorway)_(cropped).jpg",Air Jordan,"https://commons.wikimedia.org/wiki/File:Air_Jordan_XVIII,_(Wizards_Away_Colorway)_(cropped).jpg",reject,retro Jordan model absent from catalogue / sport event / retail,excluded,rejected at screening
"File:Air_Jordan_XVIII,_(Wizards_Away_Colorway).jpg",Air Jordan,"https://commons.wikimedia.org/wiki/File:Air_Jordan_XVIII,_(Wizards_Away_Colorway).jpg",reject,retro Jordan model absent from catalogue / sport event / retail,excluded,rejected at screening
File:Air_Jordan_XX1_(cropped).jpg,Air Jordan,https://commons.wikimedia.org/wiki/File:Air_Jordan_XX1_(cropped).jpg,reject,retro Jordan model absent from catalogue / sport event / retail,excluded,rejected at screening
File:Air_Jordan_XX1.jpg,Air Jordan,https://commons.wikimedia.org/wiki/File:Air_Jordan_XX1.jpg,reject,retro Jordan model absent from catalogue / sport event / retail,excluded,rejected at screening
"File:Air_Jordan_XX3,_(Wizards_Colorway)_(cropped).jpg",Air Jordan,"https://commons.wikimedia.org/wiki/File:Air_Jordan_XX3,_(Wizards_Colorway)_(cropped).jpg",reject,retro Jordan model absent from catalogue / sport event / retail,excluded,rejected at screening
"File:Air_Jordan_XX3,_(Wizards_Colorway).jpg",Air Jordan,"https://commons.wikimedia.org/wiki/File:Air_Jordan_XX3,_(Wizards_Colorway).jpg",reject,retro Jordan model absent from catalogue / sport event / retail,excluded,rejected at screening
File:Air_Jordan_XXXVI.jpg,Air Jordan,https://commons.wikimedia.org/wiki/File:Air_Jordan_XXXVI.jpg,reject,retro Jordan model absent from catalogue / sport event / retail,excluded,rejected at screening
File:Air_Jordans_at_the_ShoeZeum.jpg,Air Jordan,https://commons.wikimedia.org/wiki/File:Air_Jordans_at_the_ShoeZeum.jpg,reject,retro Jordan model absent from catalogue / sport event / retail,excluded,rejected at screening
File:Baby_Jordan.JPG,Air Jordan,https://commons.wikimedia.org/wiki/File:Baby_Jordan.JPG,reject,retro Jordan model absent from catalogue / sport event / retail,excluded,rejected at screening
File:Brasil_conquista_primeiro_ouro_olímpico_no_futebol_1039262-20082016-_mg_3739.jpg,Air Jordan,https://commons.wikimedia.org/wiki/File:Brasil_conquista_primeiro_ouro_olímpico_no_futebol_1039262-20082016-_mg_3739.jpg,reject,retro Jordan model absent from catalogue / sport event / retail,excluded,rejected at screening
File:Brasil_x_Iraque_-_Futebol_masculino_-_Olimpíadas_Rio_2016_(28220809354).jpg,Air Jordan,https://commons.wikimedia.org/wiki/File:Brasil_x_Iraque_-_Futebol_masculino_-_Olimpíadas_Rio_2016_(28220809354).jpg,reject,retro Jordan model absent from catalogue / sport event / retail,excluded,rejected at screening
File:Close_up_of_Maya_Moore's_shoes.jpg,Air Jordan,https://commons.wikimedia.org/wiki/File:Close_up_of_Maya_Moore's_shoes.jpg,reject,retro Jordan model absent from catalogue / sport event / retail,excluded,rejected at screening
"File:ESPN_Armed_Forces_Classic_-_Game_Day_-_U.S._Army_Garrison_Humphreys,_South_Korea_-_9_Nov._2013_(10828480166).jpg",Air Jordan,"https://commons.wikimedia.org/wiki/File:ESPN_Armed_Forces_Classic_-_Game_Day_-_U.S._Army_Garrison_Humphreys,_South_Korea_-_9_Nov._2013_(10828480166).jpg",reject,retro Jordan model absent from catalogue / sport event / retail,excluded,rejected at screening
File:Jordan_Max_Aura_3.jpg,Air Jordan,https://commons.wikimedia.org/wiki/File:Jordan_Max_Aura_3.jpg,reject,retro Jordan model absent from catalogue / sport event / retail,excluded,rejected at screening
File:Jordan_Michael_signed.jpg,Air Jordan,https://commons.wikimedia.org/wiki/File:Jordan_Michael_signed.jpg,reject,retro Jordan model absent from catalogue / sport event / retail,excluded,rejected at screening
File:Jordan_Superfly_Team_Slide.jpg,Air Jordan,https://commons.wikimedia.org/wiki/File:Jordan_Superfly_Team_Slide.jpg,reject,retro Jordan model absent from catalogue / sport event / retail,excluded,rejected at screening
File:Jordans_for_sale.jpg,Air Jordan,https://commons.wikimedia.org/wiki/File:Jordans_for_sale.jpg,reject,retro Jordan model absent from catalogue / sport event / retail,excluded,rejected at screening
File:My_first_basketball_shoe.jpg,Air Jordan,https://commons.wikimedia.org/wiki/File:My_first_basketball_shoe.jpg,reject,retro Jordan model absent from catalogue / sport event / retail,excluded,rejected at screening
"File:Nike_Air_Jordan_XX2,_(Bulls_Colorway)_(cropped).jpg",Air Jordan,"https://commons.wikimedia.org/wiki/File:Nike_Air_Jordan_XX2,_(Bulls_Colorway)_(cropped).jpg",reject,retro Jordan model absent from catalogue / sport event / retail,excluded,rejected at screening
"File:Nike_Air_Jordan_XX2,_(Bulls_Colorway).jpg",Air Jordan,"https://commons.wikimedia.org/wiki/File:Nike_Air_Jordan_XX2,_(Bulls_Colorway).jpg",reject,retro Jordan model absent from catalogue / sport event / retail,excluded,rejected at screening
File:Nike_Air_Ship.jpg,Air Jordan,https://commons.wikimedia.org/wiki/File:Nike_Air_Ship.jpg,keep,Jordan 1 High white/orange on shoebox (High variant),included,
File:Nike_Jordan_Max_Aura.jpg,Air Jordan,https://commons.wikimedia.org/wiki/File:Nike_Jordan_Max_Aura.jpg,reject,retro Jordan model absent from catalogue / sport event / retail,excluded,rejected at screening
File:Portrait_de_Mars_Blackman_sur_la_Air_Jordan_Son_of_Mars_Black_Cement.jpg,Air Jordan,https://commons.wikimedia.org/wiki/File:Portrait_de_Mars_Blackman_sur_la_Air_Jordan_Son_of_Mars_Black_Cement.jpg,reject,retro Jordan model absent from catalogue / sport event / retail,excluded,rejected at screening
File:1985_Air_Jordan_1s_signature.jpg,Air Jordan 1,https://commons.wikimedia.org/wiki/File:1985_Air_Jordan_1s_signature.jpg,reject,museum signed,excluded,rejected at screening
File:1985_Air_Jordan_1s.jpg,Air Jordan 1,https://commons.wikimedia.org/wiki/File:1985_Air_Jordan_1s.jpg,reject,museum,excluded,rejected at screening
File:74892143_f94145facb.jpg,Air Jordan 1,https://commons.wikimedia.org/wiki/File:74892143_f94145facb.jpg,reject,studio-like white bg,excluded,rejected at screening
File:Air_Jordan_1_(29361675221).jpg,Air Jordan 1,https://commons.wikimedia.org/wiki/File:Air_Jordan_1_(29361675221).jpg,keep,Jordan 1 High Bred held in hand (hand occlusion; High variant),included,
File:Air_Jordan_1_-_Crimson_Tint_(49688016508).jpg,Air Jordan 1,https://commons.wikimedia.org/wiki/File:Air_Jordan_1_-_Crimson_Tint_(49688016508).jpg,keep,"Jordan 1 Mid pink/white, indoor",included,
File:Air_Jordan_1_Banned.jpg,Air Jordan 1,https://commons.wikimedia.org/wiki/File:Air_Jordan_1_Banned.jpg,keep,Jordan 1 Mid black/red pair outdoors on ledge,included,
File:Air_Jordan_1_Low_G.jpg,Air Jordan 1,https://commons.wikimedia.org/wiki/File:Air_Jordan_1_Low_G.jpg,reject,display plaque,excluded,rejected at screening
File:Air_Jordan_1_Low.jpg,Air Jordan 1,https://commons.wikimedia.org/wiki/File:Air_Jordan_1_Low.jpg,reject,display plaque,excluded,rejected at screening
File:Air_Jordan_1_Mid_01.jpg,Air Jordan 1,https://commons.wikimedia.org/wiki/File:Air_Jordan_1_Mid_01.jpg,reject,display plaque,excluded,rejected at screening
File:Air_Jordan_1_Mid_02.jpg,Air Jordan 1,https://commons.wikimedia.org/wiki/File:Air_Jordan_1_Mid_02.jpg,reject,display plaque,excluded,rejected at screening
File:Air_Jordan_1_Retro_High_OG_CO._Japan_silver.jpg,Air Jordan 1,https://commons.wikimedia.org/wiki/File:Air_Jordan_1_Retro_High_OG_CO._Japan_silver.jpg,keep,grey Jordan 1 High pair on grass in park (High variant),included,
File:Air_Jordan_I_High_OG_«_Next_Chapter_».jpg,Air Jordan 1,https://commons.wikimedia.org/wiki/File:Air_Jordan_I_High_OG_«_Next_Chapter_».jpg,reject,Spider-Verse special,excluded,rejected at screening
File:Air_Jordan_Royal_blue_2016.jpg,Air Jordan 1,https://commons.wikimedia.org/wiki/File:Air_Jordan_Royal_blue_2016.jpg,keep,black/blue Jordan 1 High on manhole cover,included,
File:Airjordan1985-1st.JPG,Air Jordan 1,https://commons.wikimedia.org/wiki/File:Airjordan1985-1st.JPG,keep,royal blue Jordan 1 High on grass,included,
File:Game_Worn_Air_Jordan_1s.jpg,Air Jordan 1,https://commons.wikimedia.org/wiki/File:Game_Worn_Air_Jordan_1s.jpg,reject,museum,excluded,rejected at screening
File:Jordan_1_sb_nike.jpg,Air Jordan 1,https://commons.wikimedia.org/wiki/File:Jordan_1_sb_nike.jpg,keep,"grey/pink Jordan 1 High worn, creased",included,
File:Jordan_One_Take_5.jpg,Air Jordan 1,https://commons.wikimedia.org/wiki/File:Jordan_One_Take_5.jpg,reject,display plaque,excluded,rejected at screening
File:Jordan_Tatum_1.jpg,Air Jordan 1,https://commons.wikimedia.org/wiki/File:Jordan_Tatum_1.jpg,reject,display plaque,excluded,rejected at screening
File:Josh_Donaldson_rocks_some_hot_Air_Jordans_for_Gatorade_All-Star_Workout_Day._(28377246850).jpg,Air Jordan 1,https://commons.wikimedia.org/wiki/File:Josh_Donaldson_rocks_some_hot_Air_Jordans_for_Gatorade_All-Star_Workout_Day._(28377246850).jpg,reject,special colourway,excluded,rejected at screening
File:LVNT's_Air_Jordan_1s.jpg,Air Jordan 1,https://commons.wikimedia.org/wiki/File:LVNT's_Air_Jordan_1s.jpg,reject,snakeskin custom,excluded,rejected at screening
File:Nike_Air_Jordan.jpg,Air Jordan 1,https://commons.wikimedia.org/wiki/File:Nike_Air_Jordan.jpg,reject,product-style,excluded,rejected at screening
File:QJMOTOR_Race_600_on_Chaoyang_North_Road.jpg,Air Jordan 1,https://commons.wikimedia.org/wiki/File:QJMOTOR_Race_600_on_Chaoyang_North_Road.jpg,reject,not footwear-centric,excluded,rejected at screening
File:2012_Couples_shoes.jpg,Nike Air Force,https://commons.wikimedia.org/wiki/File:2012_Couples_shoes.jpg,reject,houndstooth/filtered,excluded,rejected at screening
"File:2026_FIFA_World_Cup,_Pretty_shot.jpg",Nike Air Force,"https://commons.wikimedia.org/wiki/File:2026_FIFA_World_Cup,_Pretty_shot.jpg",reject,not footwear-centric,excluded,rejected at screening
File:Air_Force_1_(3199944288).jpg,Nike Air Force,https://commons.wikimedia.org/wiki/File:Air_Force_1_(3199944288).jpg,reject,custom,excluded,rejected at screening
File:Air_Force_1.JPG,Nike Air Force,https://commons.wikimedia.org/wiki/File:Air_Force_1.JPG,keep,white Air Force 1 on shoebox,included,
File:Air_force_2.jpg,Nike Air Force,https://commons.wikimedia.org/wiki/File:Air_force_2.jpg,reject,iridescent custom,excluded,rejected at screening
File:Airforce1.jpg,Nike Air Force,https://commons.wikimedia.org/wiki/File:Airforce1.jpg,reject,product shot,excluded,rejected at screening
File:Blue_and_red_Air_force.jpg,Nike Air Force,https://commons.wikimedia.org/wiki/File:Blue_and_red_Air_force.jpg,reject,custom,excluded,rejected at screening
File:Customize_Nike_Air_Force_One.jpg,Nike Air Force,https://commons.wikimedia.org/wiki/File:Customize_Nike_Air_Force_One.jpg,reject,custom,excluded,rejected at screening
File:Customize_White_Nike_Air_Force_One.jpg,Nike Air Force,https://commons.wikimedia.org/wiki/File:Customize_White_Nike_Air_Force_One.jpg,reject,custom,excluded,rejected at screening
File:Dessus_et_dessous_de_l'AF1.jpg,Nike Air Force,https://commons.wikimedia.org/wiki/File:Dessus_et_dessous_de_l'AF1.jpg,keep,"white Air Force 1 top and sole, dark surface",included,
File:DJ_AM's_Air_Force_1's_at_the_ShoeZeum.jpg,Nike Air Force,https://commons.wikimedia.org/wiki/File:DJ_AM's_Air_Force_1's_at_the_ShoeZeum.jpg,reject,custom,excluded,rejected at screening
File:Four_pairs_of_Nike_shoes.jpg,Nike Air Force,https://commons.wikimedia.org/wiki/File:Four_pairs_of_Nike_shoes.jpg,reject,retail row,excluded,rejected at screening
File:Jackson_Av_47th_Rd_td_(2019-04-11)_08.jpg,Nike Air Force,https://commons.wikimedia.org/wiki/File:Jackson_Av_47th_Rd_td_(2019-04-11)_08.jpg,reject,not footwear-centric,excluded,rejected at screening
File:Nike_AF1.JPG,Nike Air Force,https://commons.wikimedia.org/wiki/File:Nike_AF1.JPG,keep,white Air Force 1 on grey box,included,
File:Nike_Air_Force_1_'07_LV8_(53783096186).png,Nike Air Force,https://commons.wikimedia.org/wiki/File:Nike_Air_Force_1_'07_LV8_(53783096186).png,keep,"white Air Force 1 on black box, dim",included,
File:Nike_Air_Force_1_Browns.jpg,Nike Air Force,https://commons.wikimedia.org/wiki/File:Nike_Air_Force_1_Browns.jpg,reject,custom orange,excluded,rejected at screening
File:Nike_Air_Force_1_Hi_Just_Don.jpg,Nike Air Force,https://commons.wikimedia.org/wiki/File:Nike_Air_Force_1_Hi_Just_Don.jpg,keep,white Air Force 1 Mid pair on asphalt court,excluded,Just Don collaboration edition
File:Nike_Air_Force_1_Low_Flax_2019.jpg,Nike Air Force,https://commons.wikimedia.org/wiki/File:Nike_Air_Force_1_Low_Flax_2019.jpg,keep,wheat Air Force 1 on wooden table,included,
File:Nike_Air_Force_1_Shadow.jpg,Nike Air Force,https://commons.wikimedia.org/wiki/File:Nike_Air_Force_1_Shadow.jpg,reject,retail plinth,excluded,rejected at screening
File:Nike_air_Force_1_white_on_white.jpg,Nike Air Force,https://commons.wikimedia.org/wiki/File:Nike_air_Force_1_white_on_white.jpg,keep,"white Air Force 1 on asphalt, outdoor",included,
File:Nike_Air_Force_1's.jpg,Nike Air Force,https://commons.wikimedia.org/wiki/File:Nike_Air_Force_1's.jpg,keep,"white Air Force 1 on cardboard box, dim room",included,
File:Nike_Air_Force_1.jpg,Nike Air Force,https://commons.wikimedia.org/wiki/File:Nike_Air_Force_1.jpg,keep,"off-white Air Force 1 worn, low light",included,
File:Nike_Air_Force_one.jpg,Nike Air Force,https://commons.wikimedia.org/wiki/File:Nike_Air_Force_one.jpg,reject,filtered SB Dunk special,excluded,rejected at screening
File:NIKE_AIR_WITH_BOX.jpg,Nike Air Force,https://commons.wikimedia.org/wiki/File:NIKE_AIR_WITH_BOX.jpg,keep,black suede Air Force 1 on shaggy carpet with box,included,
File:NikeAirForceOne07.jpg,Nike Air Force,https://commons.wikimedia.org/wiki/File:NikeAirForceOne07.jpg,keep,"white Air Force 1 on grey box, dark",included,
File:Nikes(blue&pink).jpg,Nike Air Force,https://commons.wikimedia.org/wiki/File:Nikes(blue&pink).jpg,reject,shoe small,excluded,rejected at screening
"File:Off-White_x_Nike_Air_Force_1_""MCA"".png",Nike Air Force,"https://commons.wikimedia.org/wiki/File:Off-White_x_Nike_Air_Force_1_""MCA"".png",reject,Off-White collab,excluded,rejected at screening
File:Tenshi-air-force-1-PIGALLE.jpg,Nike Air Force,https://commons.wikimedia.org/wiki/File:Tenshi-air-force-1-PIGALLE.jpg,reject,custom paint,excluded,rejected at screening
File:2012_Nike_Blazers.JPG,Nike trainers,https://commons.wikimedia.org/wiki/File:2012_Nike_Blazers.JPG,keep,navy suede Blazer Mid on Nike box,included,
File:20170105_1408130004_-_Flickr_-_Rino_Porrovecchio.jpg,Nike trainers,https://commons.wikimedia.org/wiki/File:20170105_1408130004_-_Flickr_-_Rino_Porrovecchio.jpg,reject,model not identifiable,excluded,rejected at screening
File:61_365_Zapatillas_(5492120351).jpg,Nike trainers,https://commons.wikimedia.org/wiki/File:61_365_Zapatillas_(5492120351).jpg,reject,model not identifiable,excluded,rejected at screening
File:Athletic_Shoes.jpg,Nike trainers,https://commons.wikimedia.org/wiki/File:Athletic_Shoes.jpg,reject,museum,excluded,rejected at screening
File:Balls_(13734682603).jpg,Nike trainers,https://commons.wikimedia.org/wiki/File:Balls_(13734682603).jpg,reject,shoe small / event / not identifiable,excluded,rejected at screening
File:BaseExchange.jpg,Nike trainers,https://commons.wikimedia.org/wiki/File:BaseExchange.jpg,reject,shoe small / event / not identifiable,excluded,rejected at screening
File:Bigliettiii!_(1412913720).jpg,Nike trainers,https://commons.wikimedia.org/wiki/File:Bigliettiii!_(1412913720).jpg,reject,shoe small / event / not identifiable,excluded,rejected at screening
File:Bursa_ulucamii.jpg,Nike trainers,https://commons.wikimedia.org/wiki/File:Bursa_ulucamii.jpg,reject,shoe small / event / not identifiable,excluded,rejected at screening
File:Carl_Lewis'_Shoes.jpg,Nike trainers,https://commons.wikimedia.org/wiki/File:Carl_Lewis'_Shoes.jpg,reject,museum,excluded,rejected at screening
File:Chicojano.jpg,Nike trainers,https://commons.wikimedia.org/wiki/File:Chicojano.jpg,reject,shoe small / event / not identifiable,excluded,rejected at screening
File:Conner_Mantz_2025_Chicago_Marathon.jpg,Nike trainers,https://commons.wikimedia.org/wiki/File:Conner_Mantz_2025_Chicago_Marathon.jpg,reject,shoe small / event / not identifiable,excluded,rejected at screening
File:Counterfeit_sports_shoes2.jpg,Nike trainers,https://commons.wikimedia.org/wiki/File:Counterfeit_sports_shoes2.jpg,reject,"Air Max LTD on box, near-duplicate of 336 type; model uncertain",excluded,rejected at screening
File:Egofobia_(2973470113).jpg,Nike trainers,https://commons.wikimedia.org/wiki/File:Egofobia_(2973470113).jpg,keep,"silver Air Max 97 worn, street level (97 absent from catalogue)",included,
File:EVD-tenis-050.jpg,Nike trainers,https://commons.wikimedia.org/wiki/File:EVD-tenis-050.jpg,reject,model not identifiable,excluded,rejected at screening
File:EVD-tenis-051.jpg,Nike trainers,https://commons.wikimedia.org/wiki/File:EVD-tenis-051.jpg,reject,shoe small / event / not identifiable,excluded,rejected at screening
File:EVD-tenis-052.jpg,Nike trainers,https://commons.wikimedia.org/wiki/File:EVD-tenis-052.jpg,reject,shoe small / event / not identifiable,excluded,rejected at screening
"File:Ghetto_blaster_print_(Lijnbaan,_Rotterdam).jpg",Nike trainers,"https://commons.wikimedia.org/wiki/File:Ghetto_blaster_print_(Lijnbaan,_Rotterdam).jpg",reject,shoe small / event / not identifiable,excluded,rejected at screening
File:Grafite_Indie_Hip_hop.jpg,Nike trainers,https://commons.wikimedia.org/wiki/File:Grafite_Indie_Hip_hop.jpg,reject,model not identifiable / discontinued / museum / retail / event,excluded,rejected at screening
File:Hampa_diamantes.jpg,Nike trainers,https://commons.wikimedia.org/wiki/File:Hampa_diamantes.jpg,reject,model not identifiable / discontinued / museum / retail / event,excluded,rejected at screening
File:HK_Causeway_Road_Nike_耐克運動鞋_sport_shoes.JPG,Nike trainers,https://commons.wikimedia.org/wiki/File:HK_Causeway_Road_Nike_耐克運動鞋_sport_shoes.JPG,reject,model not identifiable / discontinued / museum / retail / event,excluded,rejected at screening
File:Identitaet.jpg,Nike trainers,https://commons.wikimedia.org/wiki/File:Identitaet.jpg,reject,model not identifiable / discontinued / museum / retail / event,excluded,rejected at screening
File:Interior_de_un_centro_outlet.jpg,Nike trainers,https://commons.wikimedia.org/wiki/File:Interior_de_un_centro_outlet.jpg,reject,model not identifiable / discontinued / museum / retail / event,excluded,rejected at screening
"File:Jordan_5_""Fear_Pack""..JPG",Nike trainers,"https://commons.wikimedia.org/wiki/File:Jordan_5_""Fear_Pack""..JPG",reject,model not identifiable / discontinued / museum / retail / event,excluded,rejected at screening
File:Lunaracer-Flywire.png,Nike trainers,https://commons.wikimedia.org/wiki/File:Lunaracer-Flywire.png,reject,model not identifiable / discontinued / museum / retail / event,excluded,rejected at screening
File:Memoriał_Józefa_Żylewicza_(5829202585).jpg,Nike trainers,https://commons.wikimedia.org/wiki/File:Memoriał_Józefa_Żylewicza_(5829202585).jpg,reject,model not identifiable / discontinued / museum / retail / event,excluded,rejected at screening
File:Michael_Johnson_running_shoes.jpg,Nike trainers,https://commons.wikimedia.org/wiki/File:Michael_Johnson_running_shoes.jpg,reject,model not identifiable / discontinued / museum / retail / event,excluded,rejected at screening
File:Mode2action.jpg,Nike trainers,https://commons.wikimedia.org/wiki/File:Mode2action.jpg,reject,model not identifiable / discontinued / museum / retail / event,excluded,rejected at screening
File:My_new_trainers_are_better_than_sex_(424170770).jpg,Nike trainers,https://commons.wikimedia.org/wiki/File:My_new_trainers_are_better_than_sex_(424170770).jpg,keep,teal/white Air Max 1 on yellow table (Air Max 1 absent from catalogue),included,
File:My_nike_dirty_shoe.JPG,Nike trainers,https://commons.wikimedia.org/wiki/File:My_nike_dirty_shoe.JPG,reject,model not identifiable / discontinued / museum / retail / event,excluded,rejected at screening
File:Native_nikes.jpg,Nike trainers,https://commons.wikimedia.org/wiki/File:Native_nikes.jpg,reject,model not identifiable / discontinued / museum / retail / event,excluded,rejected at screening
File:Nieuwespikes2.jpg,Nike trainers,https://commons.wikimedia.org/wiki/File:Nieuwespikes2.jpg,reject,model not identifiable / discontinued / museum / retail / event,excluded,rejected at screening
File:NIKE_(4236528799).jpg,Nike trainers,https://commons.wikimedia.org/wiki/File:NIKE_(4236528799).jpg,reject,model not identifiable / discontinued / museum / retail / event,excluded,rejected at screening
File:Nike_Air_Vapormax_360_History_of_Air.jpg,Nike trainers,https://commons.wikimedia.org/wiki/File:Nike_Air_Vapormax_360_History_of_Air.jpg,reject,model not identifiable / discontinued / museum / retail / event,excluded,rejected at screening
File:Nike_classic.jpg,Nike trainers,https://commons.wikimedia.org/wiki/File:Nike_classic.jpg,reject,model not identifiable / discontinued / museum / retail / event,excluded,rejected at screening
File:NIKE_FLYSTEPPER.jpg,Nike trainers,https://commons.wikimedia.org/wiki/File:NIKE_FLYSTEPPER.jpg,reject,model not identifiable / discontinued / museum / retail / event,excluded,rejected at screening
File:Nike_Laser_III.jpg,Nike trainers,https://commons.wikimedia.org/wiki/File:Nike_Laser_III.jpg,reject,model not identifiable / discontinued / museum / retail / event,excluded,rejected at screening
File:Nike_LunarCharge_(Unsplash).jpg,Nike trainers,https://commons.wikimedia.org/wiki/File:Nike_LunarCharge_(Unsplash).jpg,reject,model not identifiable / discontinued / museum / retail / event,excluded,rejected at screening
File:Nike_Running_Shoe_Dissected_Front.jpg,Nike trainers,https://commons.wikimedia.org/wiki/File:Nike_Running_Shoe_Dissected_Front.jpg,reject,model not identifiable / discontinued / museum / retail / event,excluded,rejected at screening
File:Nike_Running_Shoe_Dissected_Rear.jpg,Nike trainers,https://commons.wikimedia.org/wiki/File:Nike_Running_Shoe_Dissected_Rear.jpg,reject,model not identifiable / discontinued / museum / retail / event,excluded,rejected at screening
File:Nike_Running_Shoes_Not_Dissected_Reference.jpg,Nike trainers,https://commons.wikimedia.org/wiki/File:Nike_Running_Shoes_Not_Dissected_Reference.jpg,reject,model not identifiable / discontinued / museum / retail / event,excluded,rejected at screening
File:Nike_running_sneakers_2013-10-06_08-34.jpg,Nike trainers,https://commons.wikimedia.org/wiki/File:Nike_running_sneakers_2013-10-06_08-34.jpg,reject,model not identifiable / discontinued / museum / retail / event,excluded,rejected at screening
File:Nike_SB_Dunks_at_the_ShoeZeum.jpg,Nike trainers,https://commons.wikimedia.org/wiki/File:Nike_SB_Dunks_at_the_ShoeZeum.jpg,reject,model not identifiable / discontinued / museum / retail / event,excluded,rejected at screening
File:Nike_shoes_2.jpg,Nike trainers,https://commons.wikimedia.org/wiki/File:Nike_shoes_2.jpg,reject,model not identifiable / discontinued / museum / retail / event,excluded,rejected at screening
File:Nike_shoes.jpg,Nike trainers,https://commons.wikimedia.org/wiki/File:Nike_shoes.jpg,reject,model not identifiable / discontinued / museum / retail / event,excluded,rejected at screening
File:Nike_sportshoes_deteriorated_001.jpg,Nike trainers,https://commons.wikimedia.org/wiki/File:Nike_sportshoes_deteriorated_001.jpg,reject,model not identifiable / discontinued / museum / retail / event,excluded,rejected at screening
File:Nike_track_spikes.jpg,Nike trainers,https://commons.wikimedia.org/wiki/File:Nike_track_spikes.jpg,reject,model not identifiable / discontinued / museum / retail / event,excluded,rejected at screening
File:Nike_trainer_(2925534064).jpg,Nike trainers,https://commons.wikimedia.org/wiki/File:Nike_trainer_(2925534064).jpg,reject,model not identifiable / discontinued / museum / retail / event,excluded,rejected at screening
File:Nike_used_0002.JPG,Nike trainers,https://commons.wikimedia.org/wiki/File:Nike_used_0002.JPG,reject,model not identifiable / discontinued / retail / event / edited,excluded,rejected at screening
File:Nike_Waffle_Racer_Vintage_(11023100684).jpg,Nike trainers,https://commons.wikimedia.org/wiki/File:Nike_Waffle_Racer_Vintage_(11023100684).jpg,reject,model not identifiable / discontinued / retail / event / edited,excluded,rejected at screening
File:Nike_waffle_soles.png,Nike trainers,https://commons.wikimedia.org/wiki/File:Nike_waffle_soles.png,reject,model not identifiable / discontinued / retail / event / edited,excluded,rejected at screening
File:Nike-zoom-pegasus-33.jpg,Nike trainers,https://commons.wikimedia.org/wiki/File:Nike-zoom-pegasus-33.jpg,reject,model not identifiable / discontinued / retail / event / edited,excluded,rejected at screening
File:Nike2010.JPG,Nike trainers,https://commons.wikimedia.org/wiki/File:Nike2010.JPG,reject,model not identifiable / discontinued / retail / event / edited,excluded,rejected at screening
File:NikeHyperDunk.jpg,Nike trainers,https://commons.wikimedia.org/wiki/File:NikeHyperDunk.jpg,reject,model not identifiable / discontinued / retail / event / edited,excluded,rejected at screening
File:NikeID_x_Chrishimself.jpg,Nike trainers,https://commons.wikimedia.org/wiki/File:NikeID_x_Chrishimself.jpg,reject,NikeiD custom,excluded,rejected at screening
File:Pexels-craytive-1456706.jpg,Nike trainers,https://commons.wikimedia.org/wiki/File:Pexels-craytive-1456706.jpg,reject,model not identifiable / discontinued / retail / event / edited,excluded,rejected at screening
File:Piotr_Nowakowski_(9290652903).jpg,Nike trainers,https://commons.wikimedia.org/wiki/File:Piotr_Nowakowski_(9290652903).jpg,reject,model not identifiable / discontinued / retail / event / edited,excluded,rejected at screening
File:Pyke(Marty_Mcfly)_-_Back_to_the_Future_(20233945849).jpg,Nike trainers,https://commons.wikimedia.org/wiki/File:Pyke(Marty_Mcfly)_-_Back_to_the_Future_(20233945849).jpg,reject,model not identifiable / discontinued / retail / event / edited,excluded,rejected at screening
File:Running_shoes_display.JPG,Nike trainers,https://commons.wikimedia.org/wiki/File:Running_shoes_display.JPG,reject,model not identifiable / discontinued / retail / event / edited,excluded,rejected at screening
File:School_girls_at_train_station_(2440852212).jpg,Nike trainers,https://commons.wikimedia.org/wiki/File:School_girls_at_train_station_(2440852212).jpg,reject,model not identifiable / discontinued / retail / event / edited,excluded,rejected at screening
File:Shoe_-_003.JPG,Nike trainers,https://commons.wikimedia.org/wiki/File:Shoe_-_003.JPG,reject,model not identifiable / discontinued / retail / event / edited,excluded,rejected at screening
File:Shoe_Reference_-51_(51996289034).jpg,Nike trainers,https://commons.wikimedia.org/wiki/File:Shoe_Reference_-51_(51996289034).jpg,keep,pink Air Max 90 worn on dirt with straw,included,
File:Shoes_Nike_Tennis_42.jpg,Nike trainers,https://commons.wikimedia.org/wiki/File:Shoes_Nike_Tennis_42.jpg,reject,model not identifiable / discontinued / retail / event / edited,excluded,rejected at screening
File:SmartShoes_1997jan24.jpg,Nike trainers,https://commons.wikimedia.org/wiki/File:SmartShoes_1997jan24.jpg,reject,model not identifiable / discontinued / retail / event / edited,excluded,rejected at screening
File:Sneakers_sobre_fondo_azul.jpg,Nike trainers,https://commons.wikimedia.org/wiki/File:Sneakers_sobre_fondo_azul.jpg,reject,model not identifiable / discontinued / retail / event / edited,excluded,rejected at screening
"File:Sneakers_van_merk_Nike_Air,_maat_45,_blauw_en_wit,_objectnr_86860-6.A-B.JPG",Nike trainers,"https://commons.wikimedia.org/wiki/File:Sneakers_van_merk_Nike_Air,_maat_45,_blauw_en_wit,_objectnr_86860-6.A-B.JPG",reject,Air Max Plus ambiguous,excluded,rejected at screening
File:Step_on_the_penis_(Footjob)_1.jpg,Nike trainers,https://commons.wikimedia.org/wiki/File:Step_on_the_penis_(Footjob)_1.jpg,reject,model not identifiable / discontinued / retail / event / edited,excluded,rejected at screening
File:Tight_rolled_jeans.jpg,Nike trainers,https://commons.wikimedia.org/wiki/File:Tight_rolled_jeans.jpg,reject,model not identifiable / discontinued / retail / event / edited,excluded,rejected at screening
File:Tinie_Tempahs_sneakers_(7772560494).jpg,Nike trainers,https://commons.wikimedia.org/wiki/File:Tinie_Tempahs_sneakers_(7772560494).jpg,reject,model not identifiable / discontinued / retail / event / edited,excluded,rejected at screening
File:Trainers_(5147066242).jpg,Nike trainers,https://commons.wikimedia.org/wiki/File:Trainers_(5147066242).jpg,reject,"Dunk High, only Dunk Low in catalogue",excluded,rejected at screening
File:Trainers_(8201349814).jpg,Nike trainers,https://commons.wikimedia.org/wiki/File:Trainers_(8201349814).jpg,reject,model not identifiable / discontinued / retail / event / edited,excluded,rejected at screening
File:White_sneakers.jpg,Nike trainers,https://commons.wikimedia.org/wiki/File:White_sneakers.jpg,keep,"white Air Force 1 worn, POV on grass",included,
File:Woman-g7bcff0094_1920.jpg,Nike trainers,https://commons.wikimedia.org/wiki/File:Woman-g7bcff0094_1920.jpg,reject,model not identifiable / discontinued / retail / event / edited,excluded,rejected at screening
File:Zoom_elite_2.png,Nike trainers,https://commons.wikimedia.org/wiki/File:Zoom_elite_2.png,reject,model not identifiable / discontinued / retail / event / edited,excluded,rejected at screening
File:プーマとナイキ_(5008331095).jpg,Nike trainers,https://commons.wikimedia.org/wiki/File:プーマとナイキ_(5008331095).jpg,reject,model not identifiable / discontinued / retail / event / edited,excluded,rejected at screening
File:学園祭-Extravaganza2.JPG,Nike trainers,https://commons.wikimedia.org/wiki/File:学園祭-Extravaganza2.JPG,reject,model not identifiable / discontinued / retail / event / edited,excluded,rejected at screening
File:接写_(2735144740).jpg,Nike trainers,https://commons.wikimedia.org/wiki/File:接写_(2735144740).jpg,reject,model not identifiable / discontinued / retail / event / edited,excluded,rejected at screening
File:閉店_売りつくしセール_(5890499012).jpg,Nike trainers,https://commons.wikimedia.org/wiki/File:閉店_売りつくしセール_(5890499012).jpg,reject,model not identifiable / discontinued / retail / event / edited,excluded,rejected at screening
File:2013_Coquitlam_High_School_District_Championship_2013-05-02_TFCoqDist-1028_(8704015834).jpg,People with Nike shoes,https://commons.wikimedia.org/wiki/File:2013_Coquitlam_High_School_District_Championship_2013-05-02_TFCoqDist-1028_(8704015834).jpg,reject,athletics event / shoe small / model not identifiable / retail,excluded,rejected at screening
"File:Erick_Barrondo,_Alexander_Ivanov,_Ding_Chen,_Zhan_Wang.JPG",People with Nike shoes,"https://commons.wikimedia.org/wiki/File:Erick_Barrondo,_Alexander_Ivanov,_Ding_Chen,_Zhan_Wang.JPG",reject,athletics event / shoe small / model not identifiable / retail,excluded,rejected at screening
"File:Erick_Barrondo,_Chen_Ding,_Bertrand_Moulinet.JPG",People with Nike shoes,"https://commons.wikimedia.org/wiki/File:Erick_Barrondo,_Chen_Ding,_Bertrand_Moulinet.JPG",reject,athletics event / shoe small / model not identifiable / retail,excluded,rejected at screening
File:Flickr_-_az1172_-_Sanya_Richards_400m.jpg,People with Nike shoes,https://commons.wikimedia.org/wiki/File:Flickr_-_az1172_-_Sanya_Richards_400m.jpg,reject,athletics event / shoe small / model not identifiable / retail,excluded,rejected at screening
File:Jarryd_Wallace_Toronto2015b.jpg,People with Nike shoes,https://commons.wikimedia.org/wiki/File:Jarryd_Wallace_Toronto2015b.jpg,reject,athletics event / shoe small / model not identifiable / retail,excluded,rejected at screening
File:Josiah_Jamison_2015.jpg,People with Nike shoes,https://commons.wikimedia.org/wiki/File:Josiah_Jamison_2015.jpg,reject,athletics event / shoe small / model not identifiable / retail,excluded,rejected at screening
File:Josiah_Jamison_2015b.jpg,People with Nike shoes,https://commons.wikimedia.org/wiki/File:Josiah_Jamison_2015b.jpg,reject,athletics event / shoe small / model not identifiable / retail,excluded,rejected at screening
"File:Moscow,_Paveletskaya_Plaza_Nov.2023_-_big-brand_shoes_1_(DXO)_02.jpg",Nike shoes,"https://commons.wikimedia.org/wiki/File:Moscow,_Paveletskaya_Plaza_Nov.2023_-_big-brand_shoes_1_(DXO)_02.jpg",reject,athletics event / shoe small / model not identifiable / retail,excluded,rejected at screening
File:4-15_Strong_(13918438761).jpg,Nike running shoes,https://commons.wikimedia.org/wiki/File:4-15_Strong_(13918438761).jpg,reject,athletics event / shoe small / model not identifiable / retail,excluded,rejected at screening
File:4-15_Strong_(Boston_Bombing_Site_Memorial)_(13940922145).jpg,Nike running shoes,https://commons.wikimedia.org/wiki/File:4-15_Strong_(Boston_Bombing_Site_Memorial)_(13940922145).jpg,reject,athletics event / shoe small / model not identifiable / retail,excluded,rejected at screening
"File:Aarhus,_Denmark_(Unsplash_t1sTHYjSN10).jpg",Nike running shoes,"https://commons.wikimedia.org/wiki/File:Aarhus,_Denmark_(Unsplash_t1sTHYjSN10).jpg",reject,athletics event / shoe small / model not identifiable / retail,excluded,rejected at screening
"File:Aarhus,_Denmark_(Unsplash_wmdcUQ0CJ4c).jpg",Nike running shoes,"https://commons.wikimedia.org/wiki/File:Aarhus,_Denmark_(Unsplash_wmdcUQ0CJ4c).jpg",reject,athletics event / shoe small / model not identifiable / retail,excluded,rejected at screening
File:Cathy_Freemans_400m_gold_medal_shoes_(10684995).jpg,Nike running shoes,https://commons.wikimedia.org/wiki/File:Cathy_Freemans_400m_gold_medal_shoes_(10684995).jpg,reject,athletics event / shoe small / model not identifiable / retail,excluded,rejected at screening
File:EVD-velocidad-013.jpg,Nike running shoes,https://commons.wikimedia.org/wiki/File:EVD-velocidad-013.jpg,reject,athletics event / shoe small / model not identifiable / retail,excluded,rejected at screening
File:Golden_shoes_Michael_Johnson.jpg,Nike running shoes,https://commons.wikimedia.org/wiki/File:Golden_shoes_Michael_Johnson.jpg,reject,athletics event / shoe small / model not identifiable / retail,excluded,rejected at screening
File:Guri_Melby_Dsc2463.jpg,Nike running shoes,https://commons.wikimedia.org/wiki/File:Guri_Melby_Dsc2463.jpg,reject,athletics event / shoe small / model not identifiable / retail,excluded,rejected at screening
File:Kanonersky_Island_Канонерский_остров_(47047777384).jpg,Nike running shoes,https://commons.wikimedia.org/wiki/File:Kanonersky_Island_Канонерский_остров_(47047777384).jpg,reject,athletics event / shoe small / model not identifiable / retail,excluded,rejected at screening
File:Kilo_Company_takes_Campbell_Cup_at_final_event_130427-M-YG378-023.jpg,Nike running shoes,https://commons.wikimedia.org/wiki/File:Kilo_Company_takes_Campbell_Cup_at_final_event_130427-M-YG378-023.jpg,reject,athletics event / shoe small / model not identifiable / retail,excluded,rejected at screening
File:Nike_Running_Shoes.jpg,Nike running shoes,https://commons.wikimedia.org/wiki/File:Nike_Running_Shoes.jpg,reject,athletics event / shoe small / model not identifiable / retail,excluded,rejected at screening
File:Nike_Zoom_Pegasus_38_running_shoe.jpg,Nike running shoes,https://commons.wikimedia.org/wiki/File:Nike_Zoom_Pegasus_38_running_shoe.jpg,reject,athletics event / shoe small / model not identifiable / retail,excluded,rejected at screening
File:NYC_Marathon_2019_(49010731666).jpg,Nike running shoes,https://commons.wikimedia.org/wiki/File:NYC_Marathon_2019_(49010731666).jpg,reject,athletics event / shoe small / model not identifiable / retail,excluded,rejected at screening
File:Schoolgirls_in_Street_-_Asahikawa_-_Hokkaido_-_Japan_(48018181627).jpg,Nike running shoes,https://commons.wikimedia.org/wiki/File:Schoolgirls_in_Street_-_Asahikawa_-_Hokkaido_-_Japan_(48018181627).jpg,reject,athletics event / shoe small / model not identifiable / retail,excluded,rejected at screening
File:Schoolgirls_on_Bikes_-_Heiwa_Street_-_Asahikawa_-_Hokkaido_-_Japan_(48018098113).jpg,Nike running shoes,https://commons.wikimedia.org/wiki/File:Schoolgirls_on_Bikes_-_Heiwa_Street_-_Asahikawa_-_Hokkaido_-_Japan_(48018098113).jpg,reject,athletics event / shoe small / model not identifiable / retail,excluded,rejected at screening
File:Shoe_Reference_-35_(51995013877).jpg,Nike running shoes,https://commons.wikimedia.org/wiki/File:Shoe_Reference_-35_(51995013877).jpg,reject,athletics event / shoe small / model not identifiable / retail,excluded,rejected at screening
File:Sprinting_in_Vienna_(Unsplash).jpg,Nike running shoes,https://commons.wikimedia.org/wiki/File:Sprinting_in_Vienna_(Unsplash).jpg,reject,athletics event / shoe small / model not identifiable / retail,excluded,rejected at screening
File:STS044-06-016_-_STS-044_-_STS-44_OV-104's_airlock_hatch_with_tennis_shoes_&_Presidential_Sports_Award_-_DPLA_-_a65a7191547b0d727b84ff5cd0955c38.jpg,Nike running shoes,https://commons.wikimedia.org/wiki/File:STS044-06-016_-_STS-044_-_STS-44_OV-104's_airlock_hatch_with_tennis_shoes_&_Presidential_Sports_Award_-_DPLA_-_a65a7191547b0d727b84ff5cd0955c38.jpg,reject,athletics event / shoe small / model not identifiable / retail,excluded,rejected at screening
File:VOTE_(30258562534).jpg,Nike running shoes,https://commons.wikimedia.org/wiki/File:VOTE_(30258562534).jpg,reject,athletics event / shoe small / model not identifiable / retail,excluded,rejected at screening
File:2016225230724_2016-08-12_Rocco_del_Schlacko_-_Sven_-_1D_X_II_-_1314_-_AK8I3348_mod.jpg,Reebok shoes,https://commons.wikimedia.org/wiki/File:2016225230724_2016-08-12_Rocco_del_Schlacko_-_Sven_-_1D_X_II_-_1314_-_AK8I3348_mod.jpg,reject,athletics event / shoe small / model not identifiable / retail,excluded,rejected at screening
File:2016225230730_2016-08-12_Rocco_del_Schlacko_-_Sven_-_1D_X_II_-_1315_-_AK8I3349_mod.jpg,Reebok shoes,https://commons.wikimedia.org/wiki/File:2016225230730_2016-08-12_Rocco_del_Schlacko_-_Sven_-_1D_X_II_-_1315_-_AK8I3349_mod.jpg,reject,athletics event / shoe small / model not identifiable / retail,excluded,rejected at screening
File:2018-10-14_Wrestling_Boys'_freestyle_55_kg_at_the_2018_Summer_Youth_Olympics_–_Group_A_–_GUM-ALG_(Martin_Rulsch)_01.jpg,Reebok shoes,https://commons.wikimedia.org/wiki/File:2018-10-14_Wrestling_Boys'_freestyle_55_kg_at_the_2018_Summer_Youth_Olympics_–_Group_A_–_GUM-ALG_(Martin_Rulsch)_01.jpg,reject,athletics event / shoe small / model not identifiable / retail,excluded,rejected at screening
File:2018-10-14_Wrestling_Boys'_freestyle_55_kg_at_the_2018_Summer_Youth_Olympics_–_Group_A_–_GUM-ALG_(Martin_Rulsch)_30.jpg,Reebok shoes,https://commons.wikimedia.org/wiki/File:2018-10-14_Wrestling_Boys'_freestyle_55_kg_at_the_2018_Summer_Youth_Olympics_–_Group_A_–_GUM-ALG_(Martin_Rulsch)_30.jpg,reject,sport event / advert / retail / discontinued model,excluded,rejected at screening
File:Alfonso_Soriano_40-40.jpg,Reebok shoes,https://commons.wikimedia.org/wiki/File:Alfonso_Soriano_40-40.jpg,reject,sport event / advert / retail / discontinued model,excluded,rejected at screening
File:AliciaKeys_ReebokClassic.JPG,Reebok shoes,https://commons.wikimedia.org/wiki/File:AliciaKeys_ReebokClassic.JPG,reject,sport event / advert / retail / discontinued model,excluded,rejected at screening
File:Billy_Wagner_Pitching_crop.jpg,Reebok shoes,https://commons.wikimedia.org/wiki/File:Billy_Wagner_Pitching_crop.jpg,reject,sport event / advert / retail / discontinued model,excluded,rejected at screening
File:Classics_Freestyle_&_ClassicLeather_ReebokClassics.jpg,Reebok shoes,https://commons.wikimedia.org/wiki/File:Classics_Freestyle_&_ClassicLeather_ReebokClassics.jpg,keep,"white Reebok Freestyle Hi worn, dark bench (Freestyle absent from catalogue)",included,
File:Collaboration-avec-Reebok.jpg,Reebok shoes,https://commons.wikimedia.org/wiki/File:Collaboration-avec-Reebok.jpg,reject,sport event / advert / retail / discontinued model,excluded,rejected at screening
"File:Daniel_Murphy_on_June_16,_2009.jpg",Reebok shoes,"https://commons.wikimedia.org/wiki/File:Daniel_Murphy_on_June_16,_2009.jpg",reject,sport event / advert / retail / discontinued model,excluded,rejected at screening
File:FZ1_Reebok_International_Limited_products_Philippines_shoes3.jpg,Reebok shoes,https://commons.wikimedia.org/wiki/File:FZ1_Reebok_International_Limited_products_Philippines_shoes3.jpg,reject,sport event / advert / retail / discontinued model,excluded,rejected at screening
File:GL6000_1986.JPG,Reebok shoes,https://commons.wikimedia.org/wiki/File:GL6000_1986.JPG,reject,sport event / advert / retail / discontinued model,excluded,rejected at screening
File:GL6000_Current.JPG,Reebok shoes,https://commons.wikimedia.org/wiki/File:GL6000_Current.JPG,reject,sport event / advert / retail / discontinued model,excluded,rejected at screening
File:Hallenturnschuh_36abc.jpg,Reebok shoes,https://commons.wikimedia.org/wiki/File:Hallenturnschuh_36abc.jpg,reject,sport event / advert / retail / discontinued model,excluded,rejected at screening
File:Kodak_Ektachrome_(16659895586).jpg,Reebok shoes,https://commons.wikimedia.org/wiki/File:Kodak_Ektachrome_(16659895586).jpg,reject,sport event / advert / retail / discontinued model,excluded,rejected at screening
"File:Moscow,_Paveletskaya_Plaza_Nov.2023_-_big-brand_shoes_1_(DXO)_01.jpg",Reebok shoes,"https://commons.wikimedia.org/wiki/File:Moscow,_Paveletskaya_Plaza_Nov.2023_-_big-brand_shoes_1_(DXO)_01.jpg",reject,sport event / advert / retail / discontinued model,excluded,rejected at screening
File:Mostafa_Mirsalim_wearing_Reebok_shoes_in_Majlis_2022-07-12.jpg,Reebok shoes,https://commons.wikimedia.org/wiki/File:Mostafa_Mirsalim_wearing_Reebok_shoes_in_Majlis_2022-07-12.jpg,reject,sport event / advert / retail / discontinued model,excluded,rejected at screening
File:Nano_Action.JPG,Reebok shoes,https://commons.wikimedia.org/wiki/File:Nano_Action.JPG,reject,sport event / advert / retail / discontinued model,excluded,rejected at screening
File:NBA_All-Star_Crossover_Event_(51913389182).jpg,Reebok shoes,https://commons.wikimedia.org/wiki/File:NBA_All-Star_Crossover_Event_(51913389182).jpg,reject,sport event / advert / retail / discontinued model,excluded,rejected at screening
File:PerfectMatch_CourtVictoryII_1991.JPG,Reebok shoes,https://commons.wikimedia.org/wiki/File:PerfectMatch_CourtVictoryII_1991.JPG,reject,sport event / advert / retail / discontinued model,excluded,rejected at screening
File:Rebok_X_Koralie.jpg,Reebok shoes,https://commons.wikimedia.org/wiki/File:Rebok_X_Koralie.jpg,reject,sport event / advert / retail / discontinued model,excluded,rejected at screening
File:Reebok_EasyTone.jpeg,Reebok shoes,https://commons.wikimedia.org/wiki/File:Reebok_EasyTone.jpeg,reject,sport event / advert / retail / discontinued model,excluded,rejected at screening
File:Reebok_EASYTONE2009_sole.jpg,Reebok shoes,https://commons.wikimedia.org/wiki/File:Reebok_EASYTONE2009_sole.jpg,reject,sport event / advert / retail / discontinued model,excluded,rejected at screening
File:Reebok_EASYTONE2009.JPG,Reebok shoes,https://commons.wikimedia.org/wiki/File:Reebok_EASYTONE2009.JPG,reject,sport event / advert / retail / discontinued model,excluded,rejected at screening
File:Reebok_Indoor_Sports_Shoes.jpg,Reebok shoes,https://commons.wikimedia.org/wiki/File:Reebok_Indoor_Sports_Shoes.jpg,reject,sport event / advert / retail / discontinued model,excluded,rejected at screening
File:Reebok_International_Limited_products_Philippines1.jpg,Reebok shoes,https://commons.wikimedia.org/wiki/File:Reebok_International_Limited_products_Philippines1.jpg,reject,sport event / advert / retail / discontinued model,excluded,rejected at screening
File:Reebok_koralie_closeup_07.jpg,Reebok shoes,https://commons.wikimedia.org/wiki/File:Reebok_koralie_closeup_07.jpg,reject,sport event / advert / retail / discontinued model,excluded,rejected at screening
File:Reebok_NPC_Argyle.jpg,Reebok shoes,https://commons.wikimedia.org/wiki/File:Reebok_NPC_Argyle.jpg,reject,model uncertain (NPC/Club C),excluded,rejected at screening
File:Reebok_Royal_Glide_Ripple_Clip_shoe.jpg,Reebok shoes,https://commons.wikimedia.org/wiki/File:Reebok_Royal_Glide_Ripple_Clip_shoe.jpg,reject,studio-lit backdrop,excluded,rejected at screening
"File:Reebok_shoe,_Edinburgh,_Scotland,_GB,_IMG_3712_edit.jpg",Reebok shoes,"https://commons.wikimedia.org/wiki/File:Reebok_shoe,_Edinburgh,_Scotland,_GB,_IMG_3712_edit.jpg",reject,sport event / advert / retail / discontinued model,excluded,rejected at screening
File:Reebok_special_edition.jpg,Reebok shoes,https://commons.wikimedia.org/wiki/File:Reebok_special_edition.jpg,reject,sport event / advert / retail / discontinued model,excluded,rejected at screening
File:Reebok_TAIKAN_200901.jpeg,Reebok shoes,https://commons.wikimedia.org/wiki/File:Reebok_TAIKAN_200901.jpeg,reject,sport event / advert / retail / discontinued model,excluded,rejected at screening
File:Reebok_TAIKAN_200902.jpeg,Reebok shoes,https://commons.wikimedia.org/wiki/File:Reebok_TAIKAN_200902.jpeg,reject,sport event / advert / retail / discontinued model,excluded,rejected at screening
File:Reebok.jpg,Reebok shoes,https://commons.wikimedia.org/wiki/File:Reebok.jpg,reject,advert / product render / sport event / shoe small,excluded,rejected at screening
File:ReebokPrincesswhite.jpg,Reebok shoes,https://commons.wikimedia.org/wiki/File:ReebokPrincesswhite.jpg,keep,"white Reebok Princess pair on tiled floor, flash (Princess absent from catalogue)",included,
File:ReebokPrincesswhite2.jpg,Reebok shoes,https://commons.wikimedia.org/wiki/File:ReebokPrincesswhite2.jpg,reject,same session as 619,excluded,rejected at screening
File:ReebokPrincesswhiteback.jpg,Reebok shoes,https://commons.wikimedia.org/wiki/File:ReebokPrincesswhiteback.jpg,reject,same session as 619,excluded,rejected at screening
File:ReebokPrincesswhitesole.jpg,Reebok shoes,https://commons.wikimedia.org/wiki/File:ReebokPrincesswhitesole.jpg,reject,advert / product render / sport event / shoe small,excluded,rejected at screening
File:Roosevelt_Yearbook_1986;_1986_Sagamore_-_DPLA_-_8db85c587953d845ffebd3e15cce1ac9_(page_160).jpg,Reebok shoes,https://commons.wikimedia.org/wiki/File:Roosevelt_Yearbook_1986;_1986_Sagamore_-_DPLA_-_8db85c587953d845ffebd3e15cce1ac9_(page_160).jpg,reject,advert / product render / sport event / shoe small,excluded,rejected at screening
File:Shaq_Attaq_IV_ReebokClassic.jpg,Reebok shoes,https://commons.wikimedia.org/wiki/File:Shaq_Attaq_IV_ReebokClassic.jpg,reject,advert / product render / sport event / shoe small,excluded,rejected at screening
File:SwizzBeatz_ReebokClassic.JPG,Reebok shoes,https://commons.wikimedia.org/wiki/File:SwizzBeatz_ReebokClassic.JPG,reject,advert / product render / sport event / shoe small,excluded,rejected at screening
File:Taikan_2009.jpeg,Reebok shoes,https://commons.wikimedia.org/wiki/File:Taikan_2009.jpeg,reject,advert / product render / sport event / shoe small,excluded,rejected at screening
File:TaylorTankersley.jpg,Reebok shoes,https://commons.wikimedia.org/wiki/File:TaylorTankersley.jpg,reject,advert / product render / sport event / shoe small,excluded,rejected at screening
File:The_object_of_YourReebok_Furylite_ver.JR_West_323.jpg,Reebok shoes,https://commons.wikimedia.org/wiki/File:The_object_of_YourReebok_Furylite_ver.JR_West_323.jpg,reject,advert / product render / sport event / shoe small,excluded,rejected at screening
File:Ventilator_SoleTrainer5000_1990.JPG,Reebok shoes,https://commons.wikimedia.org/wiki/File:Ventilator_SoleTrainer5000_1990.JPG,reject,advert / product render / sport event / shoe small,excluded,rejected at screening
File:玄関_porch_2010_(5356423762).jpg,Reebok shoes,https://commons.wikimedia.org/wiki/File:玄関_porch_2010_(5356423762).jpg,reject,advert / product render / sport event / shoe small,excluded,rejected at screening
File:Nano_3.0.jpg,Reebok Nano,https://commons.wikimedia.org/wiki/File:Nano_3.0.jpg,reject,advert / product render / sport event / shoe small,excluded,rejected at screening
File:Nano_4.0.jpg,Reebok Nano,https://commons.wikimedia.org/wiki/File:Nano_4.0.jpg,reject,advert / product render / sport event / shoe small,excluded,rejected at screening
File:Nano_Original_Facebook.jpg,Reebok Nano,https://commons.wikimedia.org/wiki/File:Nano_Original_Facebook.jpg,reject,advert / product render / sport event / shoe small,excluded,rejected at screening
File:Nano_Original.jpg,Reebok Nano,https://commons.wikimedia.org/wiki/File:Nano_Original.jpg,reject,advert / product render / sport event / shoe small,excluded,rejected at screening
File:Reebok_Nano_2.0.jpg,Reebok Nano,https://commons.wikimedia.org/wiki/File:Reebok_Nano_2.0.jpg,reject,advert / product render / sport event / shoe small,excluded,rejected at screening
File:1_aaron_ramsey_2015.jpg,New Balance products,https://commons.wikimedia.org/wiki/File:1_aaron_ramsey_2015.jpg,reject,advert / product render / sport event / shoe small,excluded,rejected at screening
File:2005_World_Championships_in_Athletics_3.jpg,New Balance products,https://commons.wikimedia.org/wiki/File:2005_World_Championships_in_Athletics_3.jpg,reject,advert / product render / sport event / shoe small,excluded,rejected at screening
File:2006Taipei101RunUp_Elite_Award-02.jpg,New Balance products,https://commons.wikimedia.org/wiki/File:2006Taipei101RunUp_Elite_Award-02.jpg,reject,advert / product render / sport event / shoe small,excluded,rejected at screening
File:2015_Toronto_WNBR_(18877715501).jpg,New Balance products,https://commons.wikimedia.org/wiki/File:2015_Toronto_WNBR_(18877715501).jpg,reject,advert / product render / sport event / shoe small,excluded,rejected at screening
File:20170718_Dodgers-WhiteSox_Avisail_Garcia_(1).jpg,New Balance products,https://commons.wikimedia.org/wiki/File:20170718_Dodgers-WhiteSox_Avisail_Garcia_(1).jpg,reject,advert / product render / sport event / shoe small,excluded,rejected at screening
File:2018_Nudes_a_Poppin_(43376675334).jpg,New Balance products,https://commons.wikimedia.org/wiki/File:2018_Nudes_a_Poppin_(43376675334).jpg,reject,advert / product render / sport event / shoe small,excluded,rejected at screening
File:2018_Nudes_a_Poppin_(43805584824).jpg,New Balance products,https://commons.wikimedia.org/wiki/File:2018_Nudes_a_Poppin_(43805584824).jpg,reject,advert / product render / sport event / shoe small,excluded,rejected at screening
File:Akop_Szostak.jpg,New Balance products,https://commons.wikimedia.org/wiki/File:Akop_Szostak.jpg,reject,advert / product render / sport event / shoe small,excluded,rejected at screening
File:Antonelli_Boyce.JPG,New Balance products,https://commons.wikimedia.org/wiki/File:Antonelli_Boyce.JPG,reject,advert / product render / sport event / shoe small,excluded,rejected at screening
File:Baltimore_Orioles_dugout_(35355780946).jpg,New Balance products,https://commons.wikimedia.org/wiki/File:Baltimore_Orioles_dugout_(35355780946).jpg,reject,advert / product render / sport event / shoe small,excluded,rejected at screening
File:Boston_Marathon_runner_(10086076954).jpg,New Balance products,https://commons.wikimedia.org/wiki/File:Boston_Marathon_runner_(10086076954).jpg,reject,advert / product render / sport event / shoe small,excluded,rejected at screening
File:Boston_Marathon_runner_(10086152206).jpg,New Balance products,https://commons.wikimedia.org/wiki/File:Boston_Marathon_runner_(10086152206).jpg,reject,advert / product render / sport event / shoe small,excluded,rejected at screening
File:Boyce_Ojala_Kucmin.JPG,New Balance products,https://commons.wikimedia.org/wiki/File:Boyce_Ojala_Kucmin.JPG,reject,sport event / shoe small / person-centric,excluded,rejected at screening
File:Boston25m-0002.jpg,New Balance products,https://commons.wikimedia.org/wiki/File:Boston25m-0002.jpg,reject,sport event / shoe small / person-centric,excluded,rejected at screening
File:Timothy_Cherigat.jpg,New Balance products,https://commons.wikimedia.org/wiki/File:Timothy_Cherigat.jpg,reject,sport event / shoe small / person-centric,excluded,rejected at screening
File:Corchete_Dessi_Gdula_Schrom.JPG,New Balance products,https://commons.wikimedia.org/wiki/File:Corchete_Dessi_Gdula_Schrom.JPG,reject,sport event / shoe small / person-centric,excluded,rejected at screening
File:Corchete_Dessi_Schrom.JPG,New Balance products,https://commons.wikimedia.org/wiki/File:Corchete_Dessi_Schrom.JPG,reject,sport event / shoe small / person-centric,excluded,rejected at screening
File:Cory_Rasmus_(14600946787)_(cropped).jpg,New Balance products,https://commons.wikimedia.org/wiki/File:Cory_Rasmus_(14600946787)_(cropped).jpg,reject,sport event / shoe small / person-centric,excluded,rejected at screening
File:Cory_Rasmus_(14600946787).jpg,New Balance products,https://commons.wikimedia.org/wiki/File:Cory_Rasmus_(14600946787).jpg,reject,sport event / shoe small / person-centric,excluded,rejected at screening
File:Cyclones_vs_Renegades_06-24-17_4th_Inning_03.jpg,New Balance products,https://commons.wikimedia.org/wiki/File:Cyclones_vs_Renegades_06-24-17_4th_Inning_03.jpg,reject,sport event / shoe small / person-centric,excluded,rejected at screening
File:Defense.gov_photo_essay_080704-A-9046B-001.jpg,New Balance products,https://commons.wikimedia.org/wiki/File:Defense.gov_photo_essay_080704-A-9046B-001.jpg,reject,sport event / shoe small / person-centric,excluded,rejected at screening
File:Defense.gov_photo_essay_080704-A-9046B-002.jpg,New Balance products,https://commons.wikimedia.org/wiki/File:Defense.gov_photo_essay_080704-A-9046B-002.jpg,reject,sport event / shoe small / person-centric,excluded,rejected at screening
File:Dmitrenko_Partanen_Kozlovskij_(cropped).JPG,New Balance products,https://commons.wikimedia.org/wiki/File:Dmitrenko_Partanen_Kozlovskij_(cropped).JPG,reject,sport event / shoe small / person-centric,excluded,rejected at screening
File:Dodgers_at_Nationals_(53677190975).jpg,New Balance products,https://commons.wikimedia.org/wiki/File:Dodgers_at_Nationals_(53677190975).jpg,reject,sport event / shoe small / person-centric,excluded,rejected at screening
File:DSC03914_Óliver_Pérez.jpg,New Balance products,https://commons.wikimedia.org/wiki/File:DSC03914_Óliver_Pérez.jpg,reject,sport event / shoe small / person-centric,excluded,rejected at screening
File:Face_Splash_(36056945650).jpg,New Balance products,https://commons.wikimedia.org/wiki/File:Face_Splash_(36056945650).jpg,reject,sport event / shoe small / person-centric,excluded,rejected at screening
File:HK_TST_尖沙咀_Tsim_Sha_Tsui_彌敦道_100_Nathan_Road_The_One_mall_August_2022_Px3_266.jpg,New Balance products,https://commons.wikimedia.org/wiki/File:HK_TST_尖沙咀_Tsim_Sha_Tsui_彌敦道_100_Nathan_Road_The_One_mall_August_2022_Px3_266.jpg,reject,sport event / shoe small / person-centric,excluded,rejected at screening
File:HK_唐記包點_Tong_Kee_Pao_Dim_take_out_food_box_n_plastic_bag_green_April_2022_Px3_01.jpg,New Balance products,https://commons.wikimedia.org/wiki/File:HK_唐記包點_Tong_Kee_Pao_Dim_take_out_food_box_n_plastic_bag_green_April_2022_Px3_01.jpg,reject,sport event / shoe small / person-centric,excluded,rejected at screening
File:ISS-36_Luca_Parmitano_exercises_on_COLBERT.jpg,New Balance products,https://commons.wikimedia.org/wiki/File:ISS-36_Luca_Parmitano_exercises_on_COLBERT.jpg,reject,sport event / shoe small / person-centric,excluded,rejected at screening
File:Jason_Sorrenson_8909_(36636903445).jpg,New Balance products,https://commons.wikimedia.org/wiki/File:Jason_Sorrenson_8909_(36636903445).jpg,reject,sport event / shoe small / person-centric,excluded,rejected at screening
File:Jason_Sorrenson_8910_(36636906965).jpg,New Balance products,https://commons.wikimedia.org/wiki/File:Jason_Sorrenson_8910_(36636906965).jpg,reject,sport event / shoe small / person-centric,excluded,rejected at screening
File:Jason_Sorrenson_8911_(36636910955).jpg,New Balance products,https://commons.wikimedia.org/wiki/File:Jason_Sorrenson_8911_(36636910955).jpg,reject,sport event / shoe small / person-centric,excluded,rejected at screening
File:Jose_Fernandez_(29228094537)_(cropped).jpg,New Balance products,https://commons.wikimedia.org/wiki/File:Jose_Fernandez_(29228094537)_(cropped).jpg,reject,sport event / shoe small / person-centric,excluded,rejected at screening
File:Jose_Fernandez_(29228094537).jpg,New Balance products,https://commons.wikimedia.org/wiki/File:Jose_Fernandez_(29228094537).jpg,reject,sport event / shoe small / person-centric,excluded,rejected at screening
File:Kazanin_Yevstifeyev_Sharipov.JPG,New Balance products,https://commons.wikimedia.org/wiki/File:Kazanin_Yevstifeyev_Sharipov.JPG,reject,sport event / shoe small / person-centric,excluded,rejected at screening
File:Kim_Hyun-sub_2013.jpg,New Balance products,https://commons.wikimedia.org/wiki/File:Kim_Hyun-sub_2013.jpg,reject,sport event / shoe small / person-centric,excluded,rejected at screening
File:Klopp_(24669321424).jpg,New Balance products,https://commons.wikimedia.org/wiki/File:Klopp_(24669321424).jpg,reject,sport event / shoe small / person-centric,excluded,rejected at screening
File:Marathon_Rotterdam_2018_(28).jpg,New Balance products,https://commons.wikimedia.org/wiki/File:Marathon_Rotterdam_2018_(28).jpg,reject,sport event / shoe small / person-centric,excluded,rejected at screening
File:Marathon_Rotterdam_2018_(29).jpg,New Balance products,https://commons.wikimedia.org/wiki/File:Marathon_Rotterdam_2018_(29).jpg,reject,sport event / shoe small / person-centric,excluded,rejected at screening
File:Mayor_Dee_Smith_flexibility_test_2011_(5448866764).jpg,New Balance products,https://commons.wikimedia.org/wiki/File:Mayor_Dee_Smith_flexibility_test_2011_(5448866764).jpg,reject,sport event / shoe small / person-centric,excluded,rejected at screening
File:Men's_20_km_walk_at_2004_Summer_Olympics_3.JPEG,New Balance products,https://commons.wikimedia.org/wiki/File:Men's_20_km_walk_at_2004_Summer_Olympics_3.JPEG,reject,sport event / shoe small / person-centric,excluded,rejected at screening
File:Men's_20_km_walk_at_2004_Summer_Olympics_4.JPEG,New Balance products,https://commons.wikimedia.org/wiki/File:Men's_20_km_walk_at_2004_Summer_Olympics_4.JPEG,reject,sport event / shoe small / person-centric,excluded,rejected at screening
File:MyACG_booth_exit_20260208.jpg,New Balance products,https://commons.wikimedia.org/wiki/File:MyACG_booth_exit_20260208.jpg,reject,sport event / apparel / shoe small,excluded,rejected at screening
File:New_balance_(752134370).jpg,New Balance products,https://commons.wikimedia.org/wiki/File:New_balance_(752134370).jpg,reject,sport event / apparel / shoe small,excluded,rejected at screening
File:New_Balance_480.jpg,New Balance products,https://commons.wikimedia.org/wiki/File:New_Balance_480.jpg,keep,beige/white New Balance 480 pair on fur rug (catalogue check pending),included,
File:New_balance_black_sandals.jpg,New Balance products,https://commons.wikimedia.org/wiki/File:New_balance_black_sandals.jpg,reject,sport event / apparel / shoe small,excluded,rejected at screening
File:New_balance_camo_574_2014-03-25_21-50.jpg,New Balance products,https://commons.wikimedia.org/wiki/File:New_balance_camo_574_2014-03-25_21-50.jpg,reject,model not identifiable,excluded,rejected at screening
File:Nudist_man.jpg,New Balance products,https://commons.wikimedia.org/wiki/File:Nudist_man.jpg,reject,sport event / apparel / shoe small,excluded,rejected at screening
File:Osaka07_D8M_Mikel_Odriozola.jpg,New Balance products,https://commons.wikimedia.org/wiki/File:Osaka07_D8M_Mikel_Odriozola.jpg,reject,sport event / apparel / shoe small,excluded,rejected at screening
File:Outman_with_the_New_York_Yankees.jpg,New Balance products,https://commons.wikimedia.org/wiki/File:Outman_with_the_New_York_Yankees.jpg,reject,sport event / apparel / shoe small,excluded,rejected at screening
File:P1000321_400m_W_bol_(52340639752).jpg,New Balance products,https://commons.wikimedia.org/wiki/File:P1000321_400m_W_bol_(52340639752).jpg,reject,sport event / apparel / shoe small,excluded,rejected at screening
File:Premier_League_medal.jpg,New Balance products,https://commons.wikimedia.org/wiki/File:Premier_League_medal.jpg,reject,sport event / apparel / shoe small,excluded,rejected at screening
File:RF_093_(9519687802).jpg,New Balance products,https://commons.wikimedia.org/wiki/File:RF_093_(9519687802).jpg,reject,sport event / apparel / shoe small,excluded,rejected at screening
File:Richard_Morrissey_(cropped).jpg,New Balance products,https://commons.wikimedia.org/wiki/File:Richard_Morrissey_(cropped).jpg,reject,sport event / apparel / shoe small,excluded,rejected at screening
File:SAKURAKO_-_New_Balance_KV996._(33608097204).jpg,New Balance products,https://commons.wikimedia.org/wiki/File:SAKURAKO_-_New_Balance_KV996._(33608097204).jpg,reject,sport event / apparel / shoe small,excluded,rejected at screening
File:SAKURAKO's_new_shoes._-_NewBalance_FS320._(4623803791).jpg,New Balance products,https://commons.wikimedia.org/wiki/File:SAKURAKO's_new_shoes._-_NewBalance_FS320._(4623803791).jpg,reject,kids model not in catalogue,excluded,rejected at screening
File:SantiPerez_01.JPG,New Balance products,https://commons.wikimedia.org/wiki/File:SantiPerez_01.JPG,reject,sport event / apparel / shoe small,excluded,rejected at screening
"File:Scott_Alexander_on_August_17,_2014.jpg",New Balance products,"https://commons.wikimedia.org/wiki/File:Scott_Alexander_on_August_17,_2014.jpg",reject,sport event / apparel / shoe small,excluded,rejected at screening
File:SeamanTrials.jpg,New Balance products,https://commons.wikimedia.org/wiki/File:SeamanTrials.jpg,reject,sport event / apparel / shoe small,excluded,rejected at screening
File:SI_Yankees_vs_Cyclones_08-27-17_3rd_Inning_07.jpg,New Balance products,https://commons.wikimedia.org/wiki/File:SI_Yankees_vs_Cyclones_08-27-17_3rd_Inning_07.jpg,reject,sport event / apparel / shoe small,excluded,rejected at screening
File:SI_Yankees_vs_Cyclones_08-27-17_4th_Inning_03.jpg,New Balance products,https://commons.wikimedia.org/wiki/File:SI_Yankees_vs_Cyclones_08-27-17_4th_Inning_03.jpg,reject,sport event / apparel / shoe small,excluded,rejected at screening
File:Sweaty_runner.jpg,New Balance products,https://commons.wikimedia.org/wiki/File:Sweaty_runner.jpg,reject,sport event / apparel / shoe small,excluded,rejected at screening
File:Tim_Murray_at_Elizabeth_Warren_rally_Nov_2012.jpg,New Balance products,https://commons.wikimedia.org/wiki/File:Tim_Murray_at_Elizabeth_Warren_rally_Nov_2012.jpg,reject,sport event / apparel / shoe small,excluded,rejected at screening
File:Twisting_Muscle_(8425513621).jpg,New Balance products,https://commons.wikimedia.org/wiki/File:Twisting_Muscle_(8425513621).jpg,reject,sport event / apparel / shoe small,excluded,rejected at screening
File:Woman_with_dumbbells.jpg,New Balance products,https://commons.wikimedia.org/wiki/File:Woman_with_dumbbells.jpg,reject,sport event / apparel / shoe small,excluded,rejected at screening
File:Відкрите_тренування_«Динамо»._28_червня_2023_року_—_1454667.jpg,New Balance products,https://commons.wikimedia.org/wiki/File:Відкрите_тренування_«Динамо»._28_червня_2023_року_—_1454667.jpg,reject,sport event / apparel / shoe small,excluded,rejected at screening
File:サンバイザー_(18997191668)_(2).jpg,New Balance products,https://commons.wikimedia.org/wiki/File:サンバイザー_(18997191668)_(2).jpg,reject,sport event / apparel / shoe small,excluded,rejected at screening
File:20240703_Pabellón_Juegos_Olímpicos_Paris_2024-Juan_Diego_Cano06573_(53833504535).jpg,ASICS sports equipment,https://commons.wikimedia.org/wiki/File:20240703_Pabellón_Juegos_Olímpicos_Paris_2024-Juan_Diego_Cano06573_(53833504535).jpg,reject,sport event / apparel / shoe small,excluded,rejected at screening
File:Asics_(48006483722).jpg,ASICS sports equipment,https://commons.wikimedia.org/wiki/File:Asics_(48006483722).jpg,reject,sport event / apparel / shoe small,excluded,rejected at screening
File:Asics_Betagel.jpg,ASICS sports equipment,https://commons.wikimedia.org/wiki/File:Asics_Betagel.jpg,reject,sport event / apparel / shoe small,excluded,rejected at screening
File:ASICS's_wood_clubs_for_Ground_Golf_and_balls_in_Japan.jpg,ASICS sports equipment,https://commons.wikimedia.org/wiki/File:ASICS's_wood_clubs_for_Ground_Golf_and_balls_in_Japan.jpg,reject,sport event / apparel / shoe small,excluded,rejected at screening
File:GF-2012-037_(8053340308).jpg,ASICS sports equipment,https://commons.wikimedia.org/wiki/File:GF-2012-037_(8053340308).jpg,reject,sport event / apparel / shoe small,excluded,rejected at screening
"File:Inukai_Naoki,_Aoki_Yuzu,_Nakajima_Rasei_&_Kawaguchi_Akimasa_from_""14_That_Night""_at_Opening_Ceremony_of_the_Tokyo_International_Film_Festival_2016_(33513238081).jpg",ASICS sports equipment,"https://commons.wikimedia.org/wiki/File:Inukai_Naoki,_Aoki_Yuzu,_Nakajima_Rasei_&_Kawaguchi_Akimasa_from_""14_That_Night""_at_Opening_Ceremony_of_the_Tokyo_International_Film_Festival_2016_(33513238081).jpg",reject,apparel / kit graphics / not footwear,excluded,rejected at screening
"File:Inukai_Naoki,_Aoki_Yuzu,_Nakajima_Rasei_&_Kawaguchi_Akimasa_from_""14_That_Night""_at_Opening_Ceremony_of_the_Tokyo_International_Film_Festival_2016_(33642224755).jpg",ASICS sports equipment,"https://commons.wikimedia.org/wiki/File:Inukai_Naoki,_Aoki_Yuzu,_Nakajima_Rasei_&_Kawaguchi_Akimasa_from_""14_That_Night""_at_Opening_Ceremony_of_the_Tokyo_International_Film_Festival_2016_(33642224755).jpg",reject,apparel / kit graphics / not footwear,excluded,rejected at screening
File:Joey_Ryan_&_Candice_LeRae.jpg,ASICS sports equipment,https://commons.wikimedia.org/wiki/File:Joey_Ryan_&_Candice_LeRae.jpg,reject,apparel / kit graphics / not footwear,excluded,rejected at screening
File:Kit_body_FC_IMABARI_2024_AWAY_FP.png,ASICS sports equipment,https://commons.wikimedia.org/wiki/File:Kit_body_FC_IMABARI_2024_AWAY_FP.png,reject,apparel / kit graphics / not footwear,excluded,rejected at screening
File:Kit_body_FC_IMABARI_2024_HOME_FP.png,ASICS sports equipment,https://commons.wikimedia.org/wiki/File:Kit_body_FC_IMABARI_2024_HOME_FP.png,reject,apparel / kit graphics / not footwear,excluded,rejected at screening
File:Kit_body_KAWASAKI_Brave_Thunders_21-22_AWAY.png,ASICS sports equipment,https://commons.wikimedia.org/wiki/File:Kit_body_KAWASAKI_Brave_Thunders_21-22_AWAY.png,reject,apparel / kit graphics / not footwear,excluded,rejected at screening
File:Kit_body_KAWASAKI_Brave_Thunders_21-22_HOME.png,ASICS sports equipment,https://commons.wikimedia.org/wiki/File:Kit_body_KAWASAKI_Brave_Thunders_21-22_HOME.png,reject,apparel / kit graphics / not footwear,excluded,rejected at screening
File:Kit_body_KAWASAKI_Brave_Thunders_23-24_3rd.png,ASICS sports equipment,https://commons.wikimedia.org/wiki/File:Kit_body_KAWASAKI_Brave_Thunders_23-24_3rd.png,reject,apparel / kit graphics / not footwear,excluded,rejected at screening
File:Kit_left_arm_FC_IMABARI_2024_AWAY_FP.png,ASICS sports equipment,https://commons.wikimedia.org/wiki/File:Kit_left_arm_FC_IMABARI_2024_AWAY_FP.png,reject,apparel / kit graphics / not footwear,excluded,rejected at screening
File:Kit_left_arm_FC_IMABARI_2024_HOME_FP.png,ASICS sports equipment,https://commons.wikimedia.org/wiki/File:Kit_left_arm_FC_IMABARI_2024_HOME_FP.png,reject,apparel / kit graphics / not footwear,excluded,rejected at screening
File:Kit_right_arm_FC_IMABARI_2024_AWAY_FP.png,ASICS sports equipment,https://commons.wikimedia.org/wiki/File:Kit_right_arm_FC_IMABARI_2024_AWAY_FP.png,reject,apparel / kit graphics / not footwear,excluded,rejected at screening
File:Kit_right_arm_FC_IMABARI_2024_HOME_FP.png,ASICS sports equipment,https://commons.wikimedia.org/wiki/File:Kit_right_arm_FC_IMABARI_2024_HOME_FP.png,reject,apparel / kit graphics / not footwear,excluded,rejected at screening
File:Kit_shorts_FC_IMABARI_2024_AWAY_FP.png,ASICS sports equipment,https://commons.wikimedia.org/wiki/File:Kit_shorts_FC_IMABARI_2024_AWAY_FP.png,reject,apparel / kit graphics / not footwear,excluded,rejected at screening
File:Kit_shorts_FC_IMABARI_2024_HOME_FP.png,ASICS sports equipment,https://commons.wikimedia.org/wiki/File:Kit_shorts_FC_IMABARI_2024_HOME_FP.png,reject,apparel / kit graphics / not footwear,excluded,rejected at screening
File:Kit_shorts_KAWASAKI_Brave_Thunders_21-22_AWAY.png,ASICS sports equipment,https://commons.wikimedia.org/wiki/File:Kit_shorts_KAWASAKI_Brave_Thunders_21-22_AWAY.png,reject,apparel / kit graphics / not footwear,excluded,rejected at screening
File:Kit_shorts_KAWASAKI_Brave_Thunders_21-22_HOME.png,ASICS sports equipment,https://commons.wikimedia.org/wiki/File:Kit_shorts_KAWASAKI_Brave_Thunders_21-22_HOME.png,reject,apparel / kit graphics / not footwear,excluded,rejected at screening
File:Kit_shorts_KAWASAKI_Brave_Thunders_23-24_3rd.png,ASICS sports equipment,https://commons.wikimedia.org/wiki/File:Kit_shorts_KAWASAKI_Brave_Thunders_23-24_3rd.png,reject,apparel / kit graphics / not footwear,excluded,rejected at screening
File:Kit_socks_FC_IMABARI_2024_AWAY_FP.png,ASICS sports equipment,https://commons.wikimedia.org/wiki/File:Kit_socks_FC_IMABARI_2024_AWAY_FP.png,reject,apparel / kit graphics / not footwear,excluded,rejected at screening
File:Kit_socks_FC_IMABARI_2024_HOME_FP.png,ASICS sports equipment,https://commons.wikimedia.org/wiki/File:Kit_socks_FC_IMABARI_2024_HOME_FP.png,reject,apparel / kit graphics / not footwear,excluded,rejected at screening
File:Rennanzug-OESV.jpg,ASICS sports equipment,https://commons.wikimedia.org/wiki/File:Rennanzug-OESV.jpg,reject,apparel / kit graphics / not footwear,excluded,rejected at screening
File:Samurai_japan_2021_jarsey.jpg,ASICS sports equipment,https://commons.wikimedia.org/wiki/File:Samurai_japan_2021_jarsey.jpg,reject,apparel / kit graphics / not footwear,excluded,rejected at screening
File:Serbia_national_volleyball_team_at_the_2012_Summer_Olympics_(7913882066).jpg,ASICS sports equipment,https://commons.wikimedia.org/wiki/File:Serbia_national_volleyball_team_at_the_2012_Summer_Olympics_(7913882066).jpg,reject,apparel / kit graphics / not footwear,excluded,rejected at screening
File:USMC-10412.jpg,ASICS sports equipment,https://commons.wikimedia.org/wiki/File:USMC-10412.jpg,reject,apparel / kit graphics / not footwear,excluded,rejected at screening
"File:Yu_Darvish_checks_a_runner,_Oct_07_2022_(cropped).jpg",ASICS sports equipment,"https://commons.wikimedia.org/wiki/File:Yu_Darvish_checks_a_runner,_Oct_07_2022_(cropped).jpg",reject,apparel / kit graphics / not footwear,excluded,rejected at screening
File:東レ_2011_(5839420046).jpg,ASICS sports equipment,https://commons.wikimedia.org/wiki/File:東レ_2011_(5839420046).jpg,reject,apparel / kit graphics / not footwear,excluded,rejected at screening
File:東京マラソン2008_(2270145873).jpg,ASICS sports equipment,https://commons.wikimedia.org/wiki/File:東京マラソン2008_(2270145873).jpg,reject,apparel / kit graphics / not footwear,excluded,rejected at screening
File:陸上競技スパイクシューズ専用ピン（ASICS）.jpg,ASICS sports equipment,https://commons.wikimedia.org/wiki/File:陸上競技スパイクシューズ専用ピン（ASICS）.jpg,reject,apparel / kit graphics / not footwear,excluded,rejected at screening
File:Birkenstock_Arizona_Blue_sandals.jpg,Birkenstock shoes,https://commons.wikimedia.org/wiki/File:Birkenstock_Arizona_Blue_sandals.jpg,keep,"navy Birkenstock Arizona sandals worn with socks, wooden floor (catalogue has Birkenstock clogs only)",included,
File:Birkenstock_Arizona_ESD.jpg,Birkenstock shoes,https://commons.wikimedia.org/wiki/File:Birkenstock_Arizona_ESD.jpg,reject,product shot,excluded,rejected at screening
File:Birkenstock_Arizona.jpg,Birkenstock shoes,https://commons.wikimedia.org/wiki/File:Birkenstock_Arizona.jpg,keep,"Birkenstock Arizona sandals worn, parquet",included,
File:Birkenstock_filttofflor_2007_03_24-2.JPG,Birkenstock shoes,https://commons.wikimedia.org/wiki/File:Birkenstock_filttofflor_2007_03_24-2.JPG,reject,"felt Boston, colourway absent",excluded,rejected at screening
File:Birkenstock_Mayari_2.jpg,Birkenstock shoes,https://commons.wikimedia.org/wiki/File:Birkenstock_Mayari_2.jpg,reject,shoe small / person-centric / ambiguous,excluded,rejected at screening
File:Birkenstock_Mayari.jpg,Birkenstock shoes,https://commons.wikimedia.org/wiki/File:Birkenstock_Mayari.jpg,reject,shoe small / person-centric / ambiguous,excluded,rejected at screening
File:Birkenstock_Mules.jpg,Birkenstock shoes,https://commons.wikimedia.org/wiki/File:Birkenstock_Mules.jpg,reject,painted kids clog,excluded,rejected at screening
File:Birkenstock_Ramses.jpg,Birkenstock shoes,https://commons.wikimedia.org/wiki/File:Birkenstock_Ramses.jpg,reject,shoe small / person-centric / ambiguous,excluded,rejected at screening
File:Birkenstock_Sandals_CNE_01.jpg,Birkenstock shoes,https://commons.wikimedia.org/wiki/File:Birkenstock_Sandals_CNE_01.jpg,keep,"taupe suede Birkenstock Boston held in hand, insole view",included,
File:Birkenstock_Sandals_CNE_02.jpg,Birkenstock shoes,https://commons.wikimedia.org/wiki/File:Birkenstock_Sandals_CNE_02.jpg,reject,same shoe/session as 743,excluded,rejected at screening
File:Birkenstock_Sandals_CNE_03.jpg,Birkenstock shoes,https://commons.wikimedia.org/wiki/File:Birkenstock_Sandals_CNE_03.jpg,reject,two colourways,excluded,rejected at screening
File:Birkenstock_Sandals_CNE_04.jpg,Birkenstock shoes,https://commons.wikimedia.org/wiki/File:Birkenstock_Sandals_CNE_04.jpg,keep,white Birkenstock Gizeh thong sandal indoor,included,
File:Birkenstock_Sandals_CNE_05.jpg,Birkenstock shoes,https://commons.wikimedia.org/wiki/File:Birkenstock_Sandals_CNE_05.jpg,reject,shoe small / person-centric / ambiguous,excluded,rejected at screening
File:Birkenstock_Sandals.jpg,Birkenstock shoes,https://commons.wikimedia.org/wiki/File:Birkenstock_Sandals.jpg,keep,Birkenstock Arizona worn on brick pavement,included,
File:Birkenstock_sandals.jpg,Birkenstock shoes,https://commons.wikimedia.org/wiki/File:Birkenstock_sandals.jpg,reject,retail table,excluded,rejected at screening
File:Birkenstock_Sisters.jpg,Birkenstock shoes,https://commons.wikimedia.org/wiki/File:Birkenstock_Sisters.jpg,reject,shoe small / person-centric / ambiguous,excluded,rejected at screening
File:Birkenstock.jpg,Birkenstock shoes,https://commons.wikimedia.org/wiki/File:Birkenstock.jpg,reject,"in box, near-duplicate type",excluded,rejected at screening
File:Birkenstocks_near_water.jpg,Birkenstock shoes,https://commons.wikimedia.org/wiki/File:Birkenstocks_near_water.jpg,keep,Birkenstock Arizona on wooden dock above water,included,
File:Birkenstocks_on_feet.jpg,Birkenstock shoes,https://commons.wikimedia.org/wiki/File:Birkenstocks_on_feet.jpg,keep,"black Birkenstock Arizona worn, wooden floor",included,
File:Birkenstocks_with_new_cushions_and_soles_-_July_2023_-_Sarah_Stierch.jpg,Birkenstock shoes,https://commons.wikimedia.org/wiki/File:Birkenstocks_with_new_cushions_and_soles_-_July_2023_-_Sarah_Stierch.jpg,keep,navy Birkenstock Arizona on terracotta tiles,excluded,per-type cap on out-of-catalogue examples (diversity)
File:Birkenstocks.jpg,Birkenstock shoes,https://commons.wikimedia.org/wiki/File:Birkenstocks.jpg,keep,"dark brown leather Birkenstock Boston, old and worn",included,
File:Birki's_sandals.JPG,Birkenstock shoes,https://commons.wikimedia.org/wiki/File:Birki's_sandals.JPG,reject,shoe small / person-centric / ambiguous,excluded,rejected at screening
File:Birks.jpg,Birkenstock shoes,https://commons.wikimedia.org/wiki/File:Birks.jpg,reject,"professional clog, cut-out background",excluded,rejected at screening
"File:Bra_strap,_white,_2011.jpg",Birkenstock shoes,"https://commons.wikimedia.org/wiki/File:Bra_strap,_white,_2011.jpg",reject,shoe small / person-centric / ambiguous,excluded,rejected at screening
File:GIZEH_-_Cuir_Exquisite_-_Noir.jpg,Birkenstock shoes,https://commons.wikimedia.org/wiki/File:GIZEH_-_Cuir_Exquisite_-_Noir.jpg,reject,product shot,excluded,rejected at screening
File:Laughing_in_Cannes_(3232584230).jpg,Birkenstock shoes,https://commons.wikimedia.org/wiki/File:Laughing_in_Cannes_(3232584230).jpg,reject,shoe small / person-centric / ambiguous,excluded,rejected at screening
File:Man_wearing_a_jeans_dress.jpg,Birkenstock shoes,https://commons.wikimedia.org/wiki/File:Man_wearing_a_jeans_dress.jpg,reject,shoe small / person-centric / ambiguous,excluded,rejected at screening
File:Naked_Biker_Girl.jpg,Birkenstock shoes,https://commons.wikimedia.org/wiki/File:Naked_Biker_Girl.jpg,reject,shoe small / person-centric / ambiguous,excluded,rejected at screening
File:Shoe_Reference_-14_(51562412263).jpg,Birkenstock shoes,https://commons.wikimedia.org/wiki/File:Shoe_Reference_-14_(51562412263).jpg,keep,taupe Birkenstock Arizona worn on dirt,excluded,per-type cap on out-of-catalogue examples (diversity)
File:Summertime1.jpg,Birkenstock shoes,https://commons.wikimedia.org/wiki/File:Summertime1.jpg,reject,shoe small / person-centric / ambiguous,excluded,rejected at screening
File:Truchard_Vineyards_-_Nov_2018_-_Stierch_10.jpg,Birkenstock shoes,https://commons.wikimedia.org/wiki/File:Truchard_Vineyards_-_Nov_2018_-_Stierch_10.jpg,reject,shoe small / person-centric / ambiguous,excluded,rejected at screening
File:Truchard_Vineyards_-_Nov_2018_-_Stierch_12.jpg,Birkenstock shoes,https://commons.wikimedia.org/wiki/File:Truchard_Vineyards_-_Nov_2018_-_Stierch_12.jpg,reject,shoe small / person-centric / ambiguous,excluded,rejected at screening
File:Vrijgezellenfeest_-_Please_Kiss_Me_(3845526852).jpg,Birkenstock shoes,https://commons.wikimedia.org/wiki/File:Vrijgezellenfeest_-_Please_Kiss_Me_(3845526852).jpg,reject,shoe small / person-centric / ambiguous,excluded,rejected at screening
File:7021Quezon_City_03.jpg,Skechers,https://commons.wikimedia.org/wiki/File:7021Quezon_City_03.jpg,reject,store / person / car / not footwear,excluded,rejected at screening
File:7021Quezon_City_05.jpg,Skechers,https://commons.wikimedia.org/wiki/File:7021Quezon_City_05.jpg,reject,store / person / car / not footwear,excluded,rejected at screening
File:BMWM4GT3EVOWRT322025.jpg,Skechers,https://commons.wikimedia.org/wiki/File:BMWM4GT3EVOWRT322025.jpg,reject,store / person / car / not footwear,excluded,rejected at screening
File:Choi_Min_Ho_at_a_fansign_of_Skechers_on_February_2014_03.jpg,Skechers,https://commons.wikimedia.org/wiki/File:Choi_Min_Ho_at_a_fansign_of_Skechers_on_February_2014_03.jpg,reject,store / person / car / not footwear,excluded,rejected at screening
File:Choi_Min_Ho_at_a_fansign_of_Skechers_on_February_2014_04.jpg,Skechers,https://commons.wikimedia.org/wiki/File:Choi_Min_Ho_at_a_fansign_of_Skechers_on_February_2014_04.jpg,reject,store / person / car / not footwear,excluded,rejected at screening
"File:Elmwood_Louisiana,_25_Sept_2020_13.jpg",Skechers,"https://commons.wikimedia.org/wiki/File:Elmwood_Louisiana,_25_Sept_2020_13.jpg",reject,store / person / car / not footwear,excluded,rejected at screening
"File:Elmwood_Louisiana,_25_Sept_2020_14.jpg",Skechers,"https://commons.wikimedia.org/wiki/File:Elmwood_Louisiana,_25_Sept_2020_14.jpg",reject,store / person / car / not footwear,excluded,rejected at screening
File:Gateway_Bklyn_North_29_-_Parking_Lot.jpg,Skechers,https://commons.wikimedia.org/wiki/File:Gateway_Bklyn_North_29_-_Parking_Lot.jpg,reject,store / person / car / not footwear,excluded,rejected at screening
File:GT_Masters_2021_Spielberg_Nr._32.jpg,Skechers,https://commons.wikimedia.org/wiki/File:GT_Masters_2021_Spielberg_Nr._32.jpg,reject,store / person / car / not footwear,excluded,rejected at screening
File:Kaneary_Wharf_-_platform_01.jpg,Skechers,https://commons.wikimedia.org/wiki/File:Kaneary_Wharf_-_platform_01.jpg,reject,store / person / car / not footwear,excluded,rejected at screening
File:Kaneary_Wharf_-_platform_02.jpg,Skechers,https://commons.wikimedia.org/wiki/File:Kaneary_Wharf_-_platform_02.jpg,reject,store / person / car / not footwear,excluded,rejected at screening
File:Kaneary_Wharf_-_platform_03.jpg,Skechers,https://commons.wikimedia.org/wiki/File:Kaneary_Wharf_-_platform_03.jpg,reject,store / person / car / not footwear,excluded,rejected at screening
File:Kim_Jong_Hyun_at_a_fansign_of_Skechers_on_February_2014_01.jpg,Skechers,https://commons.wikimedia.org/wiki/File:Kim_Jong_Hyun_at_a_fansign_of_Skechers_on_February_2014_01.jpg,reject,store / person / car / not footwear,excluded,rejected at screening
File:Kim_Jong_Hyun_at_a_fansign_of_Skechers_on_February_2014_02.jpg,Skechers,https://commons.wikimedia.org/wiki/File:Kim_Jong_Hyun_at_a_fansign_of_Skechers_on_February_2014_02.jpg,reject,store / person / car / not footwear,excluded,rejected at screening
File:Kim_Jong_Hyun_at_a_fansign_of_Skechers_on_February_2014_03.jpg,Skechers,https://commons.wikimedia.org/wiki/File:Kim_Jong_Hyun_at_a_fansign_of_Skechers_on_February_2014_03.jpg,reject,store / person / car / not footwear,excluded,rejected at screening
File:Kim_Jong_Hyun_at_a_fansign_of_Skechers_on_February_2014_05.jpg,Skechers,https://commons.wikimedia.org/wiki/File:Kim_Jong_Hyun_at_a_fansign_of_Skechers_on_February_2014_05.jpg,reject,store / person / car / not footwear,excluded,rejected at screening
File:NYC_-_Midtown_Manhattan_–_Duffy_Square_–_Broadway_by_night_-_panoramio_(1).jpg,Skechers,https://commons.wikimedia.org/wiki/File:NYC_-_Midtown_Manhattan_–_Duffy_Square_–_Broadway_by_night_-_panoramio_(1).jpg,reject,store / person / car / not footwear,excluded,rejected at screening
File:Skechers_6870.jpg,Skechers,https://commons.wikimedia.org/wiki/File:Skechers_6870.jpg,reject,store / person / car / not footwear,excluded,rejected at screening
File:Skechers_9027.jpg,Skechers,https://commons.wikimedia.org/wiki/File:Skechers_9027.jpg,reject,store / person / car / not footwear,excluded,rejected at screening
File:Skechers_Energy_2_-_Cruise_Control.jpg,Skechers,https://commons.wikimedia.org/wiki/File:Skechers_Energy_2_-_Cruise_Control.jpg,keep,black/grey Skechers D'Lites in shoebox,included,
"File:Skechers_in_Market_Market,_BGC.jpg",Skechers,"https://commons.wikimedia.org/wiki/File:Skechers_in_Market_Market,_BGC.jpg",reject,store / person / car / not footwear,excluded,rejected at screening
File:Skechers_Kingsway_Mall_2021.jpg,Skechers,https://commons.wikimedia.org/wiki/File:Skechers_Kingsway_Mall_2021.jpg,reject,store / person / car / not footwear,excluded,rejected at screening
File:Skechers_sandals_20181206.jpg,Skechers,https://commons.wikimedia.org/wiki/File:Skechers_sandals_20181206.jpg,reject,sandal brand not identifiable,excluded,rejected at screening
"File:Skechers,_Powell_St._1.JPG",Skechers,"https://commons.wikimedia.org/wiki/File:Skechers,_Powell_St._1.JPG",reject,store / person / car / not footwear,excluded,rejected at screening
"File:Skechers,_Powell_St._2.JPG",Skechers,"https://commons.wikimedia.org/wiki/File:Skechers,_Powell_St._2.JPG",reject,store / person / car / not footwear,excluded,rejected at screening
File:Times_Sq_Apr_2017_28.jpg,Skechers,https://commons.wikimedia.org/wiki/File:Times_Sq_Apr_2017_28.jpg,reject,store / person / car / not footwear,excluded,rejected at screening
File:Times_Square_sub_2.jpg,Skechers,https://commons.wikimedia.org/wiki/File:Times_Square_sub_2.jpg,reject,store / person / car / not footwear,excluded,rejected at screening
File:12-08_Wacken_Impression_013.JPG,Dr. Martens,https://commons.wikimedia.org/wiki/File:12-08_Wacken_Impression_013.JPG,keep,"Dr. Martens boots caked in festival mud, worn",included,
File:Botas_skinhead.jpg,Dr. Martens,https://commons.wikimedia.org/wiki/File:Botas_skinhead.jpg,keep,"black 1460 with yellow laces, pink-lit room",included,
File:Brown_Dr._Martens_leather_boots_from_2007.jpeg,Dr. Martens,https://commons.wikimedia.org/wiki/File:Brown_Dr._Martens_leather_boots_from_2007.jpeg,keep,cherry-red 1460 boots on patterned armchair,included,
File:Cantautora.jpg,Dr. Martens,https://commons.wikimedia.org/wiki/File:Cantautora.jpg,reject,"sole/label macro, cut-out background, or person-centric",excluded,rejected at screening
File:DM_bottom_new.jpg,Dr. Martens,https://commons.wikimedia.org/wiki/File:DM_bottom_new.jpg,reject,"sole/label macro, cut-out background, or person-centric",excluded,rejected at screening
File:DM_bottom_old.jpg,Dr. Martens,https://commons.wikimedia.org/wiki/File:DM_bottom_old.jpg,reject,"sole/label macro, cut-out background, or person-centric",excluded,rejected at screening
File:DM_inside_new.jpg,Dr. Martens,https://commons.wikimedia.org/wiki/File:DM_inside_new.jpg,reject,"sole/label macro, cut-out background, or person-centric",excluded,rejected at screening
File:DM_inside_old.jpg,Dr. Martens,https://commons.wikimedia.org/wiki/File:DM_inside_old.jpg,reject,"sole/label macro, cut-out background, or person-centric",excluded,rejected at screening
File:DM_stitching.jpg,Dr. Martens,https://commons.wikimedia.org/wiki/File:DM_stitching.jpg,reject,"sole/label macro, cut-out background, or person-centric",excluded,rejected at screening
"File:DMs_shoe_sole_(Dr._Maertens,_Germany,_1960).jpeg",Dr. Martens,"https://commons.wikimedia.org/wiki/File:DMs_shoe_sole_(Dr._Maertens,_Germany,_1960).jpeg",reject,"sole/label macro, cut-out background, or person-centric",excluded,rejected at screening
"File:DMs_shoe_sole_(Dr._Maertens,_Germany,_1960s).jpeg",Dr. Martens,"https://commons.wikimedia.org/wiki/File:DMs_shoe_sole_(Dr._Maertens,_Germany,_1960s).jpeg",reject,"sole/label macro, cut-out background, or person-centric",excluded,rejected at screening
File:DMs_shoe_sole_(Dr._Martens_canvas_boots).jpeg,Dr. Martens,https://commons.wikimedia.org/wiki/File:DMs_shoe_sole_(Dr._Martens_canvas_boots).jpeg,reject,"sole/label macro, cut-out background, or person-centric",excluded,rejected at screening
"File:DMs_shoe_sole_(Dr._Martens,_2007).jpeg",Dr. Martens,"https://commons.wikimedia.org/wiki/File:DMs_shoe_sole_(Dr._Martens,_2007).jpeg",reject,"sole/label macro, cut-out background, or person-centric",excluded,rejected at screening
"File:DMs_shoe_sole_(Dr._Martens,_England,_1990).jpeg",Dr. Martens,"https://commons.wikimedia.org/wiki/File:DMs_shoe_sole_(Dr._Martens,_England,_1990).jpeg",reject,"sole/label macro, cut-out background, or person-centric",excluded,rejected at screening
File:DMs_shoe_sole.jpeg,Dr. Martens,https://commons.wikimedia.org/wiki/File:DMs_shoe_sole.jpeg,reject,"sole/label macro, cut-out background, or person-centric",excluded,rejected at screening
File:Doc_Marten_Mary_Jane_shoes.jpg,Dr. Martens,https://commons.wikimedia.org/wiki/File:Doc_Marten_Mary_Jane_shoes.jpg,keep,"black Dr. Martens Mary Jane on sofa, dim",included,
File:Doc_Martens_Boots_-_Coralie_-_from_2013.jpeg,Dr. Martens,https://commons.wikimedia.org/wiki/File:Doc_Martens_Boots_-_Coralie_-_from_2013.jpeg,reject,"sole/label macro, cut-out background, or person-centric",excluded,rejected at screening
File:Doc_Martens_Boots_from_2017.jpeg,Dr. Martens,https://commons.wikimedia.org/wiki/File:Doc_Martens_Boots_from_2017.jpeg,reject,"sole/label macro, cut-out background, or person-centric",excluded,rejected at screening
File:Doc_Martens_boots_from_the_1960s.jpeg,Dr. Martens,https://commons.wikimedia.org/wiki/File:Doc_Martens_boots_from_the_1960s.jpeg,reject,"sole/label macro, cut-out background, or person-centric",excluded,rejected at screening
File:Doc_Martens_canvas_boots_-_Phoebe.jpeg,Dr. Martens,https://commons.wikimedia.org/wiki/File:Doc_Martens_canvas_boots_-_Phoebe.jpeg,reject,"sole/label macro, cut-out background, or person-centric",excluded,rejected at screening
File:Doc_Martens_Navy.jpg,Dr. Martens,https://commons.wikimedia.org/wiki/File:Doc_Martens_Navy.jpg,keep,navy 1460 boots on wooden floor,included,
File:Doc_Martens_patent_leather_shoes_from_2026.jpeg,Dr. Martens,https://commons.wikimedia.org/wiki/File:Doc_Martens_patent_leather_shoes_from_2026.jpeg,reject,"sole/label macro, cut-out background, or person-centric",excluded,rejected at screening
File:Doc_Martens_shoes_from_the_1990s._Made_in_England.jpeg,Dr. Martens,https://commons.wikimedia.org/wiki/File:Doc_Martens_shoes_from_the_1990s._Made_in_England.jpeg,reject,"sole/label macro, cut-out background, or person-centric",excluded,rejected at screening
File:Doc_Martens_Street_art_in_Shoreditch_London..._(23426812493).jpg,Dr. Martens,https://commons.wikimedia.org/wiki/File:Doc_Martens_Street_art_in_Shoreditch_London..._(23426812493).jpg,reject,"sole/label macro, cut-out background, or person-centric",excluded,rejected at screening
File:DocMartens.jpg,Dr. Martens,https://commons.wikimedia.org/wiki/File:DocMartens.jpg,reject,"sole/label macro, cut-out background, or person-centric",excluded,rejected at screening
File:DocMartensHalbschuhe.jpg,Dr. Martens,https://commons.wikimedia.org/wiki/File:DocMartensHalbschuhe.jpg,reject,kept 815/833 instead (diversity cap),excluded,rejected at screening
File:Doctors_1460_Black_Worn.jpg,Dr. Martens,https://commons.wikimedia.org/wiki/File:Doctors_1460_Black_Worn.jpg,reject,"sole/label macro, cut-out background, or person-centric",excluded,rejected at screening
File:Doctors_1460_Black_Worn.png,Dr. Martens,https://commons.wikimedia.org/wiki/File:Doctors_1460_Black_Worn.png,reject,"sole/label macro, cut-out background, or person-centric",excluded,rejected at screening
File:Dr_Martens_'How_to_Wear'_campaign_-_8367805560.jpg,Dr. Martens,https://commons.wikimedia.org/wiki/File:Dr_Martens_'How_to_Wear'_campaign_-_8367805560.jpg,reject,"sole/label macro, cut-out background, or person-centric",excluded,rejected at screening
File:Dr_Martens_'How_to_Wear'_campaign_-_8367806196.jpg,Dr. Martens,https://commons.wikimedia.org/wiki/File:Dr_Martens_'How_to_Wear'_campaign_-_8367806196.jpg,reject,"sole/label macro, cut-out background, or person-centric",excluded,rejected at screening
File:Dr_Martens_'How_to_Wear'_campaign.jpg,Dr. Martens,https://commons.wikimedia.org/wiki/File:Dr_Martens_'How_to_Wear'_campaign.jpg,reject,"sole/label macro, retail tag cut-out, near-duplicate, or diversity cap",excluded,rejected at screening
File:Dr_Martens_10_Eyelet_Boots.JPG,Dr. Martens,https://commons.wikimedia.org/wiki/File:Dr_Martens_10_Eyelet_Boots.JPG,reject,"sole/label macro, retail tag cut-out, near-duplicate, or diversity cap",excluded,rejected at screening
File:Dr_martens_boots.jpg,Dr. Martens,https://commons.wikimedia.org/wiki/File:Dr_martens_boots.jpg,keep,"cherry 14-eye boots worn, legs crossed",excluded,per-type cap on out-of-catalogue examples (diversity)
File:Dr_Martens_Delray_shoes.jpg,Dr. Martens,https://commons.wikimedia.org/wiki/File:Dr_Martens_Delray_shoes.jpg,reject,"sole/label macro, retail tag cut-out, near-duplicate, or diversity cap",excluded,rejected at screening
File:Dr_Martens_Eldritch_boots.jpg,Dr. Martens,https://commons.wikimedia.org/wiki/File:Dr_Martens_Eldritch_boots.jpg,reject,"sole/label macro, retail tag cut-out, near-duplicate, or diversity cap",excluded,rejected at screening
File:Dr_Martens_Pride.jpg,Dr. Martens,https://commons.wikimedia.org/wiki/File:Dr_Martens_Pride.jpg,reject,"sole/label macro, retail tag cut-out, near-duplicate, or diversity cap",excluded,rejected at screening
File:Dr_Martens_shoe_.jpg,Dr. Martens,https://commons.wikimedia.org/wiki/File:Dr_Martens_shoe_.jpg,reject,"sole/label macro, retail tag cut-out, near-duplicate, or diversity cap",excluded,rejected at screening
File:Dr_martens_steel_toe_boots.jpg,Dr. Martens,https://commons.wikimedia.org/wiki/File:Dr_martens_steel_toe_boots.jpg,reject,"sole/label macro, retail tag cut-out, near-duplicate, or diversity cap",excluded,rejected at screening
"File:Dr_Martens,_black,_old.jpg",Dr. Martens,"https://commons.wikimedia.org/wiki/File:Dr_Martens,_black,_old.jpg",keep,black 1460 boots on wooden deck,excluded,per-type cap on out-of-catalogue examples (diversity)
File:Dr._Maertens_(later_renamed_Dr._Martens)_shoe_sole_from_the_1960s._Made_in_Germany.jpeg,Dr. Martens,https://commons.wikimedia.org/wiki/File:Dr._Maertens_(later_renamed_Dr._Martens)_shoe_sole_from_the_1960s._Made_in_Germany.jpeg,reject,"sole/label macro, retail tag cut-out, near-duplicate, or diversity cap",excluded,rejected at screening
"File:Dr._Maertens_(later_renamed_Dr._Martens)_shoe_sole,_Germany,_1960s.jpeg",Dr. Martens,"https://commons.wikimedia.org/wiki/File:Dr._Maertens_(later_renamed_Dr._Martens)_shoe_sole,_Germany,_1960s.jpeg",reject,"sole/label macro, retail tag cut-out, near-duplicate, or diversity cap",excluded,rejected at screening
"File:Dr._Martens_(formally_Dr._Maertens)_shoe_sole,_England,_1970s.jpeg",Dr. Martens,"https://commons.wikimedia.org/wiki/File:Dr._Martens_(formally_Dr._Maertens)_shoe_sole,_England,_1970s.jpeg",reject,"sole/label macro, retail tag cut-out, near-duplicate, or diversity cap",excluded,rejected at screening
File:Dr._Martens_(formally_Dr._Maertens)_shoe_sole.jpeg,Dr. Martens,https://commons.wikimedia.org/wiki/File:Dr._Martens_(formally_Dr._Maertens)_shoe_sole.jpeg,reject,"sole/label macro, retail tag cut-out, near-duplicate, or diversity cap",excluded,rejected at screening
File:Dr._Martens_(originally_Dr._Maertens)_sheepskin_boots.jpeg,Dr. Martens,https://commons.wikimedia.org/wiki/File:Dr._Martens_(originally_Dr._Maertens)_sheepskin_boots.jpeg,reject,"sole/label macro, retail tag cut-out, near-duplicate, or diversity cap",excluded,rejected at screening
"File:Dr._Martens_(primarily_in_the_1960s_named_Dr._Maertens)_shoe_sole,_2011.jpeg",Dr. Martens,"https://commons.wikimedia.org/wiki/File:Dr._Martens_(primarily_in_the_1960s_named_Dr._Maertens)_shoe_sole,_2011.jpeg",reject,"sole/label macro, retail tag cut-out, near-duplicate, or diversity cap",excluded,rejected at screening
File:Dr._Martens_-_AirWair_Brand_on_Docs.jpg,Dr. Martens,https://commons.wikimedia.org/wiki/File:Dr._Martens_-_AirWair_Brand_on_Docs.jpg,reject,"sole/label macro, retail tag cut-out, near-duplicate, or diversity cap",excluded,rejected at screening
File:Dr._Martens_001.jpg,Dr. Martens,https://commons.wikimedia.org/wiki/File:Dr._Martens_001.jpg,reject,"sole/label macro, retail tag cut-out, near-duplicate, or diversity cap",excluded,rejected at screening
File:Dr._Martens_002.jpg,Dr. Martens,https://commons.wikimedia.org/wiki/File:Dr._Martens_002.jpg,reject,"sole/label macro, retail tag cut-out, near-duplicate, or diversity cap",excluded,rejected at screening
File:Dr._Martens_004.jpg,Dr. Martens,https://commons.wikimedia.org/wiki/File:Dr._Martens_004.jpg,reject,"sole/label macro, retail tag cut-out, near-duplicate, or diversity cap",excluded,rejected at screening
File:Dr._Martens_007.jpg,Dr. Martens,https://commons.wikimedia.org/wiki/File:Dr._Martens_007.jpg,reject,"sole/label macro, retail tag cut-out, near-duplicate, or diversity cap",excluded,rejected at screening
File:Dr._Martens_009.jpg,Dr. Martens,https://commons.wikimedia.org/wiki/File:Dr._Martens_009.jpg,reject,"sole/label macro, retail tag cut-out, near-duplicate, or diversity cap",excluded,rejected at screening
File:Dr._Martens_010.jpg,Dr. Martens,https://commons.wikimedia.org/wiki/File:Dr._Martens_010.jpg,reject,"sole/label macro, retail tag cut-out, near-duplicate, or diversity cap",excluded,rejected at screening
File:Dr._Martens_1460_01.jpg,Dr. Martens,https://commons.wikimedia.org/wiki/File:Dr._Martens_1460_01.jpg,reject,"sole/label macro, retail tag cut-out, near-duplicate, or diversity cap",excluded,rejected at screening
File:Dr._Martens_1460_02.jpg,Dr. Martens,https://commons.wikimedia.org/wiki/File:Dr._Martens_1460_02.jpg,reject,"sole/label macro, retail tag cut-out, near-duplicate, or diversity cap",excluded,rejected at screening
File:Dr._Martens_1460_03.jpg,Dr. Martens,https://commons.wikimedia.org/wiki/File:Dr._Martens_1460_03.jpg,reject,"sole/label macro, retail tag cut-out, near-duplicate, or diversity cap",excluded,rejected at screening
File:Dr._Martens_1460_04.jpg,Dr. Martens,https://commons.wikimedia.org/wiki/File:Dr._Martens_1460_04.jpg,reject,"sole/label macro, retail tag cut-out, near-duplicate, or diversity cap",excluded,rejected at screening
File:Dr._Martens_1461_&_Levi's_501_(2025-12-18).jpg,Dr. Martens,https://commons.wikimedia.org/wiki/File:Dr._Martens_1461_&_Levi's_501_(2025-12-18).jpg,keep,cherry 1461 worn among autumn leaves,excluded,per-type cap on out-of-catalogue examples (diversity)
File:Dr._Martens_Air_Cuschion_Soles_Brand_2.jpg,Dr. Martens,https://commons.wikimedia.org/wiki/File:Dr._Martens_Air_Cuschion_Soles_Brand_2.jpg,reject,"sole/label macro, retail tag cut-out, near-duplicate, or diversity cap",excluded,rejected at screening
File:Dr._Martens_Air_Cushion_Soles_Brand_1.jpg,Dr. Martens,https://commons.wikimedia.org/wiki/File:Dr._Martens_Air_Cushion_Soles_Brand_1.jpg,reject,"sole/label macro, retail tag cut-out, near-duplicate, or diversity cap",excluded,rejected at screening
File:Dr._Martens_boots_with_a_flower_patern_(ivesabM74).jpg,Dr. Martens,https://commons.wikimedia.org/wiki/File:Dr._Martens_boots_with_a_flower_patern_(ivesabM74).jpg,reject,"sole/label macro, retail tag cut-out, near-duplicate, or diversity cap",excluded,rejected at screening
File:Dr._Martens_boots._Made_in_England.jpeg,Dr. Martens,https://commons.wikimedia.org/wiki/File:Dr._Martens_boots._Made_in_England.jpeg,reject,Dr. Martens diversity cap reached / macro / filtered / person-centric,excluded,rejected at screening
File:Dr._Martens_shoes.jpeg,Dr. Martens,https://commons.wikimedia.org/wiki/File:Dr._Martens_shoes.jpeg,reject,Dr. Martens diversity cap reached / macro / filtered / person-centric,excluded,rejected at screening
File:Dr._Martens_Treviso_2.jpg,Dr. Martens,https://commons.wikimedia.org/wiki/File:Dr._Martens_Treviso_2.jpg,reject,Dr. Martens diversity cap reached / macro / filtered / person-centric,excluded,rejected at screening
File:Dr._Martens_Treviso.jpg,Dr. Martens,https://commons.wikimedia.org/wiki/File:Dr._Martens_Treviso.jpg,reject,Dr. Martens diversity cap reached / macro / filtered / person-centric,excluded,rejected at screening
File:Dr._Martens_Uppers_Triple_Stitching.jpg,Dr. Martens,https://commons.wikimedia.org/wiki/File:Dr._Martens_Uppers_Triple_Stitching.jpg,reject,Dr. Martens diversity cap reached / macro / filtered / person-centric,excluded,rejected at screening
File:Dr._Martens_à_fleurs.JPG,Dr. Martens,https://commons.wikimedia.org/wiki/File:Dr._Martens_à_fleurs.JPG,reject,Dr. Martens diversity cap reached / macro / filtered / person-centric,excluded,rejected at screening
File:Dr._Martens.jpg,Dr. Martens,https://commons.wikimedia.org/wiki/File:Dr._Martens.jpg,reject,Dr. Martens diversity cap reached / macro / filtered / person-centric,excluded,rejected at screening
File:Dr.Marten_side_stamp.JPG,Dr. Martens,https://commons.wikimedia.org/wiki/File:Dr.Marten_side_stamp.JPG,reject,Dr. Martens diversity cap reached / macro / filtered / person-centric,excluded,rejected at screening
File:Flickr_-_Duncan~_-_This_is_England.jpg,Dr. Martens,https://commons.wikimedia.org/wiki/File:Flickr_-_Duncan~_-_This_is_England.jpg,reject,Dr. Martens diversity cap reached / macro / filtered / person-centric,excluded,rejected at screening
File:Green_Dr._Martens_boots_-_Church_Monkey_Buckingham.jpeg,Dr. Martens,https://commons.wikimedia.org/wiki/File:Green_Dr._Martens_boots_-_Church_Monkey_Buckingham.jpeg,reject,Dr. Martens diversity cap reached / macro / filtered / person-centric,excluded,rejected at screening
File:Hand_painted_black_boots.jpg,Dr. Martens,https://commons.wikimedia.org/wiki/File:Hand_painted_black_boots.jpg,reject,Dr. Martens diversity cap reached / macro / filtered / person-centric,excluded,rejected at screening
"File:Homeless_man,_France_2009.jpg",Dr. Martens,"https://commons.wikimedia.org/wiki/File:Homeless_man,_France_2009.jpg",reject,Dr. Martens diversity cap reached / macro / filtered / person-centric,excluded,rejected at screening
File:I_love_my_Docs.JPG,Dr. Martens,https://commons.wikimedia.org/wiki/File:I_love_my_Docs.JPG,reject,Dr. Martens diversity cap reached / macro / filtered / person-centric,excluded,rejected at screening
"File:Jeans_and_Boots,_a_perfect_pair.jpg",Dr. Martens,"https://commons.wikimedia.org/wiki/File:Jeans_and_Boots,_a_perfect_pair.jpg",keep,"navy Dr. Martens boots worn, seated on grass",excluded,per-type cap on out-of-catalogue examples (diversity)
File:Laced_Dr_Martens_Oxblood_Made_in_England_1461_shoes.jpg,Dr. Martens,https://commons.wikimedia.org/wiki/File:Laced_Dr_Martens_Oxblood_Made_in_England_1461_shoes.jpg,reject,Dr. Martens diversity cap reached / macro / filtered / person-centric,excluded,rejected at screening
File:Lacing_work_boots_army_style.jpg,Dr. Martens,https://commons.wikimedia.org/wiki/File:Lacing_work_boots_army_style.jpg,reject,Dr. Martens diversity cap reached / macro / filtered / person-centric,excluded,rejected at screening
File:Ladder_boot_lacing_method.jpg,Dr. Martens,https://commons.wikimedia.org/wiki/File:Ladder_boot_lacing_method.jpg,reject,Dr. Martens diversity cap reached / macro / filtered / person-centric,excluded,rejected at screening
File:Leeds_skinheads_(6778923625).jpg,Dr. Martens,https://commons.wikimedia.org/wiki/File:Leeds_skinheads_(6778923625).jpg,reject,Dr. Martens diversity cap reached / macro / filtered / person-centric,excluded,rejected at screening
File:Martensy01.jpg,Dr. Martens,https://commons.wikimedia.org/wiki/File:Martensy01.jpg,reject,Dr. Martens diversity cap reached / macro / filtered / person-centric,excluded,rejected at screening
File:Pair_of_brown_Dr_Martens_1460_boots_with_the_sole_of_one_boot_showing.jpg,Dr. Martens,https://commons.wikimedia.org/wiki/File:Pair_of_brown_Dr_Martens_1460_boots_with_the_sole_of_one_boot_showing.jpg,reject,Dr. Martens diversity cap reached / macro / filtered / person-centric,excluded,rejected at screening
File:Pair_of_brown_Dr_Martens_1460_boots.jpg,Dr. Martens,https://commons.wikimedia.org/wiki/File:Pair_of_brown_Dr_Martens_1460_boots.jpg,reject,Dr. Martens diversity cap reached / macro / filtered / person-centric,excluded,rejected at screening
"File:Person_holding_controller_on_the_Isle_of_Bute,_Scotland_on_27_September_2009.jpg",Dr. Martens,"https://commons.wikimedia.org/wiki/File:Person_holding_controller_on_the_Isle_of_Bute,_Scotland_on_27_September_2009.jpg",reject,Dr. Martens diversity cap reached / macro / filtered / person-centric,excluded,rejected at screening
File:Pink_Dr._Martens_shoes.jpeg,Dr. Martens,https://commons.wikimedia.org/wiki/File:Pink_Dr._Martens_shoes.jpeg,reject,Dr. Martens diversity cap reached / macro / filtered / person-centric,excluded,rejected at screening
File:Pumarosa_at_Dr_Martens_Camden_(27699724118).jpg,Dr. Martens,https://commons.wikimedia.org/wiki/File:Pumarosa_at_Dr_Martens_Camden_(27699724118).jpg,reject,Dr. Martens diversity cap reached / macro / filtered / person-centric,excluded,rejected at screening
File:Pumarosa_at_Dr_Martens_Camden_(27699727478).jpg,Dr. Martens,https://commons.wikimedia.org/wiki/File:Pumarosa_at_Dr_Martens_Camden_(27699727478).jpg,reject,Dr. Martens diversity cap reached / macro / filtered / person-centric,excluded,rejected at screening
File:Pumarosa_at_Dr_Martens_Camden_(27699729918).jpg,Dr. Martens,https://commons.wikimedia.org/wiki/File:Pumarosa_at_Dr_Martens_Camden_(27699729918).jpg,reject,Dr. Martens diversity cap reached / macro / filtered / person-centric,excluded,rejected at screening
File:Pumarosa_at_Dr_Martens_Camden_(40676653445).jpg,Dr. Martens,https://commons.wikimedia.org/wiki/File:Pumarosa_at_Dr_Martens_Camden_(40676653445).jpg,reject,Dr. Martens diversity cap reached / macro / filtered / person-centric,excluded,rejected at screening
File:Pumarosa_at_Dr_Martens_Camden_(41528395682).jpg,Dr. Martens,https://commons.wikimedia.org/wiki/File:Pumarosa_at_Dr_Martens_Camden_(41528395682).jpg,reject,Dr. Martens diversity cap reached / macro / filtered / person-centric,excluded,rejected at screening
"File:Punk_-_Camden_Town,_UK,_August_2011.jpg",Dr. Martens,"https://commons.wikimedia.org/wiki/File:Punk_-_Camden_Town,_UK,_August_2011.jpg",reject,Dr. Martens diversity cap reached / macro / filtered / person-centric,excluded,rejected at screening
"File:School_strike_for_climate_in_Vienna,_Austria_-_March_15_2019_-_35.jpg",Dr. Martens,"https://commons.wikimedia.org/wiki/File:School_strike_for_climate_in_Vienna,_Austria_-_March_15_2019_-_35.jpg",reject,Dr. Martens diversity cap reached / macro / filtered / person-centric,excluded,rejected at screening
File:Unlaced_Dr_Martens_Oxblood_Made_in_England_1461_shoes.jpg,Dr. Martens,https://commons.wikimedia.org/wiki/File:Unlaced_Dr_Martens_Oxblood_Made_in_England_1461_shoes.jpg,reject,Dr. Martens cap,excluded,rejected at screening
File:Window_Docs_(70952827).jpeg,Dr. Martens,https://commons.wikimedia.org/wiki/File:Window_Docs_(70952827).jpeg,reject,retail display / person-centric / macro,excluded,rejected at screening
File:Women's_March_Chicago_(32341669851).jpg,Dr. Martens,https://commons.wikimedia.org/wiki/File:Women's_March_Chicago_(32341669851).jpg,reject,retail display / person-centric / macro,excluded,rejected at screening
File:2paar_Vans.JPG,Vans shoes,https://commons.wikimedia.org/wiki/File:2paar_Vans.JPG,keep,"Vans slip-ons, two people POV on grass",included,
File:A_pair_of_Vans_shoes.JPG,Vans shoes,https://commons.wikimedia.org/wiki/File:A_pair_of_Vans_shoes.JPG,reject,retail display / person-centric / macro,excluded,rejected at screening
File:A_Vans_Sneaker_On_The_Side.jpg,Vans shoes,https://commons.wikimedia.org/wiki/File:A_Vans_Sneaker_On_The_Side.jpg,keep,checkerboard Vans Old Skool on stone ledge,included,
File:Customized_Vans_for_baseball_by_pitcher_Michael_Lorenzen_(52803412583)_(cropped).jpg,Vans shoes,https://commons.wikimedia.org/wiki/File:Customized_Vans_for_baseball_by_pitcher_Michael_Lorenzen_(52803412583)_(cropped).jpg,keep,navy Vans Old Skool worn on baseball dirt,included,
File:Detalles_de_zapatos_vans.JPG,Vans shoes,https://commons.wikimedia.org/wiki/File:Detalles_de_zapatos_vans.JPG,reject,leopard custom,excluded,rejected at screening
File:En_detalle_zapatos_vans.JPG,Vans shoes,https://commons.wikimedia.org/wiki/File:En_detalle_zapatos_vans.JPG,reject,leopard custom,excluded,rejected at screening
File:Fashion-beach-relaxing-shoes_(23699089333).jpg,Vans shoes,https://commons.wikimedia.org/wiki/File:Fashion-beach-relaxing-shoes_(23699089333).jpg,keep,brown Vans on sand by rock,included,
File:Hoangpipo.jpg,Vans shoes,https://commons.wikimedia.org/wiki/File:Hoangpipo.jpg,reject,retail display / person-centric / macro,excluded,rejected at screening
File:Kicks_by_Badwood.jpg,Vans shoes,https://commons.wikimedia.org/wiki/File:Kicks_by_Badwood.jpg,reject,hand-drawn custom,excluded,rejected at screening
File:Older_Pink_Vans.JPG,Vans shoes,https://commons.wikimedia.org/wiki/File:Older_Pink_Vans.JPG,reject,retail display / person-centric / macro,excluded,rejected at screening
File:Paire_de_Vans_Knu_Skool_Caldrone.jpg,Vans shoes,https://commons.wikimedia.org/wiki/File:Paire_de_Vans_Knu_Skool_Caldrone.jpg,keep,navy Vans on wooden floor,included,
File:Playeros_Vans.jpeg,Vans shoes,https://commons.wikimedia.org/wiki/File:Playeros_Vans.jpeg,reject,retail display / person-centric / macro,excluded,rejected at screening
File:SAKURAKO_-_VANS_OFF_THE_WALL._(25658261121).jpg,Vans shoes,https://commons.wikimedia.org/wiki/File:SAKURAKO_-_VANS_OFF_THE_WALL._(25658261121).jpg,keep,grey Vans Sk8-Hi with red laces on wood,excluded,per-type cap on out-of-catalogue examples (diversity)
File:SAKURAKO_-_VANS_OFF_THE_WALL._(26731205950).jpg,Vans shoes,https://commons.wikimedia.org/wiki/File:SAKURAKO_-_VANS_OFF_THE_WALL._(26731205950).jpg,keep,red Vans worn among twigs and grass,excluded,per-type cap on out-of-catalogue examples (diversity)
File:Sdcc_day_2-10_(28705632085).jpg,Vans shoes,https://commons.wikimedia.org/wiki/File:Sdcc_day_2-10_(28705632085).jpg,reject,retail display / person-centric / macro,excluded,rejected at screening
File:Sdcc_day_2-4_(28705633615).jpg,Vans shoes,https://commons.wikimedia.org/wiki/File:Sdcc_day_2-4_(28705633615).jpg,reject,retail display / person-centric / macro,excluded,rejected at screening
File:Sdcc_day_2-6_(28705633225).jpg,Vans shoes,https://commons.wikimedia.org/wiki/File:Sdcc_day_2-6_(28705633225).jpg,reject,retail display / person-centric / macro,excluded,rejected at screening
File:Sdcc_day_2-8_(28705632555).jpg,Vans shoes,https://commons.wikimedia.org/wiki/File:Sdcc_day_2-8_(28705632555).jpg,reject,retail display / person-centric / macro,excluded,rejected at screening
File:Shoe_-_brand_VANS._01.jpg,Vans shoes,https://commons.wikimedia.org/wiki/File:Shoe_-_brand_VANS._01.jpg,reject,retail display / person-centric / macro,excluded,rejected at screening
File:Shoe_-_brand_VANS._02.jpg,Vans shoes,https://commons.wikimedia.org/wiki/File:Shoe_-_brand_VANS._02.jpg,reject,same session as 908,excluded,rejected at screening
File:Shoe_-_brand_VANS._03.jpg,Vans shoes,https://commons.wikimedia.org/wiki/File:Shoe_-_brand_VANS._03.jpg,keep,"black Vans close-up, dim shelf",excluded,per-type cap on out-of-catalogue examples (diversity)
File:Shoe_-_brand_VANS._04.jpg,Vans shoes,https://commons.wikimedia.org/wiki/File:Shoe_-_brand_VANS._04.jpg,reject,same session as 908,excluded,rejected at screening
File:Shoe_-_brand_VANS._05.jpg,Vans shoes,https://commons.wikimedia.org/wiki/File:Shoe_-_brand_VANS._05.jpg,reject,same session as 908,excluded,rejected at screening
File:Shoe_-_brand_VANS._06.jpg,Vans shoes,https://commons.wikimedia.org/wiki/File:Shoe_-_brand_VANS._06.jpg,reject,sole only,excluded,rejected at screening
File:Shoe_-_brand_VANS._07.jpg,Vans shoes,https://commons.wikimedia.org/wiki/File:Shoe_-_brand_VANS._07.jpg,reject,sole only,excluded,rejected at screening
File:Shoe_-_brand_VANS._08.jpg,Vans shoes,https://commons.wikimedia.org/wiki/File:Shoe_-_brand_VANS._08.jpg,reject,sole only,excluded,rejected at screening
File:Shoe_-_brand_VANS._09.jpg,Vans shoes,https://commons.wikimedia.org/wiki/File:Shoe_-_brand_VANS._09.jpg,reject,label macro,excluded,rejected at screening
File:Shoe_Reference_-15_(51562165171).jpg,Vans shoes,https://commons.wikimedia.org/wiki/File:Shoe_Reference_-15_(51562165171).jpg,reject,Vans diversity cap / label macro / custom / person-centric,excluded,rejected at screening
File:Shoe_Reference_-16_(51561377627).jpg,Vans shoes,https://commons.wikimedia.org/wiki/File:Shoe_Reference_-16_(51561377627).jpg,reject,Vans diversity cap / label macro / custom / person-centric,excluded,rejected at screening
File:Shoe_Reference_-22_(51825668233).jpg,Vans shoes,https://commons.wikimedia.org/wiki/File:Shoe_Reference_-22_(51825668233).jpg,reject,Vans diversity cap / label macro / custom / person-centric,excluded,rejected at screening
File:Shoe_Reference_-41_(51996022636).jpg,Vans shoes,https://commons.wikimedia.org/wiki/File:Shoe_Reference_-41_(51996022636).jpg,reject,Vans diversity cap / label macro / custom / person-centric,excluded,rejected at screening
File:Shoe_Reference_-43_(51995014422).jpg,Vans shoes,https://commons.wikimedia.org/wiki/File:Shoe_Reference_-43_(51995014422).jpg,keep,tan Vans Authentic worn on gravel,excluded,per-type cap on out-of-catalogue examples (diversity)
File:Shoe_Reference_-63_(51996078158).jpg,Vans shoes,https://commons.wikimedia.org/wiki/File:Shoe_Reference_-63_(51996078158).jpg,reject,Vans diversity cap / label macro / custom / person-centric,excluded,rejected at screening
File:Vans_classic.jpg,Vans shoes,https://commons.wikimedia.org/wiki/File:Vans_classic.jpg,reject,Vans diversity cap / label macro / custom / person-centric,excluded,rejected at screening
File:Vans_Nofilter_(68869243).jpeg,Vans shoes,https://commons.wikimedia.org/wiki/File:Vans_Nofilter_(68869243).jpeg,keep,black Vans on rock beside stream,excluded,per-type cap on out-of-catalogue examples (diversity)
File:Vans_Old_School.jpg,Vans shoes,https://commons.wikimedia.org/wiki/File:Vans_Old_School.jpg,reject,studio product shot,excluded,rejected at screening
File:Vans_plimsolls.JPG,Vans shoes,https://commons.wikimedia.org/wiki/File:Vans_plimsolls.JPG,reject,Vans diversity cap / label macro / custom / person-centric,excluded,rejected at screening
File:VANS_shoe_01.jpg,Vans shoes,https://commons.wikimedia.org/wiki/File:VANS_shoe_01.jpg,reject,dim studio-like,excluded,rejected at screening
File:VANS_shoe_02.jpg,Vans shoes,https://commons.wikimedia.org/wiki/File:VANS_shoe_02.jpg,reject,Vans diversity cap / label macro / custom / person-centric,excluded,rejected at screening
File:VANS_shoe_03.jpg,Vans shoes,https://commons.wikimedia.org/wiki/File:VANS_shoe_03.jpg,reject,Vans diversity cap / label macro / custom / person-centric,excluded,rejected at screening
File:VANS_shoe_04.jpg,Vans shoes,https://commons.wikimedia.org/wiki/File:VANS_shoe_04.jpg,reject,Vans diversity cap / label macro / custom / person-centric,excluded,rejected at screening
File:VANS_shoe_05.jpg,Vans shoes,https://commons.wikimedia.org/wiki/File:VANS_shoe_05.jpg,reject,Vans diversity cap / label macro / custom / person-centric,excluded,rejected at screening
File:VANS_shoe_06.jpg,Vans shoes,https://commons.wikimedia.org/wiki/File:VANS_shoe_06.jpg,reject,Vans diversity cap / label macro / custom / person-centric,excluded,rejected at screening
File:VANS_shoe_07.jpg,Vans shoes,https://commons.wikimedia.org/wiki/File:VANS_shoe_07.jpg,reject,Vans diversity cap / label macro / custom / person-centric,excluded,rejected at screening
File:VANS_shoe_08.jpg,Vans shoes,https://commons.wikimedia.org/wiki/File:VANS_shoe_08.jpg,reject,Vans diversity cap / label macro / custom / person-centric,excluded,rejected at screening
File:Vans_Shoe.jpg,Vans shoes,https://commons.wikimedia.org/wiki/File:Vans_Shoe.jpg,reject,flame print custom,excluded,rejected at screening
File:Vans_shoes_talgraf777.jpg,Vans shoes,https://commons.wikimedia.org/wiki/File:Vans_shoes_talgraf777.jpg,reject,Vans diversity cap / label macro / custom / person-centric,excluded,rejected at screening
File:Vans_sneakers_and_socks.jpg,Vans shoes,https://commons.wikimedia.org/wiki/File:Vans_sneakers_and_socks.jpg,reject,Vans diversity cap / label macro / custom / person-centric,excluded,rejected at screening
File:Vans_symbol.JPG,Vans shoes,https://commons.wikimedia.org/wiki/File:Vans_symbol.JPG,reject,Vans diversity cap / label macro / custom / person-centric,excluded,rejected at screening
File:Vans_womans_shoe.JPG,Vans shoes,https://commons.wikimedia.org/wiki/File:Vans_womans_shoe.JPG,reject,Vans diversity cap / label macro / custom / person-centric,excluded,rejected at screening
File:Vans.jpg,Vans shoes,https://commons.wikimedia.org/wiki/File:Vans.jpg,keep,"checkerboard Vans slip-on POV, marble floor",excluded,per-type cap on out-of-catalogue examples (diversity)
File:Wikimania_2024_-_Day_3_-_Wikimedia_&_GenAI_-_NC_16.jpg,Vans shoes,https://commons.wikimedia.org/wiki/File:Wikimania_2024_-_Day_3_-_Wikimedia_&_GenAI_-_NC_16.jpg,reject,Vans diversity cap / label macro / custom / person-centric,excluded,rejected at screening
File:Zapataos_vans_torta.JPG,Vans shoes,https://commons.wikimedia.org/wiki/File:Zapataos_vans_torta.JPG,reject,Vans diversity cap / label macro / custom / person-centric,excluded,rejected at screening
File:Zapatilla_vans.jpg,Vans shoes,https://commons.wikimedia.org/wiki/File:Zapatilla_vans.jpg,reject,Vans diversity cap / label macro / custom / person-centric,excluded,rejected at screening
File:Zapatos_vans.JPG,Vans shoes,https://commons.wikimedia.org/wiki/File:Zapatos_vans.JPG,reject,Vans diversity cap / label macro / custom / person-centric,excluded,rejected at screening
File:Vans_Authentic_schwarz.jpg,Vans Authentic,https://commons.wikimedia.org/wiki/File:Vans_Authentic_schwarz.jpg,reject,Vans diversity cap / label macro / custom / person-centric,excluded,rejected at screening
File:Vans_Authentic.jpg,Vans Authentic,https://commons.wikimedia.org/wiki/File:Vans_Authentic.jpg,keep,"black Vans Authentic worn, low-angle outdoor",excluded,per-type cap on out-of-catalogue examples (diversity)
File:Vans_shoes.JPG,Vans Authentic,https://commons.wikimedia.org/wiki/File:Vans_shoes.JPG,reject,Vans cap,excluded,rejected at screening
File:Skating_in_Sesimbra.jpg,Vans skateboarding shoes,https://commons.wikimedia.org/wiki/File:Skating_in_Sesimbra.jpg,reject,event / person-centric / advert / store,excluded,rejected at screening
File:Asics_Stripe.jpg,Onitsuka Tiger,https://commons.wikimedia.org/wiki/File:Asics_Stripe.jpg,reject,drawing,excluded,rejected at screening
File:ASICS.Onitsuka_Tiger.Mexico_66.White.Blue.Red.JPG,Onitsuka Tiger,https://commons.wikimedia.org/wiki/File:ASICS.Onitsuka_Tiger.Mexico_66.White.Blue.Red.JPG,keep,white/blue Onitsuka Mexico 66 on wooden table with box,included,
File:ASICS.Onitsuka_Tiger.Mexico_Mid_Runner.White.JPG,Onitsuka Tiger,https://commons.wikimedia.org/wiki/File:ASICS.Onitsuka_Tiger.Mexico_Mid_Runner.White.JPG,reject,event / person-centric / advert / store,excluded,rejected at screening
File:Corsair_Cortez.jpg,Onitsuka Tiger,https://commons.wikimedia.org/wiki/File:Corsair_Cortez.jpg,keep,white/red Onitsuka Tiger Corsair on tree stump,included,
File:Jiichiro_Date_1976.jpg,Onitsuka Tiger,https://commons.wikimedia.org/wiki/File:Jiichiro_Date_1976.jpg,reject,event / person-centric / advert / store,excluded,rejected at screening
"File:Mansour_Barzegar,_Jiichiro_Date,_Stanley_Dziedzic_1976.jpg",Onitsuka Tiger,"https://commons.wikimedia.org/wiki/File:Mansour_Barzegar,_Jiichiro_Date,_Stanley_Dziedzic_1976.jpg",reject,event / person-centric / advert / store,excluded,rejected at screening
File:Onitsuka_and_Tabio_MEN_(19020191439).jpg,Onitsuka Tiger,https://commons.wikimedia.org/wiki/File:Onitsuka_and_Tabio_MEN_(19020191439).jpg,reject,event / person-centric / advert / store,excluded,rejected at screening
File:Onitsuka_Corsair.jpg,Onitsuka Tiger,https://commons.wikimedia.org/wiki/File:Onitsuka_Corsair.jpg,keep,white/red Onitsuka Tiger on wooden floor,included,
File:Onitsuka_Tiger_DELEGATION_EX.jpg,Onitsuka Tiger,https://commons.wikimedia.org/wiki/File:Onitsuka_Tiger_DELEGATION_EX.jpg,reject,event / person-centric / advert / store,excluded,rejected at screening
File:Tokidoki_Asics_Onitsuka_Tiger_Lunetta_Flats_Size_7.5_(5194045738).jpg,Onitsuka Tiger,https://commons.wikimedia.org/wiki/File:Tokidoki_Asics_Onitsuka_Tiger_Lunetta_Flats_Size_7.5_(5194045738).jpg,reject,event / person-centric / advert / store,excluded,rejected at screening
File:Tokidoki_x_Onitsuka_Tiger_shoes_@_Eilatan_(5173542014).jpg,Onitsuka Tiger,https://commons.wikimedia.org/wiki/File:Tokidoki_x_Onitsuka_Tiger_shoes_@_Eilatan_(5173542014).jpg,reject,event / person-centric / advert / store,excluded,rejected at screening
File:Walk_in_Icho_Namiki_(6431837457).jpg,Onitsuka Tiger,https://commons.wikimedia.org/wiki/File:Walk_in_Icho_Namiki_(6431837457).jpg,keep,silver Onitsuka Tiger worn walking on asphalt,included,
File:還暦祝い_(5328886879).jpg,Onitsuka Tiger,https://commons.wikimedia.org/wiki/File:還暦祝い_(5328886879).jpg,reject,event / person-centric / advert / store,excluded,rejected at screening
File:ASICS.Onitsuka_Tiger.Mexico_66._Yellow.jpg,Onitsuka Tiger (black and yellow),https://commons.wikimedia.org/wiki/File:ASICS.Onitsuka_Tiger.Mexico_66._Yellow.jpg,keep,yellow/black Onitsuka Mexico 66 on blanket,included,
"File:BiSH_November_29,_2019_(49979199723).jpg",Onitsuka Tiger (black and yellow),"https://commons.wikimedia.org/wiki/File:BiSH_November_29,_2019_(49979199723).jpg",reject,event / person-centric / advert / store,excluded,rejected at screening
File:Standing_wave_on_a_slinky.jpg,Onitsuka Tiger (black and yellow),https://commons.wikimedia.org/wiki/File:Standing_wave_on_a_slinky.jpg,reject,event / person-centric / advert / store,excluded,rejected at screening
File:2014_Westminster_Kennel_Club_Dog_Show_(12452166934).jpg,Ugg boots,https://commons.wikimedia.org/wiki/File:2014_Westminster_Kennel_Club_Dog_Show_(12452166934).jpg,reject,event / person-centric / advert / store,excluded,rejected at screening
"File:Berlin,_Mitte,_Monbijouplatz,_Litfassaeule.jpg",Ugg boots,"https://commons.wikimedia.org/wiki/File:Berlin,_Mitte,_Monbijouplatz,_Litfassaeule.jpg",reject,event / person-centric / advert / store,excluded,rejected at screening
File:BoyUggclassicshort.jpg,Ugg boots,https://commons.wikimedia.org/wiki/File:BoyUggclassicshort.jpg,keep,chestnut UGG boots worn by kerb,included,
File:Going_up?_(5538605008).jpg,Ugg boots,https://commons.wikimedia.org/wiki/File:Going_up?_(5538605008).jpg,keep,chestnut UGG boots worn on graffiti escalator,included,
File:Ingolstadt-village4.jpg,Ugg boots,https://commons.wikimedia.org/wiki/File:Ingolstadt-village4.jpg,reject,event / person-centric / advert / store,excluded,rejected at screening
File:London_ugg_taxi_edit_08.03.2013_10-59-21.jpg,Ugg boots,https://commons.wikimedia.org/wiki/File:London_ugg_taxi_edit_08.03.2013_10-59-21.jpg,reject,event / person-centric / advert / store,excluded,rejected at screening
File:Mockastövlar_av_mäket_UGG_med_en_påmålad_dödskalle_år_2009_i_Täby_-_Nordiska_Museet_-_NMA.0057115.jpg,Ugg boots,https://commons.wikimedia.org/wiki/File:Mockastövlar_av_mäket_UGG_med_en_påmålad_dödskalle_år_2009_i_Täby_-_Nordiska_Museet_-_NMA.0057115.jpg,reject,custom skull print,excluded,rejected at screening
File:Popayan_28_(9906522006).jpg,Ugg boots,https://commons.wikimedia.org/wiki/File:Popayan_28_(9906522006).jpg,reject,event / person-centric / advert / store,excluded,rejected at screening
File:Program_Delphi.jpg,Ugg boots,https://commons.wikimedia.org/wiki/File:Program_Delphi.jpg,reject,studio product shot,excluded,rejected at screening
File:SuperUgg.JPG,Ugg boots,https://commons.wikimedia.org/wiki/File:SuperUgg.JPG,keep,chestnut UGG boots on wooden decking,included,
File:Tiny_uggs.jpg,Ugg boots,https://commons.wikimedia.org/wiki/File:Tiny_uggs.jpg,keep,baby UGG booties held in hands,included,
File:Two_brave_girls_-_Polar_Bear_Plunge_2009.jpg,Ugg boots,https://commons.wikimedia.org/wiki/File:Two_brave_girls_-_Polar_Bear_Plunge_2009.jpg,reject,event / person-centric / advert / store,excluded,rejected at screening
File:Ugg_boots_1_2019-11-16.jpg,Ugg boots,https://commons.wikimedia.org/wiki/File:Ugg_boots_1_2019-11-16.jpg,reject,UGG diversity cap / workshop / store / near-duplicate,excluded,rejected at screening
File:Ugg_boots_2_2019-11-16.jpg,Ugg boots,https://commons.wikimedia.org/wiki/File:Ugg_boots_2_2019-11-16.jpg,reject,UGG diversity cap / workshop / store / near-duplicate,excluded,rejected at screening
File:Ugg_boots_3_2019-11-16.jpg,Ugg boots,https://commons.wikimedia.org/wiki/File:Ugg_boots_3_2019-11-16.jpg,reject,UGG diversity cap / workshop / store / near-duplicate,excluded,rejected at screening
File:Ugg_boots_gnangarra_01.JPG,Ugg boots,https://commons.wikimedia.org/wiki/File:Ugg_boots_gnangarra_01.JPG,reject,UGG diversity cap / workshop / store / near-duplicate,excluded,rejected at screening
File:Ugg_boots_gnangarra_02.JPG,Ugg boots,https://commons.wikimedia.org/wiki/File:Ugg_boots_gnangarra_02.JPG,reject,UGG diversity cap / workshop / store / near-duplicate,excluded,rejected at screening
File:Ugg_boots_gnangarra_03.JPG,Ugg boots,https://commons.wikimedia.org/wiki/File:Ugg_boots_gnangarra_03.JPG,reject,UGG diversity cap / workshop / store / near-duplicate,excluded,rejected at screening
File:Ugg_boots_gnangarra_04.JPG,Ugg boots,https://commons.wikimedia.org/wiki/File:Ugg_boots_gnangarra_04.JPG,reject,UGG diversity cap / workshop / store / near-duplicate,excluded,rejected at screening
File:Ugg_boots_gnangarra_05.JPG,Ugg boots,https://commons.wikimedia.org/wiki/File:Ugg_boots_gnangarra_05.JPG,reject,UGG diversity cap / workshop / store / near-duplicate,excluded,rejected at screening
File:Ugg_boots_gnangarra_06.JPG,Ugg boots,https://commons.wikimedia.org/wiki/File:Ugg_boots_gnangarra_06.JPG,reject,UGG diversity cap / workshop / store / near-duplicate,excluded,rejected at screening
File:Ugg_boots_gnangarra_07.JPG,Ugg boots,https://commons.wikimedia.org/wiki/File:Ugg_boots_gnangarra_07.JPG,reject,UGG diversity cap / workshop / store / near-duplicate,excluded,rejected at screening
File:Ugg_boots_gnangarra_08.JPG,Ugg boots,https://commons.wikimedia.org/wiki/File:Ugg_boots_gnangarra_08.JPG,reject,UGG diversity cap / workshop / store / near-duplicate,excluded,rejected at screening
File:Ugg_boots_gnangarra_09.JPG,Ugg boots,https://commons.wikimedia.org/wiki/File:Ugg_boots_gnangarra_09.JPG,reject,UGG diversity cap / workshop / store / near-duplicate,excluded,rejected at screening
File:Ugg_boots_gnangarra_10.JPG,Ugg boots,https://commons.wikimedia.org/wiki/File:Ugg_boots_gnangarra_10.JPG,reject,UGG diversity cap / workshop / store / near-duplicate,excluded,rejected at screening
File:Ugg_boots_gnangarra_11.JPG,Ugg boots,https://commons.wikimedia.org/wiki/File:Ugg_boots_gnangarra_11.JPG,reject,UGG diversity cap / workshop / store / near-duplicate,excluded,rejected at screening
File:Ugg_boots_gnangarra_12.JPG,Ugg boots,https://commons.wikimedia.org/wiki/File:Ugg_boots_gnangarra_12.JPG,reject,UGG diversity cap / workshop / store / near-duplicate,excluded,rejected at screening
File:Ugg_boots.jpg,Ugg boots,https://commons.wikimedia.org/wiki/File:Ugg_boots.jpg,reject,UGG diversity cap / workshop / store / near-duplicate,excluded,rejected at screening
File:UGG_ŠKORNJI.jpg,Ugg boots,https://commons.wikimedia.org/wiki/File:UGG_ŠKORNJI.jpg,reject,UGG diversity cap / workshop / store / near-duplicate,excluded,rejected at screening
File:Ugg1.jpg,Ugg boots,https://commons.wikimedia.org/wiki/File:Ugg1.jpg,keep,tall chestnut UGG boots worn on bark mulch,included,
File:UggBoots_SMC.JPG,Ugg boots,https://commons.wikimedia.org/wiki/File:UggBoots_SMC.JPG,reject,UGG diversity cap / workshop / store / near-duplicate,excluded,rejected at screening
File:Uggs_n_rugs_gnangarra.jpg,Ugg boots,https://commons.wikimedia.org/wiki/File:Uggs_n_rugs_gnangarra.jpg,reject,UGG diversity cap / workshop / store / near-duplicate,excluded,rejected at screening
File:Uggs2.jpg,Ugg boots,https://commons.wikimedia.org/wiki/File:Uggs2.jpg,reject,UGG diversity cap / workshop / store / near-duplicate,excluded,rejected at screening
File:West_Edmonton_Mall_wing_view.jpg,Ugg boots,https://commons.wikimedia.org/wiki/File:West_Edmonton_Mall_wing_view.jpg,reject,UGG diversity cap / workshop / store / near-duplicate,excluded,rejected at screening
File:Woman_in_fur.jpg,Ugg boots,https://commons.wikimedia.org/wiki/File:Woman_in_fur.jpg,reject,UGG diversity cap / workshop / store / near-duplicate,excluded,rejected at screening
"File:AUS_Sydney,_Central_Business_District,_Queen_Victoria_Building_021.jpg",UGG Australia,"https://commons.wikimedia.org/wiki/File:AUS_Sydney,_Central_Business_District,_Queen_Victoria_Building_021.jpg",reject,UGG diversity cap / workshop / store / near-duplicate,excluded,rejected at screening
File:Baileybuttonuggs.jpg,UGG Australia,https://commons.wikimedia.org/wiki/File:Baileybuttonuggs.jpg,reject,UGG diversity cap / workshop / store / near-duplicate,excluded,rejected at screening
File:Baileybuttonuggs2.jpg,UGG Australia,https://commons.wikimedia.org/wiki/File:Baileybuttonuggs2.jpg,reject,UGG diversity cap / workshop / store / near-duplicate,excluded,rejected at screening
File:Beige_Classic_Cardy_Uggs.jpg,UGG Australia,https://commons.wikimedia.org/wiki/File:Beige_Classic_Cardy_Uggs.jpg,reject,UGG diversity cap / workshop / store / near-duplicate,excluded,rejected at screening
File:Black_Ugg_Cardy.jpg,UGG Australia,https://commons.wikimedia.org/wiki/File:Black_Ugg_Cardy.jpg,reject,UGG diversity cap / workshop / store / near-duplicate,excluded,rejected at screening
File:Black_Ugg_soles.jpg,UGG Australia,https://commons.wikimedia.org/wiki/File:Black_Ugg_soles.jpg,reject,UGG diversity cap / workshop / store / near-duplicate,excluded,rejected at screening
File:Black_Uggs.jpg,UGG Australia,https://commons.wikimedia.org/wiki/File:Black_Uggs.jpg,reject,UGG diversity cap / workshop / store / near-duplicate,excluded,rejected at screening
File:Brownuggs.jpg,UGG Australia,https://commons.wikimedia.org/wiki/File:Brownuggs.jpg,keep,black UGG boots on pink bedspread,excluded,per-type cap on out-of-catalogue examples (diversity)
File:Brownuggspic.jpg,UGG Australia,https://commons.wikimedia.org/wiki/File:Brownuggspic.jpg,keep,brown UGG boots worn on pavement,excluded,per-type cap on out-of-catalogue examples (diversity)
File:Classic_uggs_sand.jpg,UGG Australia,https://commons.wikimedia.org/wiki/File:Classic_uggs_sand.jpg,reject,UGG diversity cap / logo / store / not footwear-centric,excluded,rejected at screening
File:Cropped_Uggs_in_CA.jpg,UGG Australia,https://commons.wikimedia.org/wiki/File:Cropped_Uggs_in_CA.jpg,reject,UGG diversity cap / logo / store / not footwear-centric,excluded,rejected at screening
File:Green_uggs.jpg,UGG Australia,https://commons.wikimedia.org/wiki/File:Green_uggs.jpg,reject,UGG diversity cap / logo / store / not footwear-centric,excluded,rejected at screening
File:Haagen-Dazs_and_UGG_at_Suzhou_Center-20220709.jpg,UGG Australia,https://commons.wikimedia.org/wiki/File:Haagen-Dazs_and_UGG_at_Suzhou_Center-20220709.jpg,reject,UGG diversity cap / logo / store / not footwear-centric,excluded,rejected at screening
File:Londonuggs.jpg,UGG Australia,https://commons.wikimedia.org/wiki/File:Londonuggs.jpg,reject,UGG diversity cap / logo / store / not footwear-centric,excluded,rejected at screening
File:Marca_UGG.jpg,UGG Australia,https://commons.wikimedia.org/wiki/File:Marca_UGG.jpg,reject,UGG diversity cap / logo / store / not footwear-centric,excluded,rejected at screening
File:Newugg.jpg,UGG Australia,https://commons.wikimedia.org/wiki/File:Newugg.jpg,reject,UGG diversity cap / logo / store / not footwear-centric,excluded,rejected at screening
File:Pink_Uggs.jpg,UGG Australia,https://commons.wikimedia.org/wiki/File:Pink_Uggs.jpg,keep,"pink UGG boots, indoor",excluded,per-type cap on out-of-catalogue examples (diversity)
File:Purpleuggs.jpg,UGG Australia,https://commons.wikimedia.org/wiki/File:Purpleuggs.jpg,reject,UGG diversity cap / logo / store / not footwear-centric,excluded,rejected at screening
File:Red_Uggs.jpg,UGG Australia,https://commons.wikimedia.org/wiki/File:Red_Uggs.jpg,reject,UGG diversity cap / logo / store / not footwear-centric,excluded,rejected at screening
"File:Space_Invader,_24-26_rue_Vieille-du-Temple,_Paris_29_November_2014.jpg",UGG Australia,"https://commons.wikimedia.org/wiki/File:Space_Invader,_24-26_rue_Vieille-du-Temple,_Paris_29_November_2014.jpg",reject,UGG diversity cap / logo / store / not footwear-centric,excluded,rejected at screening
File:Tall_blue_uggs.jpg,UGG Australia,https://commons.wikimedia.org/wiki/File:Tall_blue_uggs.jpg,reject,UGG diversity cap / logo / store / not footwear-centric,excluded,rejected at screening
File:UGG_Australia_Roslynn_boots.jpg,UGG Australia,https://commons.wikimedia.org/wiki/File:UGG_Australia_Roslynn_boots.jpg,reject,UGG diversity cap / logo / store / not footwear-centric,excluded,rejected at screening
File:Ugg_Bailey_Boots1.JPG,UGG Australia,https://commons.wikimedia.org/wiki/File:Ugg_Bailey_Boots1.JPG,reject,UGG diversity cap / logo / store / not footwear-centric,excluded,rejected at screening
File:Ugg_Bailey_Button2.JPG,UGG Australia,https://commons.wikimedia.org/wiki/File:Ugg_Bailey_Button2.JPG,reject,UGG diversity cap / logo / store / not footwear-centric,excluded,rejected at screening
File:Ugg_Kensington.jpg,UGG Australia,https://commons.wikimedia.org/wiki/File:Ugg_Kensington.jpg,reject,UGG diversity cap / logo / store / not footwear-centric,excluded,rejected at screening
File:Ugg_škornji.jpg,UGG Australia,https://commons.wikimedia.org/wiki/File:Ugg_škornji.jpg,reject,UGG diversity cap / logo / store / not footwear-centric,excluded,rejected at screening
File:Ugg2.jpg,UGG Australia,https://commons.wikimedia.org/wiki/File:Ugg2.jpg,reject,UGG diversity cap / logo / store / not footwear-centric,excluded,rejected at screening
File:Uggbootsireland.jpg,UGG Australia,https://commons.wikimedia.org/wiki/File:Uggbootsireland.jpg,reject,UGG diversity cap / logo / store / not footwear-centric,excluded,rejected at screening
File:Uggclassiccardy.jpg,UGG Australia,https://commons.wikimedia.org/wiki/File:Uggclassiccardy.jpg,reject,UGG diversity cap / logo / store / not footwear-centric,excluded,rejected at screening
File:Uggs_Australia_fabrique_en_Chine.jpg,UGG Australia,https://commons.wikimedia.org/wiki/File:Uggs_Australia_fabrique_en_Chine.jpg,reject,UGG diversity cap / logo / store / not footwear-centric,excluded,rejected at screening
File:Uggs.jpg,UGG Australia,https://commons.wikimedia.org/wiki/File:Uggs.jpg,reject,UGG diversity cap / logo / store / not footwear-centric,excluded,rejected at screening
File:Торговельна_марка_«UGG».png,UGG Australia,https://commons.wikimedia.org/wiki/File:Торговельна_марка_«UGG».png,reject,UGG diversity cap / logo / store / not footwear-centric,excluded,rejected at screening
"File:2015-01-19_Elektronikkurs_für_Kinder,_ForscherGeist,_Leibnizschule_Hannover,_Binärballett_(00).JPG",Flip-flops,"https://commons.wikimedia.org/wiki/File:2015-01-19_Elektronikkurs_für_Kinder,_ForscherGeist,_Leibnizschule_Hannover,_Binärballett_(00).JPG",reject,UGG diversity cap / logo / store / not footwear-centric,excluded,rejected at screening
"File:2015-01-19_Elektronikkurs_für_Kinder,_ForscherGeist,_Leibnizschule_Hannover,_Binärballett_(01).JPG",Flip-flops,"https://commons.wikimedia.org/wiki/File:2015-01-19_Elektronikkurs_für_Kinder,_ForscherGeist,_Leibnizschule_Hannover,_Binärballett_(01).JPG",reject,UGG diversity cap / logo / store / not footwear-centric,excluded,rejected at screening
"File:2015-01-19_Elektronikkurs_für_Kinder,_ForscherGeist,_Leibnizschule_Hannover,_Binärballett_(02).JPG",Flip-flops,"https://commons.wikimedia.org/wiki/File:2015-01-19_Elektronikkurs_für_Kinder,_ForscherGeist,_Leibnizschule_Hannover,_Binärballett_(02).JPG",reject,UGG diversity cap / logo / store / not footwear-centric,excluded,rejected at screening
"File:2015-01-19_Elektronikkurs_für_Kinder,_ForscherGeist,_Leibnizschule_Hannover,_Binärballett_(03).JPG",Flip-flops,"https://commons.wikimedia.org/wiki/File:2015-01-19_Elektronikkurs_für_Kinder,_ForscherGeist,_Leibnizschule_Hannover,_Binärballett_(03).JPG",reject,UGG diversity cap / logo / store / not footwear-centric,excluded,rejected at screening
"File:2015-01-19_Elektronikkurs_für_Kinder,_ForscherGeist,_Leibnizschule_Hannover,_Binärballett_(04).JPG",Flip-flops,"https://commons.wikimedia.org/wiki/File:2015-01-19_Elektronikkurs_für_Kinder,_ForscherGeist,_Leibnizschule_Hannover,_Binärballett_(04).JPG",reject,UGG diversity cap / logo / store / not footwear-centric,excluded,rejected at screening
"File:2015-01-19_Elektronikkurs_für_Kinder,_ForscherGeist,_Leibnizschule_Hannover,_Binärballett_(05).JPG",Flip-flops,"https://commons.wikimedia.org/wiki/File:2015-01-19_Elektronikkurs_für_Kinder,_ForscherGeist,_Leibnizschule_Hannover,_Binärballett_(05).JPG",reject,electronic flip-flop circuit (category name collision) / not footwear,excluded,rejected at screening
"File:2015-01-19_Elektronikkurs_für_Kinder,_ForscherGeist,_Leibnizschule_Hannover,_Binärballett_(06).JPG",Flip-flops,"https://commons.wikimedia.org/wiki/File:2015-01-19_Elektronikkurs_für_Kinder,_ForscherGeist,_Leibnizschule_Hannover,_Binärballett_(06).JPG",reject,electronic flip-flop circuit (category name collision) / not footwear,excluded,rejected at screening
"File:2015-01-19_Elektronikkurs_für_Kinder,_ForscherGeist,_Leibnizschule_Hannover,_Binärballett_(07).JPG",Flip-flops,"https://commons.wikimedia.org/wiki/File:2015-01-19_Elektronikkurs_für_Kinder,_ForscherGeist,_Leibnizschule_Hannover,_Binärballett_(07).JPG",reject,electronic flip-flop circuit (category name collision) / not footwear,excluded,rejected at screening
"File:2015-01-19_Elektronikkurs_für_Kinder,_ForscherGeist,_Leibnizschule_Hannover,_Binärballett_(08).JPG",Flip-flops,"https://commons.wikimedia.org/wiki/File:2015-01-19_Elektronikkurs_für_Kinder,_ForscherGeist,_Leibnizschule_Hannover,_Binärballett_(08).JPG",reject,electronic flip-flop circuit (category name collision) / not footwear,excluded,rejected at screening
"File:2015-01-19_Elektronikkurs_für_Kinder,_ForscherGeist,_Leibnizschule_Hannover,_Binärballett_(09).JPG",Flip-flops,"https://commons.wikimedia.org/wiki/File:2015-01-19_Elektronikkurs_für_Kinder,_ForscherGeist,_Leibnizschule_Hannover,_Binärballett_(09).JPG",reject,electronic flip-flop circuit (category name collision) / not footwear,excluded,rejected at screening
"File:2015-01-19_Elektronikkurs_für_Kinder,_ForscherGeist,_Leibnizschule_Hannover,_Binärballett_(10).JPG",Flip-flops,"https://commons.wikimedia.org/wiki/File:2015-01-19_Elektronikkurs_für_Kinder,_ForscherGeist,_Leibnizschule_Hannover,_Binärballett_(10).JPG",reject,electronic flip-flop circuit (category name collision) / not footwear,excluded,rejected at screening
"File:2015-01-19_Elektronikkurs_für_Kinder,_ForscherGeist,_Leibnizschule_Hannover,_Binärballett_(11).JPG",Flip-flops,"https://commons.wikimedia.org/wiki/File:2015-01-19_Elektronikkurs_für_Kinder,_ForscherGeist,_Leibnizschule_Hannover,_Binärballett_(11).JPG",reject,electronic flip-flop circuit (category name collision) / not footwear,excluded,rejected at screening
"File:2015-01-19_Elektronikkurs_für_Kinder,_ForscherGeist,_Leibnizschule_Hannover,_Binärballett_(12).JPG",Flip-flops,"https://commons.wikimedia.org/wiki/File:2015-01-19_Elektronikkurs_für_Kinder,_ForscherGeist,_Leibnizschule_Hannover,_Binärballett_(12).JPG",reject,electronic flip-flop circuit (category name collision) / not footwear,excluded,rejected at screening
"File:2015-01-19_Elektronikkurs_für_Kinder,_ForscherGeist,_Leibnizschule_Hannover,_Binärballett_(13).JPG",Flip-flops,"https://commons.wikimedia.org/wiki/File:2015-01-19_Elektronikkurs_für_Kinder,_ForscherGeist,_Leibnizschule_Hannover,_Binärballett_(13).JPG",reject,electronic flip-flop circuit (category name collision) / not footwear,excluded,rejected at screening
"File:2015-01-19_Elektronikkurs_für_Kinder,_ForscherGeist,_Leibnizschule_Hannover,_Binärballett_(14).JPG",Flip-flops,"https://commons.wikimedia.org/wiki/File:2015-01-19_Elektronikkurs_für_Kinder,_ForscherGeist,_Leibnizschule_Hannover,_Binärballett_(14).JPG",reject,electronic flip-flop circuit (category name collision) / not footwear,excluded,rejected at screening
"File:2015-01-19_Elektronikkurs_für_Kinder,_ForscherGeist,_Leibnizschule_Hannover,_Binärballett_(15).JPG",Flip-flops,"https://commons.wikimedia.org/wiki/File:2015-01-19_Elektronikkurs_für_Kinder,_ForscherGeist,_Leibnizschule_Hannover,_Binärballett_(15).JPG",reject,electronic flip-flop circuit (category name collision) / not footwear,excluded,rejected at screening
File:5bit_trigger_5OR-NOT.JPG,Flip-flops,https://commons.wikimedia.org/wiki/File:5bit_trigger_5OR-NOT.JPG,reject,electronic flip-flop circuit (category name collision) / not footwear,excluded,rejected at screening
File:Bistabil_MECIPT_1.jpg,Flip-flops,https://commons.wikimedia.org/wiki/File:Bistabil_MECIPT_1.jpg,reject,electronic flip-flop circuit (category name collision) / not footwear,excluded,rejected at screening
File:Bascule_-_boucle_de_rétroaction.png,Flip-flops,https://commons.wikimedia.org/wiki/File:Bascule_-_boucle_de_rétroaction.png,reject,electronic flip-flop circuit (category name collision) / not footwear,excluded,rejected at screening
File:Bascule_-_fonctionnement_interne.png,Flip-flops,https://commons.wikimedia.org/wiki/File:Bascule_-_fonctionnement_interne.png,reject,electronic flip-flop circuit (category name collision) / not footwear,excluded,rejected at screening
File:BKO_rele.png,Flip-flops,https://commons.wikimedia.org/wiki/File:BKO_rele.png,reject,electronic flip-flop circuit (category name collision) / not footwear,excluded,rejected at screening
File:D-vippa_preset2.png,Flip-flops,https://commons.wikimedia.org/wiki/File:D-vippa_preset2.png,reject,electronic flip-flop circuit (category name collision) / not footwear,excluded,rejected at screening
File:D-vippa_preset3.png,Flip-flops,https://commons.wikimedia.org/wiki/File:D-vippa_preset3.png,reject,electronic flip-flop circuit (category name collision) / not footwear,excluded,rejected at screening
File:D-vippa.PNG,Flip-flops,https://commons.wikimedia.org/wiki/File:D-vippa.PNG,reject,electronic flip-flop circuit (category name collision) / not footwear,excluded,rejected at screening
File:D-триггер_с_динамическим_тактированием.PNG,Flip-flops,https://commons.wikimedia.org/wiki/File:D-триггер_с_динамическим_тактированием.PNG,reject,electronic flip-flop circuit (category name collision) / not footwear,excluded,rejected at screening
File:D-триггер_с_синхронизацией_по_фронту_(УГО).png,Flip-flops,https://commons.wikimedia.org/wiki/File:D-триггер_с_синхронизацией_по_фронту_(УГО).png,reject,electronic flip-flop circuit (category name collision) / not footwear,excluded,rejected at screening
File:D-триггер_со_статической_синхронизацией_(УГО).png,Flip-flops,https://commons.wikimedia.org/wiki/File:D-триггер_со_статической_синхронизацией_(УГО).png,reject,electronic flip-flop circuit (category name collision) / not footwear,excluded,rejected at screening
File:Dia_wischkontakt_aus.png,Flip-flops,https://commons.wikimedia.org/wiki/File:Dia_wischkontakt_aus.png,reject,electronic flip-flop circuit (category name collision) / not footwear,excluded,rejected at screening
File:Dia_wischkontakt_ein_aus.png,Flip-flops,https://commons.wikimedia.org/wiki/File:Dia_wischkontakt_ein_aus.png,reject,electronic flip-flop circuit (category name collision) / not footwear,excluded,rejected at screening
File:Dia_wischkontakt_ein.png,Flip-flops,https://commons.wikimedia.org/wiki/File:Dia_wischkontakt_ein.png,reject,electronic flip-flop circuit (category name collision) / not footwear,excluded,rejected at screening
File:DtoRS.png,Flip-flops,https://commons.wikimedia.org/wiki/File:DtoRS.png,reject,electronic flip-flop circuit (category name collision) / not footwear,excluded,rejected at screening
File:DtoT.png,Flip-flops,https://commons.wikimedia.org/wiki/File:DtoT.png,reject,electronic flip-flop circuit (category name collision) / not footwear,excluded,rejected at screening
File:Dtrig(2xDtrig).jpg,Flip-flops,https://commons.wikimedia.org/wiki/File:Dtrig(2xDtrig).jpg,reject,electronic flip-flop circuit (category name collision) / not footwear,excluded,rejected at screening
File:Dtrig(RStrig(2x2ORNOT)+2x2AND)p.jpg,Flip-flops,https://commons.wikimedia.org/wiki/File:Dtrig(RStrig(2x2ORNOT)+2x2AND)p.jpg,reject,electronic flip-flop circuit (category name collision) / not footwear,excluded,rejected at screening
File:Dtrig(RStrig(2x2ORNOT)+2x2AND+NOT).jpg,Flip-flops,https://commons.wikimedia.org/wiki/File:Dtrig(RStrig(2x2ORNOT)+2x2AND+NOT).jpg,reject,electronic flip-flop circuit (category name collision) / not footwear,excluded,rejected at screening
File:Dwuhbitnyi_trigger.jpg,Flip-flops,https://commons.wikimedia.org/wiki/File:Dwuhbitnyi_trigger.jpg,reject,electronic flip-flop circuit (category name collision) / not footwear,excluded,rejected at screening
File:Eccles-Jordan_trigger_circuit_flip-flip_drawings.png,Flip-flops,https://commons.wikimedia.org/wiki/File:Eccles-Jordan_trigger_circuit_flip-flip_drawings.png,reject,electronic flip-flop circuit (category name collision) / not footwear,excluded,rejected at screening
File:Es1_Sistemi04.JPG,Flip-flops,https://commons.wikimedia.org/wiki/File:Es1_Sistemi04.JPG,reject,electronic flip-flop circuit (category name collision) / not footwear,excluded,rejected at screening
File:Flip_flop_circuit.png,Flip-flops,https://commons.wikimedia.org/wiki/File:Flip_flop_circuit.png,reject,electronic flip-flop circuit (category name collision) / not footwear,excluded,rejected at screening
File:Flip-flop_anti-rebound_system_circuit.png,Flip-flops,https://commons.wikimedia.org/wiki/File:Flip-flop_anti-rebound_system_circuit.png,reject,electronic flip-flop circuit (category name collision) / not footwear,excluded,rejected at screening
File:Flipflop_by_trexer_mit_diode.png,Flip-flops,https://commons.wikimedia.org/wiki/File:Flipflop_by_trexer_mit_diode.png,reject,electronic flip-flop circuit (category name collision) / not footwear,excluded,rejected at screening
File:Flipflop_by_trexer.png,Flip-flops,https://commons.wikimedia.org/wiki/File:Flipflop_by_trexer.png,reject,electronic flip-flop circuit (category name collision) / not footwear,excluded,rejected at screening
File:Flipflop_schaltzeichen.png,Flip-flops,https://commons.wikimedia.org/wiki/File:Flipflop_schaltzeichen.png,reject,electronic flip-flop circuit (category name collision) / not footwear,excluded,rejected at screening
File:FlipFlops_Uebersicht.png,Flip-flops,https://commons.wikimedia.org/wiki/File:FlipFlops_Uebersicht.png,reject,electronic flip-flop circuit (category name collision) / not footwear,excluded,rejected at screening
File:Frequencydivider_-_110_to_1.png,Flip-flops,https://commons.wikimedia.org/wiki/File:Frequencydivider_-_110_to_1.png,reject,electronic flip-flop circuit (category name collision) / not footwear,excluded,rejected at screening
File:Frequencydivider.png,Flip-flops,https://commons.wikimedia.org/wiki/File:Frequencydivider.png,reject,electronic flip-flop circuit (category name collision) / not footwear,excluded,rejected at screening
File:Ideal_Puls_Circuit.png,Flip-flops,https://commons.wikimedia.org/wiki/File:Ideal_Puls_Circuit.png,reject,electronic flip-flop circuit (category name collision) / not footwear,excluded,rejected at screening
File:JKtoD.png,Flip-flops,https://commons.wikimedia.org/wiki/File:JKtoD.png,reject,electronic flip-flop circuit (category name collision) / not footwear,excluded,rejected at screening
File:JKtoRS.png,Flip-flops,https://commons.wikimedia.org/wiki/File:JKtoRS.png,reject,electronic flip-flop circuit (category name collision) / not footwear,excluded,rejected at screening
File:JKtoT.png,Flip-flops,https://commons.wikimedia.org/wiki/File:JKtoT.png,reject,electronic flip-flop circuit (category name collision) / not footwear,excluded,rejected at screening
File:Latchup_ckt.png,Flip-flops,https://commons.wikimedia.org/wiki/File:Latchup_ckt.png,reject,electronic flip-flop circuit (category name collision) / not footwear,excluded,rejected at screening
File:MECIPT-1_Flip-flop.jpg,Flip-flops,https://commons.wikimedia.org/wiki/File:MECIPT-1_Flip-flop.jpg,reject,electronic flip-flop circuit (category name collision) / not footwear,excluded,rejected at screening
File:Paraiso_en_los_Roques.JPG,Flip-flops,https://commons.wikimedia.org/wiki/File:Paraiso_en_los_Roques.JPG,keep,"flip-flops worn on beach sand, sea behind",included,
File:Propositional_formula_3.png,Flip-flops,https://commons.wikimedia.org/wiki/File:Propositional_formula_3.png,reject,electronic flip-flop circuit (category name collision) / not footwear,excluded,rejected at screening
File:Propositional_formula_flip_flops_1.png,Flip-flops,https://commons.wikimedia.org/wiki/File:Propositional_formula_flip_flops_1.png,reject,electronic flip-flop circuit (category name collision) / not footwear,excluded,rejected at screening
File:Registro_a_scorrimento_costituito_da_Flip-Flop.png,Flip-flops,https://commons.wikimedia.org/wiki/File:Registro_a_scorrimento_costituito_da_Flip-Flop.png,reject,electronic flip-flop circuit (category name collision) / not footwear,excluded,rejected at screening
File:RS-триггер_асинхронный_(УГО).png,Flip-flops,https://commons.wikimedia.org/wiki/File:RS-триггер_асинхронный_(УГО).png,reject,electronic flip-flop circuit (category name collision) / not footwear,excluded,rejected at screening
File:RS-триггер_со_статической_синхронизации_(УГО).png,Flip-flops,https://commons.wikimedia.org/wiki/File:RS-триггер_со_статической_синхронизации_(УГО).png,reject,electronic flip-flop circuit (category name collision) / not footwear,excluded,rejected at screening
File:RStoD.png,Flip-flops,https://commons.wikimedia.org/wiki/File:RStoD.png,reject,electronic flip-flop circuit (category name collision) / not footwear,excluded,rejected at screening
File:RStoJK.png,Flip-flops,https://commons.wikimedia.org/wiki/File:RStoJK.png,reject,electronic flip-flop circuit (category name collision) / not footwear,excluded,rejected at screening
File:RStoT.png,Flip-flops,https://commons.wikimedia.org/wiki/File:RStoT.png,reject,electronic flip-flop circuit (category name collision) / not footwear,excluded,rejected at screening
File:Röhrensteckeinheit_Flip-Flop_der_Rechenanlage_PERM.jpg,Flip-flops,https://commons.wikimedia.org/wiki/File:Röhrensteckeinheit_Flip-Flop_der_Rechenanlage_PERM.jpg,reject,electronic flip-flop circuit (category name collision) / not footwear,excluded,rejected at screening
File:Setup&Hold_time_1.png,Flip-flops,https://commons.wikimedia.org/wiki/File:Setup&Hold_time_1.png,reject,electronic flip-flop circuit (category name collision) / not footwear,excluded,rejected at screening
File:Setup&Hold_time_2.png,Flip-flops,https://commons.wikimedia.org/wiki/File:Setup&Hold_time_2.png,reject,electronic flip-flop circuit (category name collision) / not footwear,excluded,rejected at screening
File:Simulog_2D_Flip_Flip.jpg,Flip-flops,https://commons.wikimedia.org/wiki/File:Simulog_2D_Flip_Flip.jpg,reject,electronic flip-flop circuit (category name collision) / not footwear,excluded,rejected at screening
File:Slippers_Shoes.jpg,Flip-flops,https://commons.wikimedia.org/wiki/File:Slippers_Shoes.jpg,keep,"worn leather flip-flops on dusty ground, top-down",included,
File:SOU-1.JPG,Flip-flops,https://commons.wikimedia.org/wiki/File:SOU-1.JPG,reject,circuit diagram / historical b/w / archive advert / not footwear-centric,excluded,rejected at screening
File:SR_did.png,Flip-flops,https://commons.wikimedia.org/wiki/File:SR_did.png,reject,circuit diagram / historical b/w / archive advert / not footwear-centric,excluded,rejected at screening
File:SR_pre_did.png,Flip-flops,https://commons.wikimedia.org/wiki/File:SR_pre_did.png,reject,circuit diagram / historical b/w / archive advert / not footwear-centric,excluded,rejected at screening
File:T-vippa3.png,Flip-flops,https://commons.wikimedia.org/wiki/File:T-vippa3.png,reject,circuit diagram / historical b/w / archive advert / not footwear-centric,excluded,rejected at screening
File:Tabelalatchd.JPG,Flip-flops,https://commons.wikimedia.org/wiki/File:Tabelalatchd.JPG,reject,circuit diagram / historical b/w / archive advert / not footwear-centric,excluded,rejected at screening
File:TFF_Final.png,Flip-flops,https://commons.wikimedia.org/wiki/File:TFF_Final.png,reject,circuit diagram / historical b/w / archive advert / not footwear-centric,excluded,rejected at screening
File:Trigeru_konversija.jpg,Flip-flops,https://commons.wikimedia.org/wiki/File:Trigeru_konversija.jpg,reject,circuit diagram / historical b/w / archive advert / not footwear-centric,excluded,rejected at screening
File:Triggery_i-ne.jpg,Flip-flops,https://commons.wikimedia.org/wiki/File:Triggery_i-ne.jpg,reject,circuit diagram / historical b/w / archive advert / not footwear-centric,excluded,rejected at screening
File:500px_photo_(73391125).jpeg,Rubber boots,https://commons.wikimedia.org/wiki/File:500px_photo_(73391125).jpeg,reject,b/w,excluded,rejected at screening
File:A_British_housewife_puts_out_items_for_salvage_during_1942._D7560.jpg,Rubber boots,https://commons.wikimedia.org/wiki/File:A_British_housewife_puts_out_items_for_salvage_during_1942._D7560.jpg,reject,circuit diagram / historical b/w / archive advert / not footwear-centric,excluded,rejected at screening
File:A_wellington_tree_at_Owstwick_(geograph_2211193).jpg,Rubber boots,https://commons.wikimedia.org/wiki/File:A_wellington_tree_at_Owstwick_(geograph_2211193).jpg,reject,circuit diagram / historical b/w / archive advert / not footwear-centric,excluded,rejected at screening
File:Aktion_Agrar_-_Höfesterben_stoppen_-_Schwerin_(26304031925).jpg,Rubber boots,https://commons.wikimedia.org/wiki/File:Aktion_Agrar_-_Höfesterben_stoppen_-_Schwerin_(26304031925).jpg,reject,circuit diagram / historical b/w / archive advert / not footwear-centric,excluded,rejected at screening
"File:Amasra,_2016_10.jpg",Rubber boots,"https://commons.wikimedia.org/wiki/File:Amasra,_2016_10.jpg",reject,circuit diagram / historical b/w / archive advert / not footwear-centric,excluded,rejected at screening
File:BC_-_Richmond_-_131208-36_(11323911194).jpg,Rubber boots,https://commons.wikimedia.org/wiki/File:BC_-_Richmond_-_131208-36_(11323911194).jpg,reject,circuit diagram / historical b/w / archive advert / not footwear-centric,excluded,rejected at screening
File:Boots_(70953443).jpeg,Rubber boots,https://commons.wikimedia.org/wiki/File:Boots_(70953443).jpeg,reject,retail display,excluded,rejected at screening
File:Boots_bottle_Rope_1317.jpg,Rubber boots,https://commons.wikimedia.org/wiki/File:Boots_bottle_Rope_1317.jpg,keep,"brown rubber boots worn, rope and metal floor",included,
File:BOOTS.jpg,Rubber boots,https://commons.wikimedia.org/wiki/File:BOOTS.jpg,keep,row of kids rubber boots on gravel,included,
File:Brackenhall_073.jpg,Rubber boots,https://commons.wikimedia.org/wiki/File:Brackenhall_073.jpg,reject,circuit diagram / historical b/w / archive advert / not footwear-centric,excluded,rejected at screening
"File:Bundesarchiv_Bild_183-2005-0725-500,_Piesteritz,_Gummiwerk_""Elbe"".jpg",Rubber boots,"https://commons.wikimedia.org/wiki/File:Bundesarchiv_Bild_183-2005-0725-500,_Piesteritz,_Gummiwerk_""Elbe"".jpg",reject,circuit diagram / historical b/w / archive advert / not footwear-centric,excluded,rejected at screening
"File:Bundesarchiv_Bild_183-33549-0002,_Schönebeck,_Gummiwerk,_Stanzmaschine.jpg",Rubber boots,"https://commons.wikimedia.org/wiki/File:Bundesarchiv_Bild_183-33549-0002,_Schönebeck,_Gummiwerk,_Stanzmaschine.jpg",reject,circuit diagram / historical b/w / archive advert / not footwear-centric,excluded,rejected at screening
File:Ca_20140218_(12638564965).jpg,Rubber boots,https://commons.wikimedia.org/wiki/File:Ca_20140218_(12638564965).jpg,reject,circuit diagram / historical b/w / archive advert / not footwear-centric,excluded,rejected at screening
"File:Candee_rubbers_-_blustering_blizzards!_Swirling_snow!_There's_no_cause_to_be_dismayed,_if_in_gaiters_you're_arrayed,_made_by_L._Candee_&_Co._front.jpg",Rubber boots,"https://commons.wikimedia.org/wiki/File:Candee_rubbers_-_blustering_blizzards!_Swirling_snow!_There's_no_cause_to_be_dismayed,_if_in_gaiters_you're_arrayed,_made_by_L._Candee_&_Co._front.jpg",reject,circuit diagram / historical b/w / archive advert / not footwear-centric,excluded,rejected at screening
File:Children_collecting_rubber.jpg,Rubber boots,https://commons.wikimedia.org/wiki/File:Children_collecting_rubber.jpg,reject,circuit diagram / historical b/w / archive advert / not footwear-centric,excluded,rejected at screening
File:D50-10_Nr_357_(e)_(1941-01-02)_(Bild).png,Rubber boots,https://commons.wikimedia.org/wiki/File:D50-10_Nr_357_(e)_(1941-01-02)_(Bild).png,reject,circuit diagram / historical b/w / archive advert / not footwear-centric,excluded,rejected at screening
File:D50-10_Nr_357_(f)_(1941-01-02)_(Bild).png,Rubber boots,https://commons.wikimedia.org/wiki/File:D50-10_Nr_357_(f)_(1941-01-02)_(Bild).png,reject,circuit diagram / historical b/w / archive advert / not footwear-centric,excluded,rejected at screening
File:D50-10_Nr_357_(h)_(1941-01-02)_(Bild).png,Rubber boots,https://commons.wikimedia.org/wiki/File:D50-10_Nr_357_(h)_(1941-01-02)_(Bild).png,reject,circuit diagram / historical b/w / archive advert / not footwear-centric,excluded,rejected at screening
File:D50-10_Nr_358_(e)_(1941-01-02)_(Bild).png,Rubber boots,https://commons.wikimedia.org/wiki/File:D50-10_Nr_358_(e)_(1941-01-02)_(Bild).png,reject,circuit diagram / historical b/w / archive advert / not footwear-centric,excluded,rejected at screening
File:Fotothek_df_roe-neg_0006179_003_Vitrine_mit_Gummistiefeln.jpg,Rubber boots,https://commons.wikimedia.org/wiki/File:Fotothek_df_roe-neg_0006179_003_Vitrine_mit_Gummistiefeln.jpg,reject,circuit diagram / historical b/w / archive advert / not footwear-centric,excluded,rejected at screening
File:Fotothek_df_roe-neg_0006179_004_Vitrine_mit_Gummistiefeln.jpg,Rubber boots,https://commons.wikimedia.org/wiki/File:Fotothek_df_roe-neg_0006179_004_Vitrine_mit_Gummistiefeln.jpg,reject,circuit diagram / historical b/w / archive advert / not footwear-centric,excluded,rejected at screening
File:Fotothek_df_roe-neg_0006514_009_Besucher_der_Technischen_Messe_1953_an_verschiedenen_Ständen_mit_Werkzeugmaschin.jpg,Rubber boots,https://commons.wikimedia.org/wiki/File:Fotothek_df_roe-neg_0006514_009_Besucher_der_Technischen_Messe_1953_an_verschiedenen_Ständen_mit_Werkzeugmaschin.jpg,reject,festival crowd (boots tiny) / archive / advert / retail rack,excluded,rejected at screening
File:Freo_prison_WMAU_gnangarra-119.jpg,Rubber boots,https://commons.wikimedia.org/wiki/File:Freo_prison_WMAU_gnangarra-119.jpg,reject,festival crowd (boots tiny) / archive / advert / retail rack,excluded,rejected at screening
File:Freo_prison_WMAU_gnangarra-120.jpg,Rubber boots,https://commons.wikimedia.org/wiki/File:Freo_prison_WMAU_gnangarra-120.jpg,reject,festival crowd (boots tiny) / archive / advert / retail rack,excluded,rejected at screening
File:Girls_Boots_with_SCH_Penant.jpg,Rubber boots,https://commons.wikimedia.org/wiki/File:Girls_Boots_with_SCH_Penant.jpg,keep,kids patterned rubber boots on school cubby shelf,included,
File:Goatscrag_Hill_Crag_(and_well_equipped_rock_climber)_-_geograph.org.uk_-_431547.jpg,Rubber boots,https://commons.wikimedia.org/wiki/File:Goatscrag_Hill_Crag_(and_well_equipped_rock_climber)_-_geograph.org.uk_-_431547.jpg,reject,festival crowd (boots tiny) / archive / advert / retail rack,excluded,rejected at screening
File:Gumboot_planters_at_the_front_door.jpg,Rubber boots,https://commons.wikimedia.org/wiki/File:Gumboot_planters_at_the_front_door.jpg,keep,rubber boots used as plant pots on steps,included,
File:Gumboots_any_one_(14929183810).jpg,Rubber boots,https://commons.wikimedia.org/wiki/File:Gumboots_any_one_(14929183810).jpg,reject,festival crowd (boots tiny) / archive / advert / retail rack,excluded,rejected at screening
"File:Gumboots_cleaner,_Lincoln_University_Campus,_New_Zealand.jpg",Rubber boots,"https://commons.wikimedia.org/wiki/File:Gumboots_cleaner,_Lincoln_University_Campus,_New_Zealand.jpg",reject,festival crowd (boots tiny) / archive / advert / retail rack,excluded,rejected at screening
File:Gumboots_on_Fence_(14929265657).jpg,Rubber boots,https://commons.wikimedia.org/wiki/File:Gumboots_on_Fence_(14929265657).jpg,reject,festival crowd (boots tiny) / archive / advert / retail rack,excluded,rejected at screening
File:Gummistiefelparade.JPG,Rubber boots,https://commons.wikimedia.org/wiki/File:Gummistiefelparade.JPG,reject,festival crowd (boots tiny) / archive / advert / retail rack,excluded,rejected at screening
File:Herpetologist_taking_field_notes_during_study_of_bog_turtles.jpg,Rubber boots,https://commons.wikimedia.org/wiki/File:Herpetologist_taking_field_notes_during_study_of_bog_turtles.jpg,reject,festival crowd (boots tiny) / archive / advert / retail rack,excluded,rejected at screening
File:India_rubber_world_(1904)_(14760814576).jpg,Rubber boots,https://commons.wikimedia.org/wiki/File:India_rubber_world_(1904)_(14760814576).jpg,reject,festival crowd (boots tiny) / archive / advert / retail rack,excluded,rejected at screening
File:India_rubber_world_(1904)_(14783286182).jpg,Rubber boots,https://commons.wikimedia.org/wiki/File:India_rubber_world_(1904)_(14783286182).jpg,reject,festival crowd (boots tiny) / archive / advert / retail rack,excluded,rejected at screening
File:Isle_of_Wight_Festival_2011_campsite_during_bad_weather.JPG,Rubber boots,https://commons.wikimedia.org/wiki/File:Isle_of_Wight_Festival_2011_campsite_during_bad_weather.JPG,reject,festival crowd (boots tiny) / archive / advert / retail rack,excluded,rejected at screening
File:Isle_of_Wight_Festival_2011_during_bad_weather_10.JPG,Rubber boots,https://commons.wikimedia.org/wiki/File:Isle_of_Wight_Festival_2011_during_bad_weather_10.JPG,reject,festival crowd (boots tiny) / archive / advert / retail rack,excluded,rejected at screening
File:Isle_of_Wight_Festival_2011_during_bad_weather_11.JPG,Rubber boots,https://commons.wikimedia.org/wiki/File:Isle_of_Wight_Festival_2011_during_bad_weather_11.JPG,reject,festival crowd (boots tiny) / archive / advert / retail rack,excluded,rejected at screening
File:Isle_of_Wight_Festival_2011_during_bad_weather_12.JPG,Rubber boots,https://commons.wikimedia.org/wiki/File:Isle_of_Wight_Festival_2011_during_bad_weather_12.JPG,reject,festival crowd (boots tiny) / archive / advert / retail rack,excluded,rejected at screening
File:Isle_of_Wight_Festival_2011_during_bad_weather_13.JPG,Rubber boots,https://commons.wikimedia.org/wiki/File:Isle_of_Wight_Festival_2011_during_bad_weather_13.JPG,reject,festival crowd (boots tiny) / archive / advert / retail rack,excluded,rejected at screening
File:Isle_of_Wight_Festival_2011_during_bad_weather_14.JPG,Rubber boots,https://commons.wikimedia.org/wiki/File:Isle_of_Wight_Festival_2011_during_bad_weather_14.JPG,reject,festival crowd (boots tiny) / archive / advert / retail rack,excluded,rejected at screening
File:Isle_of_Wight_Festival_2011_during_bad_weather_15.JPG,Rubber boots,https://commons.wikimedia.org/wiki/File:Isle_of_Wight_Festival_2011_during_bad_weather_15.JPG,reject,festival crowd (boots tiny) / archive / advert / retail rack,excluded,rejected at screening
File:Isle_of_Wight_Festival_2011_during_bad_weather_16.JPG,Rubber boots,https://commons.wikimedia.org/wiki/File:Isle_of_Wight_Festival_2011_during_bad_weather_16.JPG,reject,festival crowd (boots tiny) / archive / advert / retail rack,excluded,rejected at screening
File:Isle_of_Wight_Festival_2011_during_bad_weather_17.JPG,Rubber boots,https://commons.wikimedia.org/wiki/File:Isle_of_Wight_Festival_2011_during_bad_weather_17.JPG,reject,festival crowd (boots tiny) / archive / advert / retail rack,excluded,rejected at screening
File:Isle_of_Wight_Festival_2011_during_bad_weather_18.JPG,Rubber boots,https://commons.wikimedia.org/wiki/File:Isle_of_Wight_Festival_2011_during_bad_weather_18.JPG,reject,festival crowd (boots tiny) / archive / advert / retail rack,excluded,rejected at screening
File:Isle_of_Wight_Festival_2011_during_bad_weather_19.JPG,Rubber boots,https://commons.wikimedia.org/wiki/File:Isle_of_Wight_Festival_2011_during_bad_weather_19.JPG,reject,festival crowd (boots tiny) / archive / advert / retail rack,excluded,rejected at screening
File:Isle_of_Wight_Festival_2011_during_bad_weather_2.JPG,Rubber boots,https://commons.wikimedia.org/wiki/File:Isle_of_Wight_Festival_2011_during_bad_weather_2.JPG,reject,festival crowd (boots tiny) / archive / advert / retail rack,excluded,rejected at screening
File:Isle_of_Wight_Festival_2011_during_bad_weather_20.JPG,Rubber boots,https://commons.wikimedia.org/wiki/File:Isle_of_Wight_Festival_2011_during_bad_weather_20.JPG,reject,festival crowd (boots tiny) / archive / advert / retail rack,excluded,rejected at screening
File:Isle_of_Wight_Festival_2011_during_bad_weather_3.JPG,Rubber boots,https://commons.wikimedia.org/wiki/File:Isle_of_Wight_Festival_2011_during_bad_weather_3.JPG,reject,festival crowd (boots tiny) / archive / advert / retail rack,excluded,rejected at screening
File:Isle_of_Wight_Festival_2011_during_bad_weather_4.JPG,Rubber boots,https://commons.wikimedia.org/wiki/File:Isle_of_Wight_Festival_2011_during_bad_weather_4.JPG,reject,festival crowd (boots tiny) / archive / advert / retail rack,excluded,rejected at screening
File:Isle_of_Wight_Festival_2011_during_bad_weather_6.JPG,Rubber boots,https://commons.wikimedia.org/wiki/File:Isle_of_Wight_Festival_2011_during_bad_weather_6.JPG,reject,festival crowd (boots tiny) / archive / advert / retail rack,excluded,rejected at screening
File:Isle_of_Wight_Festival_2011_during_bad_weather_7.JPG,Rubber boots,https://commons.wikimedia.org/wiki/File:Isle_of_Wight_Festival_2011_during_bad_weather_7.JPG,reject,festival crowd (boots tiny) / archive / advert / retail rack,excluded,rejected at screening
File:Isle_of_Wight_Festival_2011_during_bad_weather_8.JPG,Rubber boots,https://commons.wikimedia.org/wiki/File:Isle_of_Wight_Festival_2011_during_bad_weather_8.JPG,reject,festival crowd (boots tiny) / archive / person-centric,excluded,rejected at screening
File:Isle_of_Wight_Festival_2011_during_bad_weather_9.JPG,Rubber boots,https://commons.wikimedia.org/wiki/File:Isle_of_Wight_Festival_2011_during_bad_weather_9.JPG,reject,festival crowd (boots tiny) / archive / person-centric,excluded,rejected at screening
File:Isle_of_Wight_Festival_2011_during_bad_weather.JPG,Rubber boots,https://commons.wikimedia.org/wiki/File:Isle_of_Wight_Festival_2011_during_bad_weather.JPG,reject,festival crowd (boots tiny) / archive / person-centric,excluded,rejected at screening
File:Isle_of_Wight_Festival_2011_during_light_rain_2.JPG,Rubber boots,https://commons.wikimedia.org/wiki/File:Isle_of_Wight_Festival_2011_during_light_rain_2.JPG,reject,festival crowd (boots tiny) / archive / person-centric,excluded,rejected at screening
File:Isle_of_Wight_Festival_2011_mud.JPG,Rubber boots,https://commons.wikimedia.org/wiki/File:Isle_of_Wight_Festival_2011_mud.JPG,reject,festival crowd (boots tiny) / archive / person-centric,excluded,rejected at screening
File:Isle_of_Wight_Festival_2012_bus_station_2.JPG,Rubber boots,https://commons.wikimedia.org/wiki/File:Isle_of_Wight_Festival_2012_bus_station_2.JPG,reject,festival crowd (boots tiny) / archive / person-centric,excluded,rejected at screening
File:Isle_of_Wight_Festival_2012_bus_station.JPG,Rubber boots,https://commons.wikimedia.org/wiki/File:Isle_of_Wight_Festival_2012_bus_station.JPG,reject,festival crowd (boots tiny) / archive / person-centric,excluded,rejected at screening
File:Isle_of_Wight_Festival_2012_campers_entrance.JPG,Rubber boots,https://commons.wikimedia.org/wiki/File:Isle_of_Wight_Festival_2012_campers_entrance.JPG,reject,festival crowd (boots tiny) / archive / person-centric,excluded,rejected at screening
File:Isle_of_Wight_Festival_2012_campsite_mud_2.jpg,Rubber boots,https://commons.wikimedia.org/wiki/File:Isle_of_Wight_Festival_2012_campsite_mud_2.jpg,reject,festival crowd (boots tiny) / archive / person-centric,excluded,rejected at screening
File:Isle_of_Wight_Festival_2012_campsite_mud_3.jpg,Rubber boots,https://commons.wikimedia.org/wiki/File:Isle_of_Wight_Festival_2012_campsite_mud_3.jpg,reject,festival crowd (boots tiny) / archive / person-centric,excluded,rejected at screening
File:Isle_of_Wight_Festival_2012_campsite_mud_4.jpg,Rubber boots,https://commons.wikimedia.org/wiki/File:Isle_of_Wight_Festival_2012_campsite_mud_4.jpg,reject,festival crowd (boots tiny) / archive / person-centric,excluded,rejected at screening
File:Isle_of_Wight_Festival_2012_campsite_mud_5.jpg,Rubber boots,https://commons.wikimedia.org/wiki/File:Isle_of_Wight_Festival_2012_campsite_mud_5.jpg,reject,festival crowd (boots tiny) / archive / person-centric,excluded,rejected at screening
File:Isle_of_Wight_Festival_2012_campsite_mud_6.jpg,Rubber boots,https://commons.wikimedia.org/wiki/File:Isle_of_Wight_Festival_2012_campsite_mud_6.jpg,reject,festival crowd (boots tiny) / archive / person-centric,excluded,rejected at screening
File:Isle_of_Wight_Festival_2012_campsite_mud.jpg,Rubber boots,https://commons.wikimedia.org/wiki/File:Isle_of_Wight_Festival_2012_campsite_mud.jpg,reject,festival crowd (boots tiny) / archive / person-centric,excluded,rejected at screening
File:Isle_of_Wight_Festival_2012_car_park_mud_3.jpg,Rubber boots,https://commons.wikimedia.org/wiki/File:Isle_of_Wight_Festival_2012_car_park_mud_3.jpg,reject,festival crowd (boots tiny) / archive / person-centric,excluded,rejected at screening
File:Japanese_children_using_public_phones.jpg,Rubber boots,https://commons.wikimedia.org/wiki/File:Japanese_children_using_public_phones.jpg,reject,festival crowd (boots tiny) / archive / person-centric,excluded,rejected at screening
"File:Joint_Base_Myer-Henderson_Hall,_Virginia_-_German_Armed_Forces_Proficiency_Badge_(GAFPB)_Assessment,,_Aug._29-30,_2023_(53153171901).jpg",Rubber boots,"https://commons.wikimedia.org/wiki/File:Joint_Base_Myer-Henderson_Hall,_Virginia_-_German_Armed_Forces_Proficiency_Badge_(GAFPB)_Assessment,,_Aug._29-30,_2023_(53153171901).jpg",keep,"black rubber boots on camo cloth, brick floor",included,
File:Joules_wellington_boots.jpg,Rubber boots,https://commons.wikimedia.org/wiki/File:Joules_wellington_boots.jpg,keep,patterned rubber boots POV sunk in mud,excluded,per-type cap on out-of-catalogue examples (diversity)
File:Kasa-Uri_sekki-ichi.jpg,Rubber boots,https://commons.wikimedia.org/wiki/File:Kasa-Uri_sekki-ichi.jpg,reject,festival crowd (boots tiny) / archive / person-centric,excluded,rejected at screening
File:Local_childhood.jpg,Rubber boots,https://commons.wikimedia.org/wiki/File:Local_childhood.jpg,reject,festival crowd (boots tiny) / archive / person-centric,excluded,rejected at screening
File:Mishawaka_Woolen_Manufacturing_Co._catalog_-_DPLA_-_372c42281248e14b17f84da29ee9205e_(page_21).jpg,Rubber boots,https://commons.wikimedia.org/wiki/File:Mishawaka_Woolen_Manufacturing_Co._catalog_-_DPLA_-_372c42281248e14b17f84da29ee9205e_(page_21).jpg,reject,festival crowd (boots tiny) / archive / person-centric,excluded,rejected at screening
File:My_father's_gumboots.jpg,Rubber boots,https://commons.wikimedia.org/wiki/File:My_father's_gumboots.jpg,keep,toddler sitting in grey rubber boots,excluded,per-type cap on out-of-catalogue examples (diversity)
File:My_Rain_Boots.jpg,Rubber boots,https://commons.wikimedia.org/wiki/File:My_Rain_Boots.jpg,keep,zigzag rubber boots POV on concrete,excluded,per-type cap on out-of-catalogue examples (diversity)
File:Město_Sázava_&_Klášter_Sázava_IMG_5044.JPG,Rubber boots,https://commons.wikimedia.org/wiki/File:Město_Sázava_&_Klášter_Sázava_IMG_5044.JPG,reject,festival crowd (boots tiny) / archive / person-centric,excluded,rejected at screening
"File:Nedeljska_noša,_Jože,_Drašiči_1965.jpg",Rubber boots,"https://commons.wikimedia.org/wiki/File:Nedeljska_noša,_Jože,_Drašiči_1965.jpg",reject,festival crowd (boots tiny) / archive / person-centric,excluded,rejected at screening
File:Newcastle_Pride_2017_(36163296936).jpg,Rubber boots,https://commons.wikimedia.org/wiki/File:Newcastle_Pride_2017_(36163296936).jpg,reject,festival crowd (boots tiny) / archive / person-centric,excluded,rejected at screening
File:Owstwick_Hill_-_geograph.org.uk_-_447075.jpg,Rubber boots,https://commons.wikimedia.org/wiki/File:Owstwick_Hill_-_geograph.org.uk_-_447075.jpg,keep,pink rubber boots in garden with watering can,excluded,per-type cap on out-of-catalogue examples (diversity)
"File:Paar_zwarte_rubberen_overschoenen_met_drukknoopsluiting,_zonder_hak,_objectnr_64432-1-2.JPG",Rubber boots,"https://commons.wikimedia.org/wiki/File:Paar_zwarte_rubberen_overschoenen_met_drukknoopsluiting,_zonder_hak,_objectnr_64432-1-2.JPG",reject,studio product shot,excluded,rejected at screening
File:Pokeboo_Gummistiefel.jpg,Rubber boots,https://commons.wikimedia.org/wiki/File:Pokeboo_Gummistiefel.jpg,reject,"shoe cover, not a boot",excluded,rejected at screening
File:PPE_California_Government_Public_Health_2025_013.jpg,Rubber boots,https://commons.wikimedia.org/wiki/File:PPE_California_Government_Public_Health_2025_013.jpg,reject,festival crowd (boots tiny) / archive / person-centric,excluded,rejected at screening
File:PXL_20210622_180007640.jpg,Rubber boots,https://commons.wikimedia.org/wiki/File:PXL_20210622_180007640.jpg,reject,crowd (boots tiny) / archive b/w / advert / retail,excluded,rejected at screening
"File:Regen_in_Amsterdam_Meisje_met_pasgekochte_laarzen,_Bestanddeelnr_912-8549.jpg",Rubber boots,"https://commons.wikimedia.org/wiki/File:Regen_in_Amsterdam_Meisje_met_pasgekochte_laarzen,_Bestanddeelnr_912-8549.jpg",reject,crowd (boots tiny) / archive b/w / advert / retail,excluded,rejected at screening
"File:Regen_in_Amsterdam._Kalverstraat,_Bestanddeelnr_912-8546.jpg",Rubber boots,"https://commons.wikimedia.org/wiki/File:Regen_in_Amsterdam._Kalverstraat,_Bestanddeelnr_912-8546.jpg",reject,crowd (boots tiny) / archive b/w / advert / retail,excluded,rejected at screening
"File:Regen_in_Amsterdam._Kalverstraat,_Bestanddeelnr_912-8547.jpg",Rubber boots,"https://commons.wikimedia.org/wiki/File:Regen_in_Amsterdam._Kalverstraat,_Bestanddeelnr_912-8547.jpg",reject,crowd (boots tiny) / archive b/w / advert / retail,excluded,rejected at screening
"File:Regen_in_Amsterdam._Kalverstraat,_Bestanddeelnr_912-8548.jpg",Rubber boots,"https://commons.wikimedia.org/wiki/File:Regen_in_Amsterdam._Kalverstraat,_Bestanddeelnr_912-8548.jpg",reject,crowd (boots tiny) / archive b/w / advert / retail,excluded,rejected at screening
File:RF_0107_RF_Daytime_Krists_Luhaers-2_(35901945285).jpg,Rubber boots,https://commons.wikimedia.org/wiki/File:RF_0107_RF_Daytime_Krists_Luhaers-2_(35901945285).jpg,reject,crowd (boots tiny) / archive b/w / advert / retail,excluded,rejected at screening
File:RF_0107_RF_Daytime_Krists_Luhaers-21_(35732237182).jpg,Rubber boots,https://commons.wikimedia.org/wiki/File:RF_0107_RF_Daytime_Krists_Luhaers-21_(35732237182).jpg,reject,crowd (boots tiny) / archive b/w / advert / retail,excluded,rejected at screening
File:RF_0107_RF_Daytime_Krists_Luhaers-28_(35513724950).jpg,Rubber boots,https://commons.wikimedia.org/wiki/File:RF_0107_RF_Daytime_Krists_Luhaers-28_(35513724950).jpg,keep,rubber boots worn standing in muddy puddle,excluded,per-type cap on out-of-catalogue examples (diversity)
File:RF_0107_RF_Daytime_Krists_Luhaers-4_(35901949635).jpg,Rubber boots,https://commons.wikimedia.org/wiki/File:RF_0107_RF_Daytime_Krists_Luhaers-4_(35901949635).jpg,reject,crowd (boots tiny) / archive b/w / advert / retail,excluded,rejected at screening
File:RF_3006_RAIN_Krists_Luhaers-14_(35061133734).jpg,Rubber boots,https://commons.wikimedia.org/wiki/File:RF_3006_RAIN_Krists_Luhaers-14_(35061133734).jpg,reject,crowd (boots tiny) / archive b/w / advert / retail,excluded,rejected at screening
File:RF_3006_RAIN_Krists_Luhaers-17_(35769477861).jpg,Rubber boots,https://commons.wikimedia.org/wiki/File:RF_3006_RAIN_Krists_Luhaers-17_(35769477861).jpg,reject,crowd (boots tiny) / archive b/w / advert / retail,excluded,rejected at screening
File:RF_3006_RAIN_Krists_Luhaers-18_(35769478201).jpg,Rubber boots,https://commons.wikimedia.org/wiki/File:RF_3006_RAIN_Krists_Luhaers-18_(35769478201).jpg,reject,crowd (boots tiny) / archive b/w / advert / retail,excluded,rejected at screening
File:RF_3006_RAIN_Krists_Luhaers-19_(35769478521).jpg,Rubber boots,https://commons.wikimedia.org/wiki/File:RF_3006_RAIN_Krists_Luhaers-19_(35769478521).jpg,reject,crowd (boots tiny) / archive b/w / advert / retail,excluded,rejected at screening
File:RF_3006_RAIN_Krists_Luhaers-23_(35061141394).jpg,Rubber boots,https://commons.wikimedia.org/wiki/File:RF_3006_RAIN_Krists_Luhaers-23_(35061141394).jpg,reject,crowd (boots tiny) / archive b/w / advert / retail,excluded,rejected at screening
File:RF_3006_RAIN_Krists_Luhaers-36_(35901045505).jpg,Rubber boots,https://commons.wikimedia.org/wiki/File:RF_3006_RAIN_Krists_Luhaers-36_(35901045505).jpg,reject,crowd (boots tiny) / archive b/w / advert / retail,excluded,rejected at screening
File:RF_3006_RAIN_Krists_Luhaers-37_(35860220446).jpg,Rubber boots,https://commons.wikimedia.org/wiki/File:RF_3006_RAIN_Krists_Luhaers-37_(35860220446).jpg,reject,crowd (boots tiny) / archive b/w / advert / retail,excluded,rejected at screening
File:RF_3006_RAIN_Krists_Luhaers-39_(35091612643).jpg,Rubber boots,https://commons.wikimedia.org/wiki/File:RF_3006_RAIN_Krists_Luhaers-39_(35091612643).jpg,reject,crowd (boots tiny) / archive b/w / advert / retail,excluded,rejected at screening
File:RF_3006_RAIN_Krists_Luhaers-42_(35860224256).jpg,Rubber boots,https://commons.wikimedia.org/wiki/File:RF_3006_RAIN_Krists_Luhaers-42_(35860224256).jpg,reject,crowd (boots tiny) / archive b/w / advert / retail,excluded,rejected at screening
File:RF_3006_RAIN_Krists_Luhaers-43_(35860224886).jpg,Rubber boots,https://commons.wikimedia.org/wiki/File:RF_3006_RAIN_Krists_Luhaers-43_(35860224886).jpg,reject,crowd (boots tiny) / archive b/w / advert / retail,excluded,rejected at screening
File:RF_3006_RAIN_Krists_Luhaers-49_(35901049325).jpg,Rubber boots,https://commons.wikimedia.org/wiki/File:RF_3006_RAIN_Krists_Luhaers-49_(35901049325).jpg,reject,crowd (boots tiny) / archive b/w / advert / retail,excluded,rejected at screening
File:Rubber_boot_production.jpg,Rubber boots,https://commons.wikimedia.org/wiki/File:Rubber_boot_production.jpg,reject,crowd (boots tiny) / archive b/w / advert / retail,excluded,rejected at screening
File:Rubber_Boots_-_DPLA_-_a36a6ad2ecd1859df989d14559871758.jpg,Rubber boots,https://commons.wikimedia.org/wiki/File:Rubber_Boots_-_DPLA_-_a36a6ad2ecd1859df989d14559871758.jpg,reject,crowd (boots tiny) / archive b/w / advert / retail,excluded,rejected at screening
File:Rubber_boots_and_flowers.jpg,Rubber boots,https://commons.wikimedia.org/wiki/File:Rubber_boots_and_flowers.jpg,reject,crowd (boots tiny) / archive b/w / advert / retail,excluded,rejected at screening
File:Rubber_footwear_label_Dodca.jpg,Rubber boots,https://commons.wikimedia.org/wiki/File:Rubber_footwear_label_Dodca.jpg,reject,crowd (boots tiny) / archive b/w / advert / retail,excluded,rejected at screening
File:Rubberlaarzen.jpg,Rubber boots,https://commons.wikimedia.org/wiki/File:Rubberlaarzen.jpg,reject,crowd (boots tiny) / archive b/w / advert / retail,excluded,rejected at screening
File:Selling_boots_at_the_Tsukiji_Fish_Market_(11907599955).jpg,Rubber boots,https://commons.wikimedia.org/wiki/File:Selling_boots_at_the_Tsukiji_Fish_Market_(11907599955).jpg,reject,crowd (boots tiny) / archive b/w / advert / retail,excluded,rejected at screening
File:Soggy_feet_(31545287500).jpg,Rubber boots,https://commons.wikimedia.org/wiki/File:Soggy_feet_(31545287500).jpg,reject,crowd (boots tiny) / archive b/w / advert / retail,excluded,rejected at screening
File:Take_this!_(11654313946).jpg,Rubber boots,https://commons.wikimedia.org/wiki/File:Take_this!_(11654313946).jpg,reject,crowd (boots tiny) / archive b/w / advert / retail,excluded,rejected at screening
File:The_Royal_Navy_during_the_Second_World_War_A21415.jpg,Rubber boots,https://commons.wikimedia.org/wiki/File:The_Royal_Navy_during_the_Second_World_War_A21415.jpg,reject,crowd (boots tiny) / archive b/w / advert / retail,excluded,rejected at screening
File:The_Royal_Nvay_during_the_Second_World_War_A26554.jpg,Rubber boots,https://commons.wikimedia.org/wiki/File:The_Royal_Nvay_during_the_Second_World_War_A26554.jpg,reject,crowd (boots tiny) / archive b/w / advert / retail,excluded,rejected at screening
"File:Theo_Findlay_Brehmer,_Diana_Löfgren,_Stella.jpg",Rubber boots,"https://commons.wikimedia.org/wiki/File:Theo_Findlay_Brehmer,_Diana_Löfgren,_Stella.jpg",reject,archive / museum / drawing / person-centric,excluded,rejected at screening
File:Tyttö_istumassa_pysäköintimittarin_tolpassa_Laivurinrinteellä_-_ser084328_(hkm.HKMS000005-km0000lsjm).jpg,Rubber boots,https://commons.wikimedia.org/wiki/File:Tyttö_istumassa_pysäköintimittarin_tolpassa_Laivurinrinteellä_-_ser084328_(hkm.HKMS000005-km0000lsjm).jpg,reject,archive / museum / drawing / person-centric,excluded,rejected at screening
File:Tyttö_seisoo_kumisaappaissaan_ulko-ovella_-_N41714_-_hkm.HKMS000005-0000163i.jpg,Rubber boots,https://commons.wikimedia.org/wiki/File:Tyttö_seisoo_kumisaappaissaan_ulko-ovella_-_N41714_-_hkm.HKMS000005-0000163i.jpg,reject,archive / museum / drawing / person-centric,excluded,rejected at screening
File:Wellies_(5555937765).jpg,Rubber boots,https://commons.wikimedia.org/wiki/File:Wellies_(5555937765).jpg,keep,row of Hunter-style wellies on pavement,excluded,per-type cap on out-of-catalogue examples (diversity)
File:Wellies_and_snowdrops.JPG,Rubber boots,https://commons.wikimedia.org/wiki/File:Wellies_and_snowdrops.JPG,reject,archive / museum / drawing / person-centric,excluded,rejected at screening
File:Wellies_at_Hampton's_-_geograph.org.uk_-_3992783.jpg,Rubber boots,https://commons.wikimedia.org/wiki/File:Wellies_at_Hampton's_-_geograph.org.uk_-_3992783.jpg,reject,archive / museum / drawing / person-centric,excluded,rejected at screening
File:Zambia_-Gumboots_and_umbrellas_for_sale.jpg,Rubber boots,https://commons.wikimedia.org/wiki/File:Zambia_-Gumboots_and_umbrellas_for_sale.jpg,reject,archive / museum / drawing / person-centric,excluded,rejected at screening
File:Мимоза_в_сапожках_8_марта_2026_Саратов.jpg,Rubber boots,https://commons.wikimedia.org/wiki/File:Мимоза_в_сапожках_8_марта_2026_Саратов.jpg,reject,archive / museum / drawing / person-centric,excluded,rejected at screening
File:マシーン_(8449218858).jpg,Rubber boots,https://commons.wikimedia.org/wiki/File:マシーン_(8449218858).jpg,reject,archive / museum / drawing / person-centric,excluded,rejected at screening
File:立入禁止_(33881687926).jpg,Rubber boots,https://commons.wikimedia.org/wiki/File:立入禁止_(33881687926).jpg,reject,archive / museum / drawing / person-centric,excluded,rejected at screening
File:透明窓付き傘_(4478931664).jpg,Rubber boots,https://commons.wikimedia.org/wiki/File:透明窓付き傘_(4478931664).jpg,reject,archive / museum / drawing / person-centric,excluded,rejected at screening
"File:2019_Annual_winter_photocall_with_the_Dutch_Royal_Family_in_Lech,_Austria_-_10.jpg",Ski boots,"https://commons.wikimedia.org/wiki/File:2019_Annual_winter_photocall_with_the_Dutch_Royal_Family_in_Lech,_Austria_-_10.jpg",reject,archive / museum / drawing / person-centric,excluded,rejected at screening
File:500px_photo_(57801552).jpeg,Ski boots,https://commons.wikimedia.org/wiki/File:500px_photo_(57801552).jpeg,keep,ski boots on red box with rental tag,included,
File:After_ski_boot_(3148381428).jpg,Ski boots,https://commons.wikimedia.org/wiki/File:After_ski_boot_(3148381428).jpg,keep,purple after-ski moon boots by window,included,
File:Army-boots.jpg,Ski boots,https://commons.wikimedia.org/wiki/File:Army-boots.jpg,reject,vintage leather ski boots (museum-like),excluded,rejected at screening
File:Blue_and_gray_ski_boots_(133306379).jpg,Ski boots,https://commons.wikimedia.org/wiki/File:Blue_and_gray_ski_boots_(133306379).jpg,keep,blue ski boots on wooden floor,included,
File:Blue_and_gray_ski_boots_(133306391).jpg,Ski boots,https://commons.wikimedia.org/wiki/File:Blue_and_gray_ski_boots_(133306391).jpg,reject,same shoe as 1230,excluded,rejected at screening
File:Bob's_ski_boots.jpg,Ski boots,https://commons.wikimedia.org/wiki/File:Bob's_ski_boots.jpg,keep,ski boots with shells on grass,included,
File:Brouillon_schema_chaussure_ski_de_piste.jpg,Ski boots,https://commons.wikimedia.org/wiki/File:Brouillon_schema_chaussure_ski_de_piste.jpg,reject,archive / museum / drawing / person-centric,excluded,rejected at screening
File:Collections_Musée_dauphinois-_objets.jpg,Ski boots,https://commons.wikimedia.org/wiki/File:Collections_Musée_dauphinois-_objets.jpg,reject,archive / museum / drawing / person-centric,excluded,rejected at screening
File:Dsc_0018_Jpg_(133306389).jpeg,Ski boots,https://commons.wikimedia.org/wiki/File:Dsc_0018_Jpg_(133306389).jpeg,reject,archive / museum / drawing / person-centric,excluded,rejected at screening
"File:Eötvöshütte,_älteres_Gebäude,_Skistöcke,_2022_Dobogókő.jpg",Ski boots,"https://commons.wikimedia.org/wiki/File:Eötvöshütte,_älteres_Gebäude,_Skistöcke,_2022_Dobogókő.jpg",reject,archive / museum / drawing / person-centric,excluded,rejected at screening
File:Finnesko_and_ski_bindings.jpg,Ski boots,https://commons.wikimedia.org/wiki/File:Finnesko_and_ski_bindings.jpg,reject,archive / museum / drawing / person-centric,excluded,rejected at screening
"File:Gebirgswettkampf_""Edelweiss_Raid""_2017_(32625509484).jpg",Ski boots,"https://commons.wikimedia.org/wiki/File:Gebirgswettkampf_""Edelweiss_Raid""_2017_(32625509484).jpg",reject,archive / museum / drawing / person-centric,excluded,rejected at screening
File:HistoricSkiing_Shoes_2014-01.jpg,Ski boots,https://commons.wikimedia.org/wiki/File:HistoricSkiing_Shoes_2014-01.jpg,reject,archive / museum / drawing / person-centric,excluded,rejected at screening
"File:Illustreret_norsk_konversationsleksikon_B_6_(Aschehoug,_Oslo,_Norway_1913)_Ski_og_Skiløbning_bindinger_Holmenkollen_hoppbakke_etc_(encyclopedia_book_plate_in_Danish_Norwegian_-_Skis_and_skiing).jpg",Ski boots,"https://commons.wikimedia.org/wiki/File:Illustreret_norsk_konversationsleksikon_B_6_(Aschehoug,_Oslo,_Norway_1913)_Ski_og_Skiløbning_bindinger_Holmenkollen_hoppbakke_etc_(encyclopedia_book_plate_in_Danish_Norwegian_-_Skis_and_skiing).jpg",reject,archive / museum / drawing / person-centric,excluded,rejected at screening
File:Kandahar_binding_with_boot.jpg,Ski boots,https://commons.wikimedia.org/wiki/File:Kandahar_binding_with_boot.jpg,reject,archive / museum / drawing / person-centric,excluded,rejected at screening
File:Langeskiboot.jpg,Ski boots,https://commons.wikimedia.org/wiki/File:Langeskiboot.jpg,keep,blue Lange ski boot on floor,included,
File:Latu-merkkiset_monot_1950-60-luku._Tampereen_museot._Kuva_Vapriikin_kuva-arkisto_(16509155305).jpg,Ski boots,https://commons.wikimedia.org/wiki/File:Latu-merkkiset_monot_1950-60-luku._Tampereen_museot._Kuva_Vapriikin_kuva-arkisto_(16509155305).jpg,reject,archive / museum / drawing / person-centric,excluded,rejected at screening
File:Leather_boots_and_hickory_skis.jpg,Ski boots,https://commons.wikimedia.org/wiki/File:Leather_boots_and_hickory_skis.jpg,reject,archive / museum / drawing / person-centric,excluded,rejected at screening
File:Materialermüdung_Skischuh_Polyurethan.jpg,Ski boots,https://commons.wikimedia.org/wiki/File:Materialermüdung_Skischuh_Polyurethan.jpg,reject,drawing / museum / archive / event / studio,excluded,rejected at screening
File:Museo_etnografico_LabOrantes_abc9.jpg,Ski boots,https://commons.wikimedia.org/wiki/File:Museo_etnografico_LabOrantes_abc9.jpg,reject,drawing / museum / archive / event / studio,excluded,rejected at screening
File:Nava_bindings.jpg,Ski boots,https://commons.wikimedia.org/wiki/File:Nava_bindings.jpg,reject,drawing / museum / archive / event / studio,excluded,rejected at screening
"File:Paar_skischoenen_van_zwart_kunststof_met_rode_sluitingen,_objectnr_78516-1-2.JPG",Ski boots,"https://commons.wikimedia.org/wiki/File:Paar_skischoenen_van_zwart_kunststof_met_rode_sluitingen,_objectnr_78516-1-2.JPG",reject,drawing / museum / archive / event / studio,excluded,rejected at screening
"File:Praha,_Bubeneč_-_Československé_armády_20_(Jan_Kaplický)_2.jpg",Ski boots,"https://commons.wikimedia.org/wiki/File:Praha,_Bubeneč_-_Československé_armády_20_(Jan_Kaplický)_2.jpg",reject,drawing / museum / archive / event / studio,excluded,rejected at screening
"File:Rosemount_""Bunny_Boots""_ski_boots.JPG",Ski boots,"https://commons.wikimedia.org/wiki/File:Rosemount_""Bunny_Boots""_ski_boots.JPG",reject,drawing / museum / archive / event / studio,excluded,rejected at screening
File:Rosemount_Ski_Boots.jpg,Ski boots,https://commons.wikimedia.org/wiki/File:Rosemount_Ski_Boots.jpg,reject,drawing / museum / archive / event / studio,excluded,rejected at screening
File:Rosemount_ST-100.jpg,Ski boots,https://commons.wikimedia.org/wiki/File:Rosemount_ST-100.jpg,keep,"black ski boot on white paper, cluttered room",included,
"File:Scarpa_boots,_Gebirgswettkampf_""Edelweiss_Raid""_2017_(32625509484)_(cropped).jpg",Ski boots,"https://commons.wikimedia.org/wiki/File:Scarpa_boots,_Gebirgswettkampf_""Edelweiss_Raid""_2017_(32625509484)_(cropped).jpg",reject,drawing / museum / archive / event / studio,excluded,rejected at screening
File:Ski_boot_crampons.jpg,Ski boots,https://commons.wikimedia.org/wiki/File:Ski_boot_crampons.jpg,reject,drawing / museum / archive / event / studio,excluded,rejected at screening
File:Ski_boot_plant_pots_in_Whistler_Village_(25256103934).jpg,Ski boots,https://commons.wikimedia.org/wiki/File:Ski_boot_plant_pots_in_Whistler_Village_(25256103934).jpg,keep,red ski boots used as flower planters,excluded,per-type cap on out-of-catalogue examples (diversity)
File:Ski_boots_(drawing).jpg,Ski boots,https://commons.wikimedia.org/wiki/File:Ski_boots_(drawing).jpg,reject,drawing / museum / archive / event / studio,excluded,rejected at screening
File:Ski_Boots_-_Club_Med_Sahoro.jpg,Ski boots,https://commons.wikimedia.org/wiki/File:Ski_Boots_-_Club_Med_Sahoro.jpg,reject,drawing / museum / archive / event / studio,excluded,rejected at screening
File:Ski_boots_worn_by_Seba_Johnson.jpg,Ski boots,https://commons.wikimedia.org/wiki/File:Ski_boots_worn_by_Seba_Johnson.jpg,reject,drawing / museum / archive / event / studio,excluded,rejected at screening
File:Ski_boots.jpg,Ski boots,https://commons.wikimedia.org/wiki/File:Ski_boots.jpg,reject,drawing / museum / archive / event / studio,excluded,rejected at screening
"File:Skibindingen_man_brukte_slik_den_kom_til_å_se_ut_etter_flere_omarbeidelser,_1911_(7654806142).jpg",Ski boots,"https://commons.wikimedia.org/wiki/File:Skibindingen_man_brukte_slik_den_kom_til_å_se_ut_etter_flere_omarbeidelser,_1911_(7654806142).jpg",reject,drawing / museum / archive / event / studio,excluded,rejected at screening
File:Skischuhe_(1).jpg,Ski boots,https://commons.wikimedia.org/wiki/File:Skischuhe_(1).jpg,reject,same series as 1263,excluded,rejected at screening
File:Skischuhe_(2).jpg,Ski boots,https://commons.wikimedia.org/wiki/File:Skischuhe_(2).jpg,reject,same series as 1263,excluded,rejected at screening
File:Skischuhe_(3).jpg,Ski boots,https://commons.wikimedia.org/wiki/File:Skischuhe_(3).jpg,keep,old brown leather ski boots on weathered porch,included,
File:Skischuhe_(4).jpg,Ski boots,https://commons.wikimedia.org/wiki/File:Skischuhe_(4).jpg,reject,same series as 1263,excluded,rejected at screening
File:SMOM_Bass_boot.JPG,Ski boots,https://commons.wikimedia.org/wiki/File:SMOM_Bass_boot.JPG,reject,drawing / museum / archive / event / studio,excluded,rejected at screening
File:Stack_of_boots_(3074940137).jpg,Ski boots,https://commons.wikimedia.org/wiki/File:Stack_of_boots_(3074940137).jpg,reject,drawing / museum / archive / event / studio,excluded,rejected at screening
File:SYBORG_ski_boot_01.jpg,Ski boots,https://commons.wikimedia.org/wiki/File:SYBORG_ski_boot_01.jpg,reject,same series,excluded,rejected at screening
File:SYBORG_ski_boot_02.jpg,Ski boots,https://commons.wikimedia.org/wiki/File:SYBORG_ski_boot_02.jpg,reject,same series,excluded,rejected at screening
File:SYBORG_ski_boot_03.jpg,Ski boots,https://commons.wikimedia.org/wiki/File:SYBORG_ski_boot_03.jpg,reject,same series,excluded,rejected at screening
File:SYBORG_ski_boot_04.jpg,Ski boots,https://commons.wikimedia.org/wiki/File:SYBORG_ski_boot_04.jpg,reject,same series,excluded,rejected at screening
File:SYBORG_ski_boot_05.jpg,Ski boots,https://commons.wikimedia.org/wiki/File:SYBORG_ski_boot_05.jpg,reject,same series,excluded,rejected at screening
File:SYBORG_ski_boot_06.jpg,Ski boots,https://commons.wikimedia.org/wiki/File:SYBORG_ski_boot_06.jpg,reject,drawing / museum / archive / event / studio,excluded,rejected at screening
File:Worlds_most_specific_kink_(3649017303).jpg,Ski boots,https://commons.wikimedia.org/wiki/File:Worlds_most_specific_kink_(3649017303).jpg,reject,drawing / museum / archive / event / studio,excluded,rejected at screening
File:Д._А._Медведев_осматривает_образцы_горноальпийского_снаряжения_7-й_дшд.jpg,Ski boots,https://commons.wikimedia.org/wiki/File:Д._А._Медведев_осматривает_образцы_горноальпийского_снаряжения_7-й_дшд.jpg,reject,drawing / museum / archive / event / studio,excluded,rejected at screening
"File:Antica_roma,_ritratto_del_giovane_caracalla_o_di_geta,_in_marmo,_205-209_dc_ca.jpg",Geta,"https://commons.wikimedia.org/wiki/File:Antica_roma,_ritratto_del_giovane_caracalla_o_di_geta,_in_marmo,_205-209_dc_ca.jpg",reject,not footwear,excluded,rejected at screening
File:Kusakabe_Kimbei_-_232_Kago_Travelling_Chair.jpg,Geta,https://commons.wikimedia.org/wiki/File:Kusakabe_Kimbei_-_232_Kago_Travelling_Chair.jpg,reject,19th-c. staged photo,excluded,rejected at screening
File:2013-08-10_Mind_Your_Crocs.jpg,Crocs,https://commons.wikimedia.org/wiki/File:2013-08-10_Mind_Your_Crocs.jpg,reject,sign / retail / group / slide sandal,excluded,rejected at screening
File:2013-10-06-Mind_your_Crocs.jpg,Crocs,https://commons.wikimedia.org/wiki/File:2013-10-06-Mind_your_Crocs.jpg,reject,sign / retail / group / slide sandal,excluded,rejected at screening
File:2020_-_les_Fagnes_-_crocs.jpg,Crocs,https://commons.wikimedia.org/wiki/File:2020_-_les_Fagnes_-_crocs.jpg,keep,"grey Crocs clogs worn POV, forest",included,
File:31.CalvinVollrath.SFLF.WDC.8jul06_(185383013).jpg,Crocs,https://commons.wikimedia.org/wiki/File:31.CalvinVollrath.SFLF.WDC.8jul06_(185383013).jpg,keep,"tan Crocs clog worn, indoor by chair",included,
File:500px_photo_(39863248).jpeg,Crocs,https://commons.wikimedia.org/wiki/File:500px_photo_(39863248).jpeg,reject,sign / retail / group / slide sandal,excluded,rejected at screening
File:A_Crocs_Black_Slippers.jpg,Crocs,https://commons.wikimedia.org/wiki/File:A_Crocs_Black_Slippers.jpg,reject,sign / retail / group / slide sandal,excluded,rejected at screening
File:American_flag_crocs.jpg,Crocs,https://commons.wikimedia.org/wiki/File:American_flag_crocs.jpg,reject,sign / retail / group / slide sandal,excluded,rejected at screening
"File:Beco_do_Maldonado,_Lisbon,_May_2017_(06).JPG",Crocs,"https://commons.wikimedia.org/wiki/File:Beco_do_Maldonado,_Lisbon,_May_2017_(06).JPG",reject,sign / retail / group / slide sandal,excluded,rejected at screening
File:Boywithcrocs.jpg,Crocs,https://commons.wikimedia.org/wiki/File:Boywithcrocs.jpg,keep,"grey Crocs clogs worn, dim indoor",included,
File:Burg_Herzberg_2017_(DSC_0684)_(36428609405).jpg,Crocs,https://commons.wikimedia.org/wiki/File:Burg_Herzberg_2017_(DSC_0684)_(36428609405).jpg,reject,sign / retail / group / slide sandal,excluded,rejected at screening
File:Chalk-Sidewalk-Art-0094.jpg,Crocs,https://commons.wikimedia.org/wiki/File:Chalk-Sidewalk-Art-0094.jpg,reject,sign / retail / group / slide sandal,excluded,rejected at screening
File:Christmas_in_Nazareth_16.jpg,Crocs,https://commons.wikimedia.org/wiki/File:Christmas_in_Nazareth_16.jpg,reject,sign / retail / group / slide sandal,excluded,rejected at screening
File:ColorfulCrocs.jpg,Crocs,https://commons.wikimedia.org/wiki/File:ColorfulCrocs.jpg,reject,sign / retail / group / slide sandal,excluded,rejected at screening
File:Croc_flower_(526153908).jpg,Crocs,https://commons.wikimedia.org/wiki/File:Croc_flower_(526153908).jpg,reject,sign / retail / group / slide sandal,excluded,rejected at screening
File:Croc_on_the_beach_-_geograph.org.uk_-_847194.jpg,Crocs,https://commons.wikimedia.org/wiki/File:Croc_on_the_beach_-_geograph.org.uk_-_847194.jpg,keep,red Crocs clog on pebble beach,included,
File:Crocs_&_hotel_tote.jpg,Crocs,https://commons.wikimedia.org/wiki/File:Crocs_&_hotel_tote.jpg,reject,sign / retail / group / slide sandal,excluded,rejected at screening
File:Crocs_-_2025-07-15.jpg,Crocs,https://commons.wikimedia.org/wiki/File:Crocs_-_2025-07-15.jpg,reject,sign / retail / group / slide sandal,excluded,rejected at screening
File:Crocs_-_2025-08-14.jpg,Crocs,https://commons.wikimedia.org/wiki/File:Crocs_-_2025-08-14.jpg,keep,"navy Crocband clog worn, train floor",included,
File:Crocs_-_IMG_1273_-_8105495088.jpg,Crocs,https://commons.wikimedia.org/wiki/File:Crocs_-_IMG_1273_-_8105495088.jpg,reject,sign / retail / group / slide sandal,excluded,rejected at screening
File:Crocs_couleur_violet.jpg,Crocs,https://commons.wikimedia.org/wiki/File:Crocs_couleur_violet.jpg,keep,"purple Crocs worn with socks, night flash",excluded,per-type cap on out-of-catalogue examples (diversity)
File:Crocs_crocband_(34601773801).jpg,Crocs,https://commons.wikimedia.org/wiki/File:Crocs_crocband_(34601773801).jpg,keep,navy Crocband clogs on floor,excluded,per-type cap on out-of-catalogue examples (diversity)
File:Crocs_escalator_safety_warning_sign.jpg,Crocs,https://commons.wikimedia.org/wiki/File:Crocs_escalator_safety_warning_sign.jpg,reject,sign / retail / group / slide sandal,excluded,rejected at screening
File:Crocs_Philippines_childrens_footwearC.jpg,Crocs,https://commons.wikimedia.org/wiki/File:Crocs_Philippines_childrens_footwearC.jpg,reject,sign / retail / group / slide sandal,excluded,rejected at screening
File:Crocs_Philippines_shoesB.jpg,Crocs,https://commons.wikimedia.org/wiki/File:Crocs_Philippines_shoesB.jpg,reject,sign / retail / group / slide sandal,excluded,rejected at screening
File:Crocs_Sandalias_2.jpg,Crocs,https://commons.wikimedia.org/wiki/File:Crocs_Sandalias_2.jpg,reject,near-dup type,excluded,rejected at screening
File:Crocs_Sandalias.jpg,Crocs,https://commons.wikimedia.org/wiki/File:Crocs_Sandalias.jpg,reject,near-dup type,excluded,rejected at screening
File:Crocs_sandals.jpg,Crocs,https://commons.wikimedia.org/wiki/File:Crocs_sandals.jpg,reject,sign / retail / group / slide sandal,excluded,rejected at screening
File:Crocs_shoes_on_Sandy_Point_beach_(9717478835).jpg,Crocs,https://commons.wikimedia.org/wiki/File:Crocs_shoes_on_Sandy_Point_beach_(9717478835).jpg,keep,navy Crocs clogs on sand,excluded,per-type cap on out-of-catalogue examples (diversity)
File:Crocs_Warning_Notice_ewenm.png,Crocs,https://commons.wikimedia.org/wiki/File:Crocs_Warning_Notice_ewenm.png,reject,stage/event / studio / retail / near-duplicate,excluded,rejected at screening
File:Crocs_white.jpg,Crocs,https://commons.wikimedia.org/wiki/File:Crocs_white.jpg,reject,stage/event / studio / retail / near-duplicate,excluded,rejected at screening
File:Crocs_with_charms.png,Crocs,https://commons.wikimedia.org/wiki/File:Crocs_with_charms.png,reject,stage/event / studio / retail / near-duplicate,excluded,rejected at screening
File:Crocs-synthetic-clogs.jpg,Crocs,https://commons.wikimedia.org/wiki/File:Crocs-synthetic-clogs.jpg,keep,black Crocs clogs on wooden floor,excluded,per-type cap on out-of-catalogue examples (diversity)
File:Crocs.JPG,Crocs,https://commons.wikimedia.org/wiki/File:Crocs.JPG,reject,stage/event / studio / retail / near-duplicate,excluded,rejected at screening
File:CrocsAccessories.jpg,Crocs,https://commons.wikimedia.org/wiki/File:CrocsAccessories.jpg,reject,stage/event / studio / retail / near-duplicate,excluded,rejected at screening
File:Dawgs_footwear_01.jpg,Crocs,https://commons.wikimedia.org/wiki/File:Dawgs_footwear_01.jpg,reject,same series as 1315,excluded,rejected at screening
File:Dawgs_footwear_02.jpg,Crocs,https://commons.wikimedia.org/wiki/File:Dawgs_footwear_02.jpg,reject,same series as 1315,excluded,rejected at screening
File:Dawgs_footwear_03.jpg,Crocs,https://commons.wikimedia.org/wiki/File:Dawgs_footwear_03.jpg,reject,same series,excluded,rejected at screening
File:Dawgs_footwear_04.jpg,Crocs,https://commons.wikimedia.org/wiki/File:Dawgs_footwear_04.jpg,reject,same series,excluded,rejected at screening
File:Dawgs_footwear_05.jpg,Crocs,https://commons.wikimedia.org/wiki/File:Dawgs_footwear_05.jpg,keep,navy clog on sandy ground by gate,excluded,per-type cap on out-of-catalogue examples (diversity)
File:Dawgs_footwear_06.jpg,Crocs,https://commons.wikimedia.org/wiki/File:Dawgs_footwear_06.jpg,reject,stage/event / studio / retail / near-duplicate,excluded,rejected at screening
"File:Doos_voor_een_paar_oranje_Crocs,_objectnr_91281-B.JPG",Crocs,"https://commons.wikimedia.org/wiki/File:Doos_voor_een_paar_oranje_Crocs,_objectnr_91281-B.JPG",reject,stage/event / studio / retail / near-duplicate,excluded,rejected at screening
File:Dr._K._K._Handa.jpg,Crocs,https://commons.wikimedia.org/wiki/File:Dr._K._K._Handa.jpg,reject,stage/event / studio / retail / near-duplicate,excluded,rejected at screening
File:Dux_rot_Ökotest.jpg,Crocs,https://commons.wikimedia.org/wiki/File:Dux_rot_Ökotest.jpg,reject,stage/event / studio / retail / near-duplicate,excluded,rejected at screening
File:Duxvielfalt_2011.jpg,Crocs,https://commons.wikimedia.org/wiki/File:Duxvielfalt_2011.jpg,reject,stage/event / studio / retail / near-duplicate,excluded,rejected at screening
File:Example_of_wear_and_tear_on_Crocs.jpg,Crocs,https://commons.wikimedia.org/wiki/File:Example_of_wear_and_tear_on_Crocs.jpg,reject,stage/event / studio / retail / near-duplicate,excluded,rejected at screening
File:Festival_des_Vieilles_Charrues_2022_-_Ibeyi_-_011.jpg,Crocs,https://commons.wikimedia.org/wiki/File:Festival_des_Vieilles_Charrues_2022_-_Ibeyi_-_011.jpg,reject,stage/event / studio / retail / near-duplicate,excluded,rejected at screening
File:Festival_des_Vieilles_Charrues_2022_-_Ibeyi_-_012.jpg,Crocs,https://commons.wikimedia.org/wiki/File:Festival_des_Vieilles_Charrues_2022_-_Ibeyi_-_012.jpg,reject,stage/event / studio / retail / near-duplicate,excluded,rejected at screening
File:Festival_des_Vieilles_Charrues_2022_-_Ibeyi_-_013.jpg,Crocs,https://commons.wikimedia.org/wiki/File:Festival_des_Vieilles_Charrues_2022_-_Ibeyi_-_013.jpg,reject,stage/event / studio / retail / near-duplicate,excluded,rejected at screening
File:Festival_des_Vieilles_Charrues_2022_-_Ibeyi_-_014.jpg,Crocs,https://commons.wikimedia.org/wiki/File:Festival_des_Vieilles_Charrues_2022_-_Ibeyi_-_014.jpg,reject,stage/event / studio / retail / near-duplicate,excluded,rejected at screening
File:Festival_des_Vieilles_Charrues_2022_-_Ibeyi_-_015.jpg,Crocs,https://commons.wikimedia.org/wiki/File:Festival_des_Vieilles_Charrues_2022_-_Ibeyi_-_015.jpg,reject,stage/event / studio / retail / near-duplicate,excluded,rejected at screening
File:Festival_des_Vieilles_Charrues_2022_-_Ibeyi_-_016.jpg,Crocs,https://commons.wikimedia.org/wiki/File:Festival_des_Vieilles_Charrues_2022_-_Ibeyi_-_016.jpg,reject,stage/event / studio / retail / near-duplicate,excluded,rejected at screening
File:Festival_des_Vieilles_Charrues_2022_-_Ibeyi_-_017.jpg,Crocs,https://commons.wikimedia.org/wiki/File:Festival_des_Vieilles_Charrues_2022_-_Ibeyi_-_017.jpg,reject,stage/event / studio / retail / near-duplicate,excluded,rejected at screening
File:Festival_des_Vieilles_Charrues_2022_-_Ibeyi_-_018.jpg,Crocs,https://commons.wikimedia.org/wiki/File:Festival_des_Vieilles_Charrues_2022_-_Ibeyi_-_018.jpg,reject,stage/event / studio / retail / near-duplicate,excluded,rejected at screening
File:Festival_des_Vieilles_Charrues_2022_-_Ibeyi_-_019.jpg,Crocs,https://commons.wikimedia.org/wiki/File:Festival_des_Vieilles_Charrues_2022_-_Ibeyi_-_019.jpg,reject,stage/event / studio / retail / near-duplicate,excluded,rejected at screening
File:Festival_des_Vieilles_Charrues_2022_-_Ibeyi_-_020.jpg,Crocs,https://commons.wikimedia.org/wiki/File:Festival_des_Vieilles_Charrues_2022_-_Ibeyi_-_020.jpg,reject,stage/event / studio / retail / near-duplicate,excluded,rejected at screening
File:Festival_des_Vieilles_Charrues_2022_-_Ibeyi_-_040.jpg,Crocs,https://commons.wikimedia.org/wiki/File:Festival_des_Vieilles_Charrues_2022_-_Ibeyi_-_040.jpg,reject,stage/event / studio / retail / near-duplicate,excluded,rejected at screening
File:Flickr_-_FaceMePLS_-_Zomercarnaval_Rotterdam_2010_(20)_(cropped).jpg,Crocs,https://commons.wikimedia.org/wiki/File:Flickr_-_FaceMePLS_-_Zomercarnaval_Rotterdam_2010_(20)_(cropped).jpg,reject,stage/event / studio / retail / near-duplicate,excluded,rejected at screening
"File:Footwear_-_Cambridge,_MA.jpg",Crocs,"https://commons.wikimedia.org/wiki/File:Footwear_-_Cambridge,_MA.jpg",keep,"tie-dye Crocs with Jibbitz, worn, dirt",excluded,per-type cap on out-of-catalogue examples (diversity)
File:Frau_mit_Hund_-_2._Juni_2019_-_Tarbeker_Moor_-_Schleswig-Holstein_-_Deutschland_(48069050861).jpg,Crocs,https://commons.wikimedia.org/wiki/File:Frau_mit_Hund_-_2._Juni_2019_-_Tarbeker_Moor_-_Schleswig-Holstein_-_Deutschland_(48069050861).jpg,reject,Crocs cap / retail / person-centric / studio,excluded,rejected at screening
File:Garden_Gnome_Girl_(7250914028).jpg,Crocs,https://commons.wikimedia.org/wiki/File:Garden_Gnome_Girl_(7250914028).jpg,reject,Crocs cap / retail / person-centric / studio,excluded,rejected at screening
File:Gavin_Magnus.png,Crocs,https://commons.wikimedia.org/wiki/File:Gavin_Magnus.png,reject,Crocs cap / retail / person-centric / studio,excluded,rejected at screening
File:Glove_(50255199342).jpg,Crocs,https://commons.wikimedia.org/wiki/File:Glove_(50255199342).jpg,reject,Crocs cap / retail / person-centric / studio,excluded,rejected at screening
File:Gummilatsche_treibt_auf_der_Wasseroberfläche_der_Donau._Wasserverschmutzung_(48676353753).jpg,Crocs,https://commons.wikimedia.org/wiki/File:Gummilatsche_treibt_auf_der_Wasseroberfläche_der_Donau._Wasserverschmutzung_(48676353753).jpg,keep,black Crocs clog alone on mossy hillside,excluded,per-type cap on out-of-catalogue examples (diversity)
File:HK_Fashion_Plastic_Clogs_n_Shoes_n_Colourful_Crocs_Footwear.JPG,Crocs,https://commons.wikimedia.org/wiki/File:HK_Fashion_Plastic_Clogs_n_Shoes_n_Colourful_Crocs_Footwear.JPG,reject,Crocs cap / retail / person-centric / studio,excluded,rejected at screening
File:Hunt_everyone_(368059968).jpg,Crocs,https://commons.wikimedia.org/wiki/File:Hunt_everyone_(368059968).jpg,reject,Crocs cap / retail / person-centric / studio,excluded,rejected at screening
File:Imitation_Crocs_Sandals.jpg,Crocs,https://commons.wikimedia.org/wiki/File:Imitation_Crocs_Sandals.jpg,reject,Crocs cap / retail / person-centric / studio,excluded,rejected at screening
File:Israel_Batch_1_(640).JPG,Crocs,https://commons.wikimedia.org/wiki/File:Israel_Batch_1_(640).JPG,reject,Crocs cap / retail / person-centric / studio,excluded,rejected at screening
File:Its_time_to_dance_-_10_(9000808527).jpg,Crocs,https://commons.wikimedia.org/wiki/File:Its_time_to_dance_-_10_(9000808527).jpg,reject,Crocs cap / retail / person-centric / studio,excluded,rejected at screening
File:Jibbitz.jpg,Crocs,https://commons.wikimedia.org/wiki/File:Jibbitz.jpg,reject,Crocs cap / retail / person-centric / studio,excluded,rejected at screening
File:Kaepa_(43787087650).jpg,Crocs,https://commons.wikimedia.org/wiki/File:Kaepa_(43787087650).jpg,reject,Crocs cap / retail / person-centric / studio,excluded,rejected at screening
File:Kamakura_Beach_Aug-2009_-_panoramio_(3).jpg,Crocs,https://commons.wikimedia.org/wiki/File:Kamakura_Beach_Aug-2009_-_panoramio_(3).jpg,reject,Crocs cap / retail / person-centric / studio,excluded,rejected at screening
File:Kids_at_the_Warf_of_Banate.JPG,Crocs,https://commons.wikimedia.org/wiki/File:Kids_at_the_Warf_of_Banate.JPG,reject,Crocs cap / retail / person-centric / studio,excluded,rejected at screening
File:Left_Croc_Pink_(4670371584).jpg,Crocs,https://commons.wikimedia.org/wiki/File:Left_Croc_Pink_(4670371584).jpg,reject,Crocs cap / retail / person-centric / studio,excluded,rejected at screening
File:LINKSHARE_母の日・父の日_ギフトフェア2016-2_(25894716475).jpg,Crocs,https://commons.wikimedia.org/wiki/File:LINKSHARE_母の日・父の日_ギフトフェア2016-2_(25894716475).jpg,reject,Crocs cap / retail / person-centric / studio,excluded,rejected at screening
File:Manteros_en_Florida.jpg,Crocs,https://commons.wikimedia.org/wiki/File:Manteros_en_Florida.jpg,reject,Crocs cap / retail / person-centric / studio,excluded,rejected at screening
File:Memorial_at_Alberta_Legislature_(51213596526).jpg,Crocs,https://commons.wikimedia.org/wiki/File:Memorial_at_Alberta_Legislature_(51213596526).jpg,reject,Crocs cap / retail / person-centric / studio,excluded,rejected at screening
File:Memorial_at_Alberta_Legislature_(51214371044).jpg,Crocs,https://commons.wikimedia.org/wiki/File:Memorial_at_Alberta_Legislature_(51214371044).jpg,reject,Crocs cap / retail / person-centric / studio,excluded,rejected at screening
File:Memorial_at_Alberta_Legislature_(51214373199).jpg,Crocs,https://commons.wikimedia.org/wiki/File:Memorial_at_Alberta_Legislature_(51214373199).jpg,reject,Crocs cap / retail / person-centric / studio,excluded,rejected at screening
File:Mind_your_toes_signage_in_MTR.JPG,Crocs,https://commons.wikimedia.org/wiki/File:Mind_your_toes_signage_in_MTR.JPG,reject,Crocs cap / retail / person-centric / studio,excluded,rejected at screening
File:P2060240B.JPG,Crocs,https://commons.wikimedia.org/wiki/File:P2060240B.JPG,reject,Crocs cap / retail / person-centric / studio,excluded,rejected at screening
"File:Paar_oranje_Jackson_Pollock_Crocs,_objectnr_91281-A.1-2.JPG",Crocs,"https://commons.wikimedia.org/wiki/File:Paar_oranje_Jackson_Pollock_Crocs,_objectnr_91281-A.1-2.JPG",reject,Crocs cap / retail / person-centric / studio,excluded,rejected at screening
File:Pete_in_garden_chair_01.jpg,Crocs,https://commons.wikimedia.org/wiki/File:Pete_in_garden_chair_01.jpg,reject,Crocs cap / retail / person-centric / studio,excluded,rejected at screening
File:Petit_chat_dans_une_chaussure.jpg,Crocs,https://commons.wikimedia.org/wiki/File:Petit_chat_dans_une_chaussure.jpg,keep,kitten sitting in blue Crocs clog,excluded,per-type cap on out-of-catalogue examples (diversity)
File:PhotoContest53_(19971737652).jpg,Crocs,https://commons.wikimedia.org/wiki/File:PhotoContest53_(19971737652).jpg,reject,Crocs cap / retail / person-centric / studio,excluded,rejected at screening
File:Pink_Crocs_(1001349).jpg,Crocs,https://commons.wikimedia.org/wiki/File:Pink_Crocs_(1001349).jpg,reject,Crocs cap / retail / person-centric / studio,excluded,rejected at screening
File:Pink_Water_Crocs_(2671592700).jpg,Crocs,https://commons.wikimedia.org/wiki/File:Pink_Water_Crocs_(2671592700).jpg,reject,Crocs cap / retail / person-centric / studio,excluded,rejected at screening
File:Pool_with_lane_lines_and_a_boy_and_girl_standing_next_to_each_other_on_swimsuits_with_a_girl_peeking_over_the_other_girls_shoulder_and_one_with_a_swim_cap_on.jpg,Crocs,https://commons.wikimedia.org/wiki/File:Pool_with_lane_lines_and_a_boy_and_girl_standing_next_to_each_other_on_swimsuits_with_a_girl_peeking_over_the_other_girls_shoulder_and_one_with_a_swim_cap_on.jpg,reject,Crocs cap / retail / person-centric / studio,excluded,rejected at screening
File:Rain_coat_(3705441959).jpg,Crocs,https://commons.wikimedia.org/wiki/File:Rain_coat_(3705441959).jpg,reject,Crocs cap / retail / person-centric / studio,excluded,rejected at screening
File:Ron_Jeremy_AVN_Adult_Entertainment_Expo_2010_(1).jpg,Crocs,https://commons.wikimedia.org/wiki/File:Ron_Jeremy_AVN_Adult_Entertainment_Expo_2010_(1).jpg,reject,Crocs cap / retail / person-centric / studio,excluded,rejected at screening
File:SA-CC-23.jpg,Crocs,https://commons.wikimedia.org/wiki/File:SA-CC-23.jpg,reject,Crocs cap / retail / person-centric / studio,excluded,rejected at screening
File:Salzburger_Hochschulwoche_2022_(52260601353).jpg,Crocs,https://commons.wikimedia.org/wiki/File:Salzburger_Hochschulwoche_2022_(52260601353).jpg,reject,Crocs cap / retail / person-centric / studio,excluded,rejected at screening
File:Sandalias_Kemo.jpg,Crocs,https://commons.wikimedia.org/wiki/File:Sandalias_Kemo.jpg,reject,Crocs cap / retail / person-centric / studio,excluded,rejected at screening
File:Shoe_Reference_-50_(51996287989).jpg,Crocs,https://commons.wikimedia.org/wiki/File:Shoe_Reference_-50_(51996287989).jpg,keep,"black Crocs worn with socks, walking on dirt",excluded,per-type cap on out-of-catalogue examples (diversity)
File:Shoe_Reference_-57_(51996558735).jpg,Crocs,https://commons.wikimedia.org/wiki/File:Shoe_Reference_-57_(51996558735).jpg,reject,Crocs cap / retail / person-centric / studio,excluded,rejected at screening
File:Single_croc.jpg,Crocs,https://commons.wikimedia.org/wiki/File:Single_croc.jpg,reject,Crocs cap / retail / person-centric / studio,excluded,rejected at screening
File:SNIP_-_Lost_shoe_(6227398139).png,Crocs,https://commons.wikimedia.org/wiki/File:SNIP_-_Lost_shoe_(6227398139).png,reject,Crocs cap / retail / person-centric / studio,excluded,rejected at screening
File:Takalman_Soso.jpg,Crocs,https://commons.wikimedia.org/wiki/File:Takalman_Soso.jpg,reject,Crocs cap / retail / person-centric / studio,excluded,rejected at screening
File:Take_these_infernal_clogs!_(6429877271).jpg,Crocs,https://commons.wikimedia.org/wiki/File:Take_these_infernal_clogs!_(6429877271).jpg,reject,Crocs cap / retail / person-centric / studio,excluded,rejected at screening
File:USMC-090608-M-9234B-151.jpg,Crocs,https://commons.wikimedia.org/wiki/File:USMC-090608-M-9234B-151.jpg,reject,same series / b/w edit / Crocs cap / person-centric,excluded,rejected at screening
File:Vision_impaired_pedestrian_on_Braille_trail_Reddacliff_Place_George_St_Brisbane_P1390733.jpg,Crocs,https://commons.wikimedia.org/wiki/File:Vision_impaired_pedestrian_on_Braille_trail_Reddacliff_Place_George_St_Brisbane_P1390733.jpg,reject,same series / b/w edit / Crocs cap / person-centric,excluded,rejected at screening
File:Wuppertal_Schöne_Gasse_0001.jpg,Crocs,https://commons.wikimedia.org/wiki/File:Wuppertal_Schöne_Gasse_0001.jpg,reject,same series / b/w edit / Crocs cap / person-centric,excluded,rejected at screening
"File:Young_Man_wearing_off_brand_Crocs,_March_2024.jpg",Crocs,"https://commons.wikimedia.org/wiki/File:Young_Man_wearing_off_brand_Crocs,_March_2024.jpg",reject,same series / b/w edit / Crocs cap / person-centric,excluded,rejected at screening
File:Юний_мандрівник_на_Золотому_Розі..jpg,Crocs,https://commons.wikimedia.org/wiki/File:Юний_мандрівник_на_Золотому_Розі..jpg,reject,same series / b/w edit / Crocs cap / person-centric,excluded,rejected at screening
File:しゃぼん玉おしまい_(50359265862).jpg,Crocs,https://commons.wikimedia.org/wiki/File:しゃぼん玉おしまい_(50359265862).jpg,reject,same series / b/w edit / Crocs cap / person-centric,excluded,rejected at screening
File:タンクトップ・作業着での_ご入場禁止_(28492379697).jpg,Crocs,https://commons.wikimedia.org/wiki/File:タンクトップ・作業着での_ご入場禁止_(28492379697).jpg,reject,same series / b/w edit / Crocs cap / person-centric,excluded,rejected at screening
File:ベーゴマ_(15443874755).jpg,Crocs,https://commons.wikimedia.org/wiki/File:ベーゴマ_(15443874755).jpg,reject,same series / b/w edit / Crocs cap / person-centric,excluded,rejected at screening
File:メイクタッチアップサービス_2011_(5702001979).jpg,Crocs,https://commons.wikimedia.org/wiki/File:メイクタッチアップサービス_2011_(5702001979).jpg,reject,same series / b/w edit / Crocs cap / person-centric,excluded,rejected at screening
File:ラジオ体操_2011-08_(6030579202).jpg,Crocs,https://commons.wikimedia.org/wiki/File:ラジオ体操_2011-08_(6030579202).jpg,reject,same series / b/w edit / Crocs cap / person-centric,excluded,rejected at screening
File:百均のクロックス風サンダル_250円_(32934592948).jpg,Crocs,https://commons.wikimedia.org/wiki/File:百均のクロックス風サンダル_250円_(32934592948).jpg,reject,same series / b/w edit / Crocs cap / person-centric,excluded,rejected at screening
File:SAKIKO_-_How_to_grip_a_tennis_racket._(42976710011).jpg,Sakiko Miki wearing blue Crocs,https://commons.wikimedia.org/wiki/File:SAKIKO_-_How_to_grip_a_tennis_racket._(42976710011).jpg,reject,same series / b/w edit / Crocs cap / person-centric,excluded,rejected at screening
File:SAKIKO_-_Look_at_that!_(42054371800).jpg,Sakiko Miki wearing blue Crocs,https://commons.wikimedia.org/wiki/File:SAKIKO_-_Look_at_that!_(42054371800).jpg,reject,same series / b/w edit / Crocs cap / person-centric,excluded,rejected at screening
File:SAKIKO_-_On_a_pedestrian_overpass._(29993314038).jpg,Sakiko Miki wearing blue Crocs,https://commons.wikimedia.org/wiki/File:SAKIKO_-_On_a_pedestrian_overpass._(29993314038).jpg,reject,same series / b/w edit / Crocs cap / person-centric,excluded,rejected at screening
File:SAKURAKO_and_SAKIKO_-_Bon_Festival_dance_(29993254718).jpg,Sakiko Miki wearing blue Crocs,https://commons.wikimedia.org/wiki/File:SAKURAKO_and_SAKIKO_-_Bon_Festival_dance_(29993254718).jpg,reject,same series / b/w edit / Crocs cap / person-centric,excluded,rejected at screening
File:Ack_Ibanez_holding_flames.jpg,Nike Air Max 97,https://commons.wikimedia.org/wiki/File:Ack_Ibanez_holding_flames.jpg,reject,same series / b/w edit / Crocs cap / person-centric,excluded,rejected at screening
File:Air_Max_97_flash_photo.jpg,Nike Air Max 97,https://commons.wikimedia.org/wiki/File:Air_Max_97_flash_photo.jpg,reject,near-studio black bg,excluded,rejected at screening
File:Air_Max_97.jpg,Nike Air Max 97,https://commons.wikimedia.org/wiki/File:Air_Max_97.jpg,keep,silver Air Max 97 on red Nike box,included,
File:Nike_Air_Max_97_Black.jpg,Nike Air Max 97,https://commons.wikimedia.org/wiki/File:Nike_Air_Max_97_Black.jpg,keep,Air Max 97 animal print on box,included,
File:Nike_Air_Max_97.jpg,Nike Air Max 97,https://commons.wikimedia.org/wiki/File:Nike_Air_Max_97.jpg,reject,retail shelf,excluded,rejected at screening
File:3eposition.jpg,Pointe shoes on feet,https://commons.wikimedia.org/wiki/File:3eposition.jpg,keep,"pointe shoes on feet, wooden floor, fifth position",included,
File:Ballerina_(48125757447).jpg,Pointe shoes on feet,https://commons.wikimedia.org/wiki/File:Ballerina_(48125757447).jpg,keep,"dancer tying pointe shoe ribbons, seated",included,
File:Ballet_de_Monterrey_Bailarina.png,Pointe shoes on feet,https://commons.wikimedia.org/wiki/File:Ballet_de_Monterrey_Bailarina.png,reject,b/w,excluded,rejected at screening
File:Ballet_feet_1st_position.png,Pointe shoes on feet,https://commons.wikimedia.org/wiki/File:Ballet_feet_1st_position.png,reject,same series / b/w edit / Crocs cap / person-centric,excluded,rejected at screening
File:Ballet_feet_2nd_position.png,Pointe shoes on feet,https://commons.wikimedia.org/wiki/File:Ballet_feet_2nd_position.png,reject,same series / b/w edit / Crocs cap / person-centric,excluded,rejected at screening
File:Ballet_feet_3rd_position.png,Pointe shoes on feet,https://commons.wikimedia.org/wiki/File:Ballet_feet_3rd_position.png,reject,same series / b/w edit / Crocs cap / person-centric,excluded,rejected at screening
File:Ballet_feet_5th_position.png,Pointe shoes on feet,https://commons.wikimedia.org/wiki/File:Ballet_feet_5th_position.png,reject,same series / b/w edit / Crocs cap / person-centric,excluded,rejected at screening
File:Ballet_feet_6th_position.png,Pointe shoes on feet,https://commons.wikimedia.org/wiki/File:Ballet_feet_6th_position.png,keep,"pointe shoes on feet, wooden floor, front view",included,
File:Ballet_feet_7th_position.png,Pointe shoes on feet,https://commons.wikimedia.org/wiki/File:Ballet_feet_7th_position.png,reject,same series / b/w edit / Crocs cap / person-centric,excluded,rejected at screening
File:Ballet_feet_closed_4th_position.png,Pointe shoes on feet,https://commons.wikimedia.org/wiki/File:Ballet_feet_closed_4th_position.png,reject,same series / b/w edit / Crocs cap / person-centric,excluded,rejected at screening
File:Ballet_feet_open_4th_position.png,Pointe shoes on feet,https://commons.wikimedia.org/wiki/File:Ballet_feet_open_4th_position.png,reject,same series / b/w edit / Crocs cap / person-centric,excluded,rejected at screening
File:Ballet_pointe_shoes.jpg,Pointe shoes on feet,https://commons.wikimedia.org/wiki/File:Ballet_pointe_shoes.jpg,keep,"pointe shoes en pointe, dark background",included,
File:Ballet_shoes_(Russian_ballet_school_М._Исаева)_bw.jpg,Pointe shoes on feet,https://commons.wikimedia.org/wiki/File:Ballet_shoes_(Russian_ballet_school_М._Исаева)_bw.jpg,reject,same series / b/w edit / Crocs cap / person-centric,excluded,rejected at screening
File:Ballet_shoes_(Russian_ballet_school_М._Исаева).jpg,Pointe shoes on feet,https://commons.wikimedia.org/wiki/File:Ballet_shoes_(Russian_ballet_school_М._Исаева).jpg,reject,same series / b/w edit / Crocs cap / person-centric,excluded,rejected at screening
File:Ballet_Slippers_(193304933).jpeg,Pointe shoes on feet,https://commons.wikimedia.org/wiki/File:Ballet_Slippers_(193304933).jpeg,reject,same series / b/w edit / Crocs cap / person-centric,excluded,rejected at screening
File:Ballettschule_Zürich_Com_L27-0249-0005-0001.jpg,Pointe shoes on feet,https://commons.wikimedia.org/wiki/File:Ballettschule_Zürich_Com_L27-0249-0005-0001.jpg,reject,same series / b/w edit / Crocs cap / person-centric,excluded,rejected at screening
File:Ballettschule_Zürich_Com_L27-0249-0005-0003.jpg,Pointe shoes on feet,https://commons.wikimedia.org/wiki/File:Ballettschule_Zürich_Com_L27-0249-0005-0003.jpg,reject,same series / b/w edit / Crocs cap / person-centric,excluded,rejected at screening
File:Cinquième_pointes.PNG,Pointe shoes on feet,https://commons.wikimedia.org/wiki/File:Cinquième_pointes.PNG,keep,"peach pointe shoes on feet, warm light",included,
File:Dancing_Feet_(193003991).jpeg,Pointe shoes on feet,https://commons.wikimedia.org/wiki/File:Dancing_Feet_(193003991).jpeg,reject,same series / b/w edit / Crocs cap / person-centric,excluded,rejected at screening
File:Danza_che_passione_-_panoramio.jpg,Pointe shoes on feet,https://commons.wikimedia.org/wiki/File:Danza_che_passione_-_panoramio.jpg,reject,same series / b/w edit / Crocs cap / person-centric,excluded,rejected at screening
File:DE_PUNTAS_EN_PIE.jpg,Pointe shoes on feet,https://commons.wikimedia.org/wiki/File:DE_PUNTAS_EN_PIE.jpg,reject,pointe cap / b/w / diagram / x-ray / museum / monument,excluded,rejected at screening
File:En_pointe_ballet_dancer_closeup.jpg,Pointe shoes on feet,https://commons.wikimedia.org/wiki/File:En_pointe_ballet_dancer_closeup.jpg,reject,pointe cap / b/w / diagram / x-ray / museum / monument,excluded,rejected at screening
File:En_Pointe.jpg,Pointe shoes on feet,https://commons.wikimedia.org/wiki/File:En_Pointe.jpg,reject,pointe cap / b/w / diagram / x-ray / museum / monument,excluded,rejected at screening
File:English_Ballet_(997009453498605171.jpg,Pointe shoes on feet,https://commons.wikimedia.org/wiki/File:English_Ballet_(997009453498605171.jpg,reject,pointe cap / b/w / diagram / x-ray / museum / monument,excluded,rejected at screening
File:EnPointeFoot.jpg,Pointe shoes on feet,https://commons.wikimedia.org/wiki/File:EnPointeFoot.jpg,reject,pointe cap / b/w / diagram / x-ray / museum / monument,excluded,rejected at screening
"File:Lubo_Kristek,2007,Requiem_fur_Mobiltelephone,Wien.jpg",Pointe shoes on feet,"https://commons.wikimedia.org/wiki/File:Lubo_Kristek,2007,Requiem_fur_Mobiltelephone,Wien.jpg",reject,pointe cap / b/w / diagram / x-ray / museum / monument,excluded,rejected at screening
File:Meitar_Collection_(997009453438905171.jpg,Pointe shoes on feet,https://commons.wikimedia.org/wiki/File:Meitar_Collection_(997009453438905171.jpg,reject,pointe cap / b/w / diagram / x-ray / museum / monument,excluded,rejected at screening
File:Meitar_Collection_(997009453439005171.jpg,Pointe shoes on feet,https://commons.wikimedia.org/wiki/File:Meitar_Collection_(997009453439005171.jpg,reject,pointe cap / b/w / diagram / x-ray / museum / monument,excluded,rejected at screening
File:Meitar_Collection_(997009453439105171.jpg,Pointe shoes on feet,https://commons.wikimedia.org/wiki/File:Meitar_Collection_(997009453439105171.jpg,reject,pointe cap / b/w / diagram / x-ray / museum / monument,excluded,rejected at screening
File:Parts-of-a-point-shoe.png,Pointe shoes on feet,https://commons.wikimedia.org/wiki/File:Parts-of-a-point-shoe.png,reject,pointe cap / b/w / diagram / x-ray / museum / monument,excluded,rejected at screening
File:PikiWiki_Israel_45574_Middle_movement.JPG,Pointe shoes on feet,https://commons.wikimedia.org/wiki/File:PikiWiki_Israel_45574_Middle_movement.JPG,reject,pointe cap / b/w / diagram / x-ray / museum / monument,excluded,rejected at screening
File:Pointe_(85011841).jpeg,Pointe shoes on feet,https://commons.wikimedia.org/wiki/File:Pointe_(85011841).jpeg,reject,pointe cap / b/w / diagram / x-ray / museum / monument,excluded,rejected at screening
File:Pointe_shoe_construction.png,Pointe shoes on feet,https://commons.wikimedia.org/wiki/File:Pointe_shoe_construction.png,reject,pointe cap / b/w / diagram / x-ray / museum / monument,excluded,rejected at screening
File:Pointeshoe1.jpg,Pointe shoes on feet,https://commons.wikimedia.org/wiki/File:Pointeshoe1.jpg,reject,pointe cap / b/w / diagram / x-ray / museum / monument,excluded,rejected at screening
File:PointeShoes-Heels.jpg,Pointe shoes on feet,https://commons.wikimedia.org/wiki/File:PointeShoes-Heels.jpg,reject,pointe cap / b/w / diagram / x-ray / museum / monument,excluded,rejected at screening
File:PointeShoes.jpg,Pointe shoes on feet,https://commons.wikimedia.org/wiki/File:PointeShoes.jpg,reject,pointe cap / b/w / diagram / x-ray / museum / monument,excluded,rejected at screening
File:Pointeshoes.png,Pointe shoes on feet,https://commons.wikimedia.org/wiki/File:Pointeshoes.png,reject,pointe cap / b/w / diagram / x-ray / museum / monument,excluded,rejected at screening
File:Première_pointes.PNG,Pointe shoes on feet,https://commons.wikimedia.org/wiki/File:Première_pointes.PNG,reject,pointe cap / b/w / diagram / x-ray / museum / monument,excluded,rejected at screening
File:Preparation_(48178695071).jpg,Pointe shoes on feet,https://commons.wikimedia.org/wiki/File:Preparation_(48178695071).jpg,reject,pointe cap / b/w / diagram / x-ray / museum / monument,excluded,rejected at screening
File:Puntas_ballet.jpg,Pointe shoes on feet,https://commons.wikimedia.org/wiki/File:Puntas_ballet.jpg,reject,pointe cap / b/w / diagram / x-ray / museum / monument,excluded,rejected at screening
File:Sebastien's_pointes.jpg,Pointe shoes on feet,https://commons.wikimedia.org/wiki/File:Sebastien's_pointes.jpg,reject,pointe cap / b/w / diagram / x-ray / museum / monument,excluded,rejected at screening
File:Seconde_pointes.PNG,Pointe shoes on feet,https://commons.wikimedia.org/wiki/File:Seconde_pointes.PNG,reject,pointe cap / b/w / diagram / x-ray / museum / monument,excluded,rejected at screening
File:The_dangers_of_dancing_on_dead_pointe_shoes.jpg,Pointe shoes on feet,https://commons.wikimedia.org/wiki/File:The_dangers_of_dancing_on_dead_pointe_shoes.jpg,reject,pointe cap / b/w / diagram / x-ray / museum / monument,excluded,rejected at screening
"File:Vive_para_bailar,_baila_para_vivir.jpg",Pointe shoes on feet,"https://commons.wikimedia.org/wiki/File:Vive_para_bailar,_baila_para_vivir.jpg",reject,pointe cap / b/w / diagram / x-ray / museum / monument,excluded,rejected at screening
File:Xero_pied_danseuse.jpg,Pointe shoes on feet,https://commons.wikimedia.org/wiki/File:Xero_pied_danseuse.jpg,reject,pointe cap / b/w / diagram / x-ray / museum / monument,excluded,rejected at screening
File:2007_World_Figure_Skating_Championships.jpg,Figure skates,https://commons.wikimedia.org/wiki/File:2007_World_Figure_Skating_Championships.jpg,reject,pointe cap / b/w / diagram / x-ray / museum / monument,excluded,rejected at screening
File:2009_dd_day_40.00.JPG,Figure skates,https://commons.wikimedia.org/wiki/File:2009_dd_day_40.00.JPG,reject,pointe cap / b/w / diagram / x-ray / museum / monument,excluded,rejected at screening
File:American_Athletic_Figure_Skate.jpg,Figure skates,https://commons.wikimedia.org/wiki/File:American_Athletic_Figure_Skate.jpg,keep,white figure skates on moss with pine cone,included,
File:Buck_Schlittschuhe_MHQ.jpg,Figure skates,https://commons.wikimedia.org/wiki/File:Buck_Schlittschuhe_MHQ.jpg,reject,pointe cap / b/w / diagram / x-ray / museum / monument,excluded,rejected at screening
"File:Bundesarchiv_Bild_183-79630-0003,_Bodo_Bockenauer.jpg",Figure skates,"https://commons.wikimedia.org/wiki/File:Bundesarchiv_Bild_183-79630-0003,_Bodo_Bockenauer.jpg",reject,pointe cap / b/w / diagram / x-ray / museum / monument,excluded,rejected at screening
File:Drehtag_Spielfilm_Die_Anfängerin_(12).jpg,Figure skates,https://commons.wikimedia.org/wiki/File:Drehtag_Spielfilm_Die_Anfängerin_(12).jpg,keep,hands lacing white figure skates,included,
File:Figure_skate_---_build.jpg,Figure skates,https://commons.wikimedia.org/wiki/File:Figure_skate_---_build.jpg,reject,pointe cap / b/w / diagram / x-ray / museum / monument,excluded,rejected at screening
File:Figure_skates_(16116953908).jpg,Figure skates,https://commons.wikimedia.org/wiki/File:Figure_skates_(16116953908).jpg,keep,"worn brown leather skates, close",included,
File:Figure_Skates.jpg,Figure skates,https://commons.wikimedia.org/wiki/File:Figure_Skates.jpg,keep,white skates on autumn leaves,included,
File:Figure_skating_shoes_signed_by_Kim_Yu-Na.jpg,Figure skates,https://commons.wikimedia.org/wiki/File:Figure_skating_shoes_signed_by_Kim_Yu-Na.jpg,reject,pointe cap / b/w / diagram / x-ray / museum / monument,excluded,rejected at screening
File:Figure-skates-1.jpg,Figure skates,https://commons.wikimedia.org/wiki/File:Figure-skates-1.jpg,keep,white skates on blue cloth,included,
File:Figure-skates-2.jpg,Figure skates,https://commons.wikimedia.org/wiki/File:Figure-skates-2.jpg,reject,pointe cap / b/w / diagram / x-ray / museum / monument,excluded,rejected at screening
File:Figuresukate-edge-left-back-.jpg,Figure skates,https://commons.wikimedia.org/wiki/File:Figuresukate-edge-left-back-.jpg,reject,pointe cap / b/w / diagram / x-ray / museum / monument,excluded,rejected at screening
File:Ice_Skates_(6625045137).jpg,Figure skates,https://commons.wikimedia.org/wiki/File:Ice_Skates_(6625045137).jpg,reject,pointe cap / b/w / diagram / x-ray / museum / monument,excluded,rejected at screening
File:Iceskates_and_rollerskates_4556686064_2a24e3edf0_z.jpg,Figure skates,https://commons.wikimedia.org/wiki/File:Iceskates_and_rollerskates_4556686064_2a24e3edf0_z.jpg,keep,white quad roller skates on concrete floor,included,
"File:Kristi_Yamaguchi’s_Figure_Skates,_1990’s.jpg",Figure skates,"https://commons.wikimedia.org/wiki/File:Kristi_Yamaguchi’s_Figure_Skates,_1990’s.jpg",reject,studio / advert / archive / near-duplicate / same series,excluded,rejected at screening
File:Marilyn_Ruth_Take_1948.jpg,Figure skates,https://commons.wikimedia.org/wiki/File:Marilyn_Ruth_Take_1948.jpg,reject,studio / advert / archive / near-duplicate / same series,excluded,rejected at screening
File:RR5216-0003R_Первая_золотая_медаль.png,Figure skates,https://commons.wikimedia.org/wiki/File:RR5216-0003R_Первая_золотая_медаль.png,reject,studio / advert / archive / near-duplicate / same series,excluded,rejected at screening
"File:Schaatsen,_rondrijschaatsen.jpg",Figure skates,"https://commons.wikimedia.org/wiki/File:Schaatsen,_rondrijschaatsen.jpg",reject,studio / advert / archive / near-duplicate / same series,excluded,rejected at screening
File:Suzanne_Morrow_1947.jpg,Figure skates,https://commons.wikimedia.org/wiki/File:Suzanne_Morrow_1947.jpg,reject,studio / advert / archive / near-duplicate / same series,excluded,rejected at screening
File:Suzanne_Morrow_and_Wally_Diestelmeyer_1948.jpg,Figure skates,https://commons.wikimedia.org/wiki/File:Suzanne_Morrow_and_Wally_Diestelmeyer_1948.jpg,reject,studio / advert / archive / near-duplicate / same series,excluded,rejected at screening
File:Used_figure_skate_boots_-_01.jpg,Figure skates,https://commons.wikimedia.org/wiki/File:Used_figure_skate_boots_-_01.jpg,keep,old white figure skates in snow,excluded,per-type cap on out-of-catalogue examples (diversity)
File:Used_figure_skate_boots_-_02.jpg,Figure skates,https://commons.wikimedia.org/wiki/File:Used_figure_skate_boots_-_02.jpg,reject,same series as 1461,excluded,rejected at screening
File:Used_figure_skate_boots_-_03.jpg,Figure skates,https://commons.wikimedia.org/wiki/File:Used_figure_skate_boots_-_03.jpg,reject,same series,excluded,rejected at screening
File:Used_figure_skate_boots_-_04.jpg,Figure skates,https://commons.wikimedia.org/wiki/File:Used_figure_skate_boots_-_04.jpg,reject,same series,excluded,rejected at screening
File:White_figure_skates_1.jpg,Figure skates,https://commons.wikimedia.org/wiki/File:White_figure_skates_1.jpg,keep,white skates worn POV,excluded,per-type cap on out-of-catalogue examples (diversity)
File:White_figure_skates.jpg,Figure skates,https://commons.wikimedia.org/wiki/File:White_figure_skates.jpg,keep,white skates on sand,excluded,per-type cap on out-of-catalogue examples (diversity)
File:下駄スケート.jpg,Figure skates,https://commons.wikimedia.org/wiki/File:下駄スケート.jpg,reject,studio / advert / archive / near-duplicate / same series,excluded,rejected at screening
File:Freestyle_Current.jpg,Reebok Freestyle,https://commons.wikimedia.org/wiki/File:Freestyle_Current.jpg,reject,studio / advert / archive / near-duplicate / same series,excluded,rejected at screening
File:Freestyle_Neon_1985.JPG,Reebok Freestyle,https://commons.wikimedia.org/wiki/File:Freestyle_Neon_1985.JPG,reject,studio / advert / archive / near-duplicate / same series,excluded,rejected at screening
File:Reebok_FREESTYLE_200901.jpeg,Reebok Freestyle,https://commons.wikimedia.org/wiki/File:Reebok_FREESTYLE_200901.jpeg,reject,studio / advert / archive / near-duplicate / same series,excluded,rejected at screening
File:Reebok_FREESTYLE_200902.jpeg,Reebok Freestyle,https://commons.wikimedia.org/wiki/File:Reebok_FREESTYLE_200902.jpeg,reject,studio / advert / archive / near-duplicate / same series,excluded,rejected at screening
File:Reebok_freestyle_cropped.jpg,Reebok Freestyle,https://commons.wikimedia.org/wiki/File:Reebok_freestyle_cropped.jpg,reject,studio / advert / archive / near-duplicate / same series,excluded,rejected at screening
File:Reebok_freestyle_hight_black_002.jpg,Reebok Freestyle,https://commons.wikimedia.org/wiki/File:Reebok_freestyle_hight_black_002.jpg,reject,same series as 1474,excluded,rejected at screening
File:Reebok_freestyle_hight_black_003.jpg,Reebok Freestyle,https://commons.wikimedia.org/wiki/File:Reebok_freestyle_hight_black_003.jpg,keep,"black Freestyle Hi worn, concrete",included,
File:Reebok_freestyle_hight_black_004.jpg,Reebok Freestyle,https://commons.wikimedia.org/wiki/File:Reebok_freestyle_hight_black_004.jpg,reject,same series,excluded,rejected at screening
File:Reebok_freestyle_hight_black_005.jpg,Reebok Freestyle,https://commons.wikimedia.org/wiki/File:Reebok_freestyle_hight_black_005.jpg,reject,same series,excluded,rejected at screening
File:Reebok-Freestyle-High-Made-In-Pilippines.jpg,Reebok Freestyle,https://commons.wikimedia.org/wiki/File:Reebok-Freestyle-High-Made-In-Pilippines.jpg,reject,same series,excluded,rejected at screening
File:Reebokfreestylepink.jpg,Reebok Freestyle,https://commons.wikimedia.org/wiki/File:Reebokfreestylepink.jpg,keep,"pink Freestyle Hi worn, seated",included,
File:Reebokfreestylepink2.jpg,Reebok Freestyle,https://commons.wikimedia.org/wiki/File:Reebokfreestylepink2.jpg,reject,studio / advert / archive / near-duplicate / same series,excluded,rejected at screening
File:Reebokfreestylewhite.jpg,Reebok Freestyle,https://commons.wikimedia.org/wiki/File:Reebokfreestylewhite.jpg,keep,"white Freestyle Hi on wooden bench, hands lacing",included,
File:Reebokfreestylewhite2.jpg,Reebok Freestyle,https://commons.wikimedia.org/wiki/File:Reebokfreestylewhite2.jpg,reject,same series as 1480,excluded,rejected at screening
File:Reebokfreestylewhite3.jpg,Reebok Freestyle,https://commons.wikimedia.org/wiki/File:Reebokfreestylewhite3.jpg,reject,same series,excluded,rejected at screening
File:ReebokFreestylewhiterainbow.jpg,Reebok Freestyle,https://commons.wikimedia.org/wiki/File:ReebokFreestylewhiterainbow.jpg,keep,white Freestyle Hi with rainbow laces on pavement,included,
File:RFH_white_tonguestickout.jpg,Reebok Freestyle,https://commons.wikimedia.org/wiki/File:RFH_white_tonguestickout.jpg,reject,studio / advert / archive / near-duplicate / same series,excluded,rejected at screening
File:RFHWhite_Pink.jpg,Reebok Freestyle,https://commons.wikimedia.org/wiki/File:RFHWhite_Pink.jpg,reject,studio / advert / archive / near-duplicate / same series,excluded,rejected at screening
File:RFHwhite_polkadotlace.jpg,Reebok Freestyle,https://commons.wikimedia.org/wiki/File:RFHwhite_polkadotlace.jpg,reject,studio / advert / archive / near-duplicate / same series,excluded,rejected at screening
File:RFHwhite_polkadotlace2.jpg,Reebok Freestyle,https://commons.wikimedia.org/wiki/File:RFHwhite_polkadotlace2.jpg,reject,studio / advert / archive / near-duplicate / same series,excluded,rejected at screening
File:RFHwhite.jpg,Reebok Freestyle,https://commons.wikimedia.org/wiki/File:RFHwhite.jpg,reject,studio / advert / archive / near-duplicate / same series,excluded,rejected at screening
File:RFHwhitebluetrim.jpg,Reebok Freestyle,https://commons.wikimedia.org/wiki/File:RFHwhitebluetrim.jpg,reject,studio / advert / archive / near-duplicate / same series,excluded,rejected at screening
File:RFHwhiteorange.jpg,Reebok Freestyle,https://commons.wikimedia.org/wiki/File:RFHwhiteorange.jpg,keep,"orange Freestyle Hi worn, hand pulling tongue",excluded,per-type cap on out-of-catalogue examples (diversity)
File:YelleOrangeRFHBarcelona.jpg,Reebok Freestyle,https://commons.wikimedia.org/wiki/File:YelleOrangeRFHBarcelona.jpg,reject,studio / advert / archive / near-duplicate / same series,excluded,rejected at screening
